
> api@1.0.0 dev D:\project\oneceo.ai\oneceo\apps\api
> tsx watch src/index.ts

[OSAC_CONNECTION_MANAGER] fixed_session_mode: disable background health check

🚀 oneceo.ai API Server
━━━━━━━━━━━━━━━━━━━━━━━━━━━━━━━━━━━━━━━━━━━━━
📡 API server running on http://localhost:4000
🔌 WebSocket server running on ws://localhost:4000
🔌 Task Creation WebSocket: ws://localhost:4000/ws/task-creation
🏥 Health check: http://localhost:4000/health
━━━━━━━━━━━━━━━━━━━━━━━━━━━━━━━━━━━━━━━━━━━━━
[OSAC_PERSISTENT_RECOVER_SKIP] fixed_session_mode

✅ 数据库连接成功
[2026-02-21T07:33:41.676Z] GET /health
[WebSocket] 客户端连接: client_1771659246505_b3kt9mybz
[WebSocket] 发送消息 to client_1771659246505_b3kt9mybz: agent_message
[WebSocket] 收到消息 from client_1771659246505_b3kt9mybz: {
  type: 'opencode_input',
  sessionId: 'c9aa91ab-c781-4ebc-af1a-4637a8c7cde2',
  content: '请在一句话中汇报你当前可访问的工作目录。'
}
✅ 数据库连接成功
[OSAC_AUDIT] {"action":"OPENCODE_SERVER_ENSURE","at":"2026-02-21T07:34:06.879Z","sessionId":"sess_35ff684915754d7c","workspacePath":"/opt/.altus/opencode/workspaces/c9aa91ab-c781-4ebc-af1a-4637a8c7cde2"}
[2026-02-21T07:34:09.009Z] GET /api/task-creation/sessions
[OSAC_AUDIT] {"action":"OPENCODE_BOOTSTRAP_FALLBACK","at":"2026-02-21T07:34:26.888Z","sessionId":"sess_35ff684915754d7c","messageType":"OPENCODE_SERVER_ENSURE","expectedType":"OPENCODE_SERVER_READY","requestId":"oc_ensure_1771659246879_ys30hl"}
✅ 数据库连接成功
[OSAC_AUDIT] {"action":"OPENCODE_PROMPT_SEND","at":"2026-02-21T07:34:43.237Z","sessionId":"sess_35ff684915754d7c","opencodeSessionId":"ses_380eb37f8ffe5F5SKev4Hrmt6d","partsCount":1}
✅ 数据库连接成功
[2026-02-21T07:35:09.012Z] GET /api/task-creation/sessions
[OSAC_AUDIT] {"action":"OPENCODE_BOOTSTRAP_FALLBACK","at":"2026-02-21T07:35:38.797Z","sessionId":"sess_35ff684915754d7c","messageType":"OPENCODE_PROMPT_SEND","expectedType":"OPENCODE_PROMPT_ACCEPTED","requestId":"oc_prompt_1771659283237_dbqc0n"}
✅ 数据库连接成功
[WebSocket] 发送消息 to client_1771659246505_b3kt9mybz: opencode_event
[WebSocket] 客户端断开: client_1771659246505_b3kt9mybz
[OSAC_AUDIT] {"action":"OPENCODE_BOOTSTRAP_STREAM_START","at":"2026-02-21T07:36:00.995Z","sessionId":"sess_35ff684915754d7c","requestId":"oc_prompt_1771659283237_dbqc0n"}
[OSAC_AUDIT] {"action":"OPENCODE_BOOTSTRAP_STREAM_STOP","at":"2026-02-21T07:36:01.023Z","sessionId":"sess_35ff684915754d7c","reason":"terminal_completed"}
[OSAC_AUDIT] {"action":"OPENCODE_USER_INPUT","at":"2026-02-21T07:36:01.098Z","taskSessionId":"c9aa91ab-c781-4ebc-af1a-4637a8c7cde2","orchestratorSessionId":"sess_35ff684915754d7c","opencodeSessionId":"ses_380eb37f8ffe5F5SKev4Hrmt6d"}
[2026-02-21T07:36:09.009Z] GET /api/task-creation/sessions
[WebSocket] 客户端连接: client_1771659377825_hibqtbu7t
[WebSocket] 发送消息 to client_1771659377825_hibqtbu7t: agent_message
[WebSocket] 收到消息 from client_1771659377825_hibqtbu7t: {
  type: 'user_input',
  content: '请在当前工作区创建一个单文件 HTML 贪吃蛇游戏，文件名 snake.html，并说明运行方式。'
}
[WebSocket] 开始处理任务创建: 请在当前工作区创建一个单文件 HTML 贪吃蛇游戏，文件名 snake.html，并说明运行方式。
[TaskCreationService] 开始创建任务: 请在当前工作区创建一个单文件 HTML 贪吃蛇游戏，文件名 snake.html，并说明运行方式。
✅ 数据库连接成功
[TaskCreationService] 开始 Layer 1: 意图识别
[WebSocket] 发送消息 to client_1771659377825_hibqtbu7t: status_update
[TaskCreationService] 意图识别完成: {
  intent_type: 'software_development',
  confidence: 0.98,
  key_info: {
    target: '贪吃蛇游戏',
    scope: '单文件 HTML（包含 CSS 和 JavaScript）',
    constraints: '文件名必须为 snake.html',
    deliverables: [ 'snake.html 文件', '运行说明' ],
    tech_stack: [ 'HTML', 'CSS', 'JavaScript' ]
  },
  clarification_needed: false,
  next_agent: 'development_agent',
  action_plan: [
    '创建 snake.html 文件',
    '实现贪吃蛇游戏逻辑（画布、蛇移动、食物生成、碰撞检测、得分）',
    '添加基本样式和用户界面',
    '提供运行说明'
  ]
}
[WebSocket] 发送消息 to client_1771659377825_hibqtbu7t: agent_message
[WebSocket] 发送消息 to client_1771659377825_hibqtbu7t: status_update
[WebSocket] 发送消息 to client_1771659377825_hibqtbu7t: agent_message
[WebSocket] 发送消息 to client_1771659377825_hibqtbu7t: status_update
[2026-02-21T07:37:09.009Z] GET /api/task-creation/sessions
[TaskCreationService] 执行计划生成完成
[TaskCreationService] 执行计划已保存到数据库
[WebSocket] 发送消息 to client_1771659377825_hibqtbu7t: plan_generated
[WebSocket] 发送消息 to client_1771659377825_hibqtbu7t: status_update
[WebSocket] 发送消息 to client_1771659377825_hibqtbu7t: status_update
✅ 数据库连接成功
[WebSocket] 发送消息 to client_1771659377825_hibqtbu7t: agent_message
[OSAC_AUDIT] {"action":"OPENCODE_SERVER_ENSURE","at":"2026-02-21T07:37:37.851Z","sessionId":"sess_35ff684915754d7c","workspacePath":"/opt/.altus/opencode/workspaces/53bd88ad-674e-47e5-a46b-f390496870c0"}
[OSAC_AUDIT] {"action":"OPENCODE_BOOTSTRAP_FALLBACK","at":"2026-02-21T07:37:57.852Z","sessionId":"sess_35ff684915754d7c","messageType":"OPENCODE_SERVER_ENSURE","expectedType":"OPENCODE_SERVER_READY","requestId":"oc_ensure_1771659457851_uq0fhf"}
✅ 数据库连接成功
[2026-02-21T07:38:09.010Z] GET /api/task-creation/sessions
[OSAC_AUDIT] {"action":"OPENCODE_SESSION_CREATE","at":"2026-02-21T07:38:14.136Z","sessionId":"sess_35ff684915754d7c","workspacePath":"/opt/.altus/opencode/workspaces/53bd88ad-674e-47e5-a46b-f390496870c0"}
✅ 数据库连接成功
[2026-02-21T07:39:09.006Z] GET /api/task-creation/sessions
[OSAC_AUDIT] {"action":"OPENCODE_BOOTSTRAP_FALLBACK","at":"2026-02-21T07:39:09.752Z","sessionId":"sess_35ff684915754d7c","messageType":"OPENCODE_SESSION_CREATE","expectedType":"OPENCODE_SESSION_READY","requestId":"oc_create_1771659494136_ebssx2"}
✅ 数据库连接成功
[OSAC_AUDIT] {"action":"OPENCODE_PROMPT_SEND","at":"2026-02-21T07:39:26.223Z","sessionId":"sess_35ff684915754d7c","opencodeSessionId":"ses_380dc6a99ffeglNBir3InaKa1N","partsCount":1}
[WebSocket] 发送消息 to client_1771659377825_hibqtbu7t: opencode_event
✅ 数据库连接成功
[WebSocket] 客户端断开: client_1771659377825_hibqtbu7t
[2026-02-21T07:39:36.655Z] GET /api/task-creation/sessions/53bd88ad-674e-47e5-a46b-f390496870c0/messages
[2026-02-21T07:40:09.010Z] GET /api/task-creation/sessions
[2026-02-21T07:40:18.861Z] GET /api/task-creation/sessions/53bd88ad-674e-47e5-a46b-f390496870c0/messages
[2026-02-21T07:40:18.879Z] GET /api/task-creation/sessions/53bd88ad-674e-47e5-a46b-f390496870c0
[OSAC_AUDIT] {"action":"OPENCODE_BOOTSTRAP_FALLBACK","at":"2026-02-21T07:40:21.765Z","sessionId":"sess_35ff684915754d7c","messageType":"OPENCODE_PROMPT_SEND","expectedType":"OPENCODE_PROMPT_ACCEPTED","requestId":"oc_prompt_1771659566223_0dhkqc"}
✅ 数据库连接成功
[2026-02-21T07:40:35.737Z] GET /api/task-creation/sessions/53bd88ad-674e-47e5-a46b-f390496870c0/messages
[2026-02-21T07:41:05.771Z] GET /api/task-creation/sessions/53bd88ad-674e-47e5-a46b-f390496870c0/messages
[2026-02-21T07:41:09.009Z] GET /api/task-creation/sessions
✅ 数据库连接成功
[OSAC_AUDIT] {"action":"OPENCODE_SERVER_ENSURE","at":"2026-02-21T07:41:35.530Z","sessionId":"sess_35ff684915754d7c","workspacePath":"/opt/.altus/opencode/workspaces/53bd88ad-674e-47e5-a46b-f390496870c0"}
[OSAC_AUDIT] {"action":"OPENCODE_BOOTSTRAP_FALLBACK","at":"2026-02-21T07:41:55.532Z","sessionId":"sess_35ff684915754d7c","messageType":"OPENCODE_SERVER_ENSURE","expectedType":"OPENCODE_SERVER_READY","requestId":"oc_ensure_1771659695530_a37f3v"}
✅ 数据库连接成功
[2026-02-21T07:42:09.005Z] GET /api/task-creation/sessions
[OSAC_AUDIT] {"action":"OPENCODE_PROMPT_SEND","at":"2026-02-21T07:42:11.797Z","sessionId":"sess_35ff684915754d7c","opencodeSessionId":"ses_380dc6a99ffeglNBir3InaKa1N","partsCount":1}
✅ 数据库连接成功
[OSAC_AUDIT] {"action":"OPENCODE_BOOTSTRAP_FALLBACK","at":"2026-02-21T07:43:07.321Z","sessionId":"sess_35ff684915754d7c","messageType":"OPENCODE_PROMPT_SEND","expectedType":"OPENCODE_PROMPT_ACCEPTED","requestId":"oc_prompt_1771659731797_h2s5hi"}
✅ 数据库连接成功
[2026-02-21T07:43:09.000Z] GET /api/task-creation/sessions
[OSAC_AUDIT] {"action":"OPENCODE_BOOTSTRAP_STREAM_START","at":"2026-02-21T07:43:44.599Z","sessionId":"sess_35ff684915754d7c","requestId":"oc_prompt_1771659731797_h2s5hi"}
[OSAC_AUDIT] {"action":"OPENCODE_BOOTSTRAP_STREAM_STOP","at":"2026-02-21T07:43:44.614Z","sessionId":"sess_35ff684915754d7c","reason":"terminal_completed"}
[OSAC_AUDIT] {"action":"OPENCODE_USER_INPUT","at":"2026-02-21T07:43:44.918Z","taskSessionId":"53bd88ad-674e-47e5-a46b-f390496870c0","orchestratorSessionId":"sess_35ff684915754d7c","opencodeSessionId":"ses_380dc6a99ffeglNBir3InaKa1N"}
[WebSocket] 任务创建完成
[2026-02-21T07:44:09.000Z] GET /api/task-creation/sessions
[2026-02-21T07:45:08.998Z] GET /api/task-creation/sessions
[2026-02-21T07:46:09.004Z] GET /api/task-creation/sessions
[2026-02-21T07:47:09.009Z] GET /api/task-creation/sessions
[2026-02-21T07:48:09.009Z] GET /api/task-creation/sessions
[2026-02-21T07:49:09.000Z] GET /api/task-creation/sessions
[2026-02-21T07:50:09.011Z] GET /api/task-creation/sessions
[2026-02-21T07:51:09.008Z] GET /api/task-creation/sessions
[2026-02-21T07:52:09.005Z] GET /api/task-creation/sessions
[2026-02-21T07:53:09.008Z] GET /api/task-creation/sessions
[2026-02-21T07:54:09.006Z] GET /api/task-creation/sessions
[2026-02-21T07:55:08.999Z] GET /api/task-creation/sessions
[2026-02-21T07:56:09.010Z] GET /api/task-creation/sessions
[2026-02-21T07:57:09.008Z] GET /api/task-creation/sessions
[2026-02-21T07:58:09.011Z] GET /api/task-creation/sessions
[2026-02-21T07:59:09.004Z] GET /api/task-creation/sessions
[2026-02-21T08:00:08.999Z] GET /api/task-creation/sessions
[2026-02-21T08:01:09.004Z] GET /api/task-creation/sessions
[2026-02-21T08:02:08.998Z] GET /api/task-creation/sessions
[2026-02-21T08:03:09.011Z] GET /api/task-creation/sessions
[2026-02-21T08:04:09.008Z] GET /api/task-creation/sessions
[2026-02-21T08:05:09.001Z] GET /api/task-creation/sessions
[2026-02-21T08:06:09.000Z] GET /api/task-creation/sessions
[2026-02-21T08:07:09.004Z] GET /api/task-creation/sessions
[2026-02-21T08:08:09.012Z] GET /api/task-creation/sessions
[2026-02-21T08:09:09.007Z] GET /api/task-creation/sessions
[2026-02-21T08:10:09.004Z] GET /api/task-creation/sessions
[2026-02-21T08:11:09.012Z] GET /api/task-creation/sessions
[2026-02-21T08:12:09.008Z] GET /api/task-creation/sessions
[2026-02-21T08:13:09.011Z] GET /api/task-creation/sessions
[2026-02-21T08:14:08.998Z] GET /api/task-creation/sessions
[2026-02-21T08:15:09.001Z] GET /api/task-creation/sessions
[2026-02-21T08:16:09.003Z] GET /api/task-creation/sessions
[2026-02-21T08:17:09.006Z] GET /api/task-creation/sessions
[2026-02-21T08:18:09.005Z] GET /api/task-creation/sessions
[2026-02-21T08:19:09.008Z] GET /api/task-creation/sessions
[2026-02-21T08:20:09.001Z] GET /api/task-creation/sessions
[2026-02-21T08:21:09.005Z] GET /api/task-creation/sessions
[2026-02-21T08:22:09.012Z] GET /api/task-creation/sessions
[2026-02-21T08:23:09.012Z] GET /api/task-creation/sessions
[2026-02-21T08:24:08.997Z] GET /api/task-creation/sessions
[2026-02-21T08:25:09.012Z] GET /api/task-creation/sessions
[2026-02-21T08:26:09.012Z] GET /api/task-creation/sessions
[2026-02-21T08:27:09.002Z] GET /api/task-creation/sessions
[2026-02-21T14:14:37.381Z] GET /api/task-creation/sessions
[2026-02-21T14:14:38.629Z] GET /api/task-creation/sessions
[WebSocket] 客户端连接: client_1771683278631_yqv0qh1iw
[WebSocket] 发送消息 to client_1771683278631_yqv0qh1iw: agent_message
[2026-02-21T14:14:44.643Z] GET /api/task-creation/sessions
[2026-02-21T14:14:50.631Z] GET /api/task-creation/sessions
[2026-02-21T14:14:56.668Z] GET /api/task-creation/sessions
[2026-02-21T14:15:02.640Z] GET /api/task-creation/sessions
[2026-02-21T14:15:08.645Z] GET /api/task-creation/sessions
[2026-02-21T14:15:14.640Z] GET /api/task-creation/sessions
[2026-02-21T14:15:20.634Z] GET /api/task-creation/sessions
[2026-02-21T14:15:26.642Z] GET /api/task-creation/sessions
[2026-02-21T14:15:32.634Z] GET /api/task-creation/sessions
[2026-02-21T14:15:38.633Z] GET /api/task-creation/sessions
[2026-02-21T14:15:44.636Z] GET /api/task-creation/sessions
[2026-02-21T14:15:50.631Z] GET /api/task-creation/sessions
[2026-02-21T14:15:56.639Z] GET /api/task-creation/sessions
[2026-02-21T14:16:02.641Z] GET /api/task-creation/sessions
[2026-02-21T14:16:08.632Z] GET /api/task-creation/sessions
[2026-02-21T14:16:14.635Z] GET /api/task-creation/sessions
[2026-02-21T14:16:20.638Z] GET /api/task-creation/sessions
[2026-02-21T14:16:26.634Z] GET /api/task-creation/sessions
[WebSocket] 客户端断开: client_1771683278631_yqv0qh1iw
[WebSocket] 客户端连接: client_1771683392516_9ie7dnfwr
[WebSocket] 发送消息 to client_1771683392516_9ie7dnfwr: agent_message
[2026-02-21T14:16:32.518Z] GET /api/task-creation/sessions
[WebSocket] 收到消息 from client_1771683392516_9ie7dnfwr: { type: 'user_input', content: '我想做一个Python开发行业的市场调研' }
[WebSocket] 开始处理任务创建: 我想做一个Python开发行业的市场调研
[TaskCreationService] 开始创建任务: 我想做一个Python开发行业的市场调研
✅ 数据库连接成功
[TaskCreationService] 开始 Layer 1: 意图识别
[WebSocket] 发送消息 to client_1771683392516_9ie7dnfwr: status_update
[2026-02-21T14:16:35.062Z] GET /api/task-creation/sessions/301d179a-f57e-4761-ad19-430f8eb73809/messages
[2026-02-21T14:16:38.519Z] GET /api/task-creation/sessions
[2026-02-21T14:16:44.519Z] GET /api/task-creation/sessions
[2026-02-21T14:16:45.223Z] GET /api/task-creation/sessions/9065d819-b996-413e-81a7-0db73249375a/execution-plan
[2026-02-21T14:16:45.224Z] GET /api/task-creation/sessions/9065d819-b996-413e-81a7-0db73249375a
[2026-02-21T14:16:45.225Z] GET /api/task-creation/sessions/9065d819-b996-413e-81a7-0db73249375a/messages
[2026-02-21T14:16:45.225Z] GET /api/task-creation/sessions/9065d819-b996-413e-81a7-0db73249375a/intent
[2026-02-21T14:16:45.226Z] GET /api/task-creation/sessions/9065d819-b996-413e-81a7-0db73249375a/task-description
[2026-02-21T14:16:45.227Z] GET /api/sandbox/environment
[2026-02-21T14:16:45.228Z] GET /api/task-creation/sessions
[2026-02-21T14:16:45.605Z] GET /api/sandbox/osac/sess_35ff684915754d7c/messages
[2026-02-21T14:16:50.999Z] GET /api/task-creation/sessions
[2026-02-21T14:16:51.980Z] GET /api/task-creation/sessions
[2026-02-21T14:16:52.027Z] GET /api/task-creation/sessions/301d179a-f57e-4761-ad19-430f8eb73809
[2026-02-21T14:16:52.028Z] GET /api/task-creation/sessions/301d179a-f57e-4761-ad19-430f8eb73809/messages
[2026-02-21T14:16:52.028Z] GET /api/task-creation/sessions/301d179a-f57e-4761-ad19-430f8eb73809/intent
[2026-02-21T14:16:52.029Z] GET /api/task-creation/sessions/301d179a-f57e-4761-ad19-430f8eb73809/task-description
[2026-02-21T14:16:52.029Z] GET /api/task-creation/sessions/301d179a-f57e-4761-ad19-430f8eb73809/execution-plan
[2026-02-21T14:16:52.030Z] GET /api/sandbox/environment
[2026-02-21T14:16:52.030Z] GET /api/task-creation/sessions
[2026-02-21T14:16:52.072Z] GET /api/task-creation/sessions
✅ 数据库连接成功
[2026-02-21T14:16:54.036Z] GET /api/task-creation/sessions/53bd88ad-674e-47e5-a46b-f390496870c0
[2026-02-21T14:16:54.037Z] GET /api/task-creation/sessions/53bd88ad-674e-47e5-a46b-f390496870c0/messages
[2026-02-21T14:16:54.037Z] GET /api/task-creation/sessions/53bd88ad-674e-47e5-a46b-f390496870c0/intent
[2026-02-21T14:16:54.037Z] GET /api/task-creation/sessions/53bd88ad-674e-47e5-a46b-f390496870c0/task-description
[2026-02-21T14:16:54.038Z] GET /api/task-creation/sessions/53bd88ad-674e-47e5-a46b-f390496870c0/execution-plan
[2026-02-21T14:16:54.038Z] GET /api/sandbox/environment
[2026-02-21T14:16:54.062Z] GET /api/task-creation/sessions
[2026-02-21T14:16:54.092Z] GET /api/task-creation/sessions
[2026-02-21T14:16:54.234Z] GET /api/sandbox/osac/sess_35ff684915754d7c/messages
[2026-02-21T14:16:54.537Z] GET /api/task-creation/sessions/53bd88ad-674e-47e5-a46b-f390496870c0
[2026-02-21T14:16:54.538Z] GET /api/task-creation/sessions/53bd88ad-674e-47e5-a46b-f390496870c0/messages
[2026-02-21T14:16:54.538Z] GET /api/task-creation/sessions/53bd88ad-674e-47e5-a46b-f390496870c0/intent
[2026-02-21T14:16:54.539Z] GET /api/task-creation/sessions/53bd88ad-674e-47e5-a46b-f390496870c0/task-description
[2026-02-21T14:16:54.540Z] GET /api/task-creation/sessions/53bd88ad-674e-47e5-a46b-f390496870c0/execution-plan
[2026-02-21T14:16:54.540Z] GET /api/sandbox/environment
[2026-02-21T14:16:54.740Z] GET /api/sandbox/osac/sess_35ff684915754d7c/messages
[2026-02-21T14:16:57.000Z] GET /api/task-creation/sessions
[2026-02-21T14:16:58.049Z] GET /api/task-creation/sessions/53bd88ad-674e-47e5-a46b-f390496870c0/messages
[2026-02-21T14:16:58.049Z] GET /api/task-creation/sessions/53bd88ad-674e-47e5-a46b-f390496870c0
[2026-02-21T14:16:58.050Z] GET /api/task-creation/sessions/53bd88ad-674e-47e5-a46b-f390496870c0/intent
[2026-02-21T14:16:58.050Z] GET /api/task-creation/sessions/53bd88ad-674e-47e5-a46b-f390496870c0/task-description
[2026-02-21T14:16:58.050Z] GET /api/task-creation/sessions/53bd88ad-674e-47e5-a46b-f390496870c0/execution-plan
[2026-02-21T14:16:58.051Z] GET /api/sandbox/environment
[2026-02-21T14:16:58.051Z] GET /api/task-creation/sessions
[2026-02-21T14:16:58.243Z] GET /api/sandbox/osac/sess_35ff684915754d7c/messages
[2026-02-21T14:17:02.045Z] GET /api/task-creation/sessions/53bd88ad-674e-47e5-a46b-f390496870c0
[2026-02-21T14:17:02.046Z] GET /api/task-creation/sessions/53bd88ad-674e-47e5-a46b-f390496870c0/intent
[2026-02-21T14:17:02.047Z] GET /api/task-creation/sessions/53bd88ad-674e-47e5-a46b-f390496870c0/task-description
[2026-02-21T14:17:02.047Z] GET /api/task-creation/sessions/53bd88ad-674e-47e5-a46b-f390496870c0/messages
[2026-02-21T14:17:02.047Z] GET /api/task-creation/sessions/53bd88ad-674e-47e5-a46b-f390496870c0/execution-plan
[2026-02-21T14:17:02.048Z] GET /api/task-creation/sessions
[2026-02-21T14:17:02.048Z] GET /api/sandbox/environment
[2026-02-21T14:17:02.307Z] GET /api/sandbox/osac/sess_35ff684915754d7c/messages
[2026-02-21T14:17:03.012Z] GET /api/task-creation/sessions
[2026-02-21T14:17:06.044Z] GET /api/task-creation/sessions/53bd88ad-674e-47e5-a46b-f390496870c0
[2026-02-21T14:17:06.045Z] GET /api/task-creation/sessions/53bd88ad-674e-47e5-a46b-f390496870c0/messages
[2026-02-21T14:17:06.045Z] GET /api/task-creation/sessions/53bd88ad-674e-47e5-a46b-f390496870c0/intent
[2026-02-21T14:17:06.046Z] GET /api/task-creation/sessions/53bd88ad-674e-47e5-a46b-f390496870c0/task-description
[2026-02-21T14:17:06.046Z] GET /api/task-creation/sessions/53bd88ad-674e-47e5-a46b-f390496870c0/execution-plan
[2026-02-21T14:17:06.047Z] GET /api/sandbox/environment
[2026-02-21T14:17:06.047Z] GET /api/task-creation/sessions
[2026-02-21T14:17:06.229Z] GET /api/sandbox/osac/sess_35ff684915754d7c/messages
[2026-02-21T14:17:09.000Z] GET /api/task-creation/sessions
[TaskCreationService] 意图识别完成: {
  intent_type: 'research',
  confidence: 0.9,
  key_info: {
    target: 'Python 开发行业',
    scope: '市场调研',
    domain: '软件开发/编程语言',
    language_preference: '中文'
  },
  clarification_needed: true,
  clarification_questions: [
    '调研的时间范围是什么？（例如：2024-2026年趋势、当前市场状况、未来5年预测）',
    '地域范围是？（全球市场、中国市场、还是其他特定地区）',
    '调研深度如何？（快速概览、详细分析、还是深度研究报告）',
    '关注的具体方面有哪些？（例如：就业市场、薪资水平、技术栈趋势、企业需求、学习资源等）'
  ],
  suggested_defaults: {
    time_range: '2024-2026年（当前及近期趋势）',
    region: '全球市场，重点关注中国',
    depth: '详细分析',
    focus_areas: [ '就业市场', '薪资趋势', '热门技术栈', '企业需求' ]
  },
  next_agent: 'planning_agent'
}
[WebSocket] 发送消息 to client_1771683392516_9ie7dnfwr: agent_message
[WebSocket] 发送消息 to client_1771683392516_9ie7dnfwr: status_update
[WebSocket] 搜索查询: Python 开发行业 市场调研
[2026-02-21T14:17:10.051Z] GET /api/task-creation/sessions/53bd88ad-674e-47e5-a46b-f390496870c0
[2026-02-21T14:17:10.052Z] GET /api/task-creation/sessions/53bd88ad-674e-47e5-a46b-f390496870c0/messages
[2026-02-21T14:17:10.052Z] GET /api/task-creation/sessions/53bd88ad-674e-47e5-a46b-f390496870c0/intent
[2026-02-21T14:17:10.053Z] GET /api/task-creation/sessions/53bd88ad-674e-47e5-a46b-f390496870c0/task-description
[2026-02-21T14:17:10.053Z] GET /api/task-creation/sessions/53bd88ad-674e-47e5-a46b-f390496870c0/execution-plan
[2026-02-21T14:17:10.053Z] GET /api/task-creation/sessions
[2026-02-21T14:17:10.053Z] GET /api/sandbox/environment
✅ 数据库连接成功
[2026-02-21T14:17:10.645Z] GET /api/sandbox/osac/sess_35ff684915754d7c/messages
[2026-02-21T14:17:14.044Z] GET /api/task-creation/sessions/53bd88ad-674e-47e5-a46b-f390496870c0
[2026-02-21T14:17:14.045Z] GET /api/task-creation/sessions/53bd88ad-674e-47e5-a46b-f390496870c0/messages
[2026-02-21T14:17:14.045Z] GET /api/task-creation/sessions/53bd88ad-674e-47e5-a46b-f390496870c0/intent
[2026-02-21T14:17:14.046Z] GET /api/task-creation/sessions/53bd88ad-674e-47e5-a46b-f390496870c0/task-description
[2026-02-21T14:17:14.046Z] GET /api/task-creation/sessions/53bd88ad-674e-47e5-a46b-f390496870c0/execution-plan
[2026-02-21T14:17:14.046Z] GET /api/sandbox/environment
[2026-02-21T14:17:14.046Z] GET /api/task-creation/sessions
[2026-02-21T14:17:14.238Z] GET /api/sandbox/osac/sess_35ff684915754d7c/messages
[2026-02-21T14:17:15.010Z] GET /api/task-creation/sessions
[WebSocket] 向用户提问: 请提供您的具体需求或任务描述，以便我为您生成详细的任务计划。
[WebSocket] 发送消息 to client_1771683392516_9ie7dnfwr: status_update
[WebSocket] 发送消息 to client_1771683392516_9ie7dnfwr: clarification_request
[WebSocket] 当前会话等待用户补充输入
[2026-02-21T14:17:18.050Z] GET /api/task-creation/sessions/53bd88ad-674e-47e5-a46b-f390496870c0
[2026-02-21T14:17:18.051Z] GET /api/task-creation/sessions/53bd88ad-674e-47e5-a46b-f390496870c0/intent
[2026-02-21T14:17:18.052Z] GET /api/task-creation/sessions/53bd88ad-674e-47e5-a46b-f390496870c0/messages
[2026-02-21T14:17:18.052Z] GET /api/task-creation/sessions/53bd88ad-674e-47e5-a46b-f390496870c0/task-description
[2026-02-21T14:17:18.052Z] GET /api/task-creation/sessions/53bd88ad-674e-47e5-a46b-f390496870c0/execution-plan
[2026-02-21T14:17:18.053Z] GET /api/sandbox/environment
[2026-02-21T14:17:18.053Z] GET /api/task-creation/sessions
[2026-02-21T14:17:18.469Z] GET /api/sandbox/osac/sess_35ff684915754d7c/messages
[2026-02-21T14:17:21.010Z] GET /api/task-creation/sessions
[2026-02-21T14:17:22.045Z] GET /api/task-creation/sessions/53bd88ad-674e-47e5-a46b-f390496870c0/messages
[2026-02-21T14:17:22.046Z] GET /api/task-creation/sessions/53bd88ad-674e-47e5-a46b-f390496870c0/intent
[2026-02-21T14:17:22.046Z] GET /api/task-creation/sessions/53bd88ad-674e-47e5-a46b-f390496870c0
[2026-02-21T14:17:22.047Z] GET /api/task-creation/sessions/53bd88ad-674e-47e5-a46b-f390496870c0/task-description
[2026-02-21T14:17:22.047Z] GET /api/sandbox/environment
[2026-02-21T14:17:22.048Z] GET /api/task-creation/sessions
[2026-02-21T14:17:22.048Z] GET /api/task-creation/sessions/53bd88ad-674e-47e5-a46b-f390496870c0/execution-plan
[2026-02-21T14:17:22.744Z] GET /api/sandbox/osac/sess_35ff684915754d7c/messages
[2026-02-21T14:17:26.053Z] GET /api/task-creation/sessions/53bd88ad-674e-47e5-a46b-f390496870c0/messages
[2026-02-21T14:17:26.053Z] GET /api/task-creation/sessions/53bd88ad-674e-47e5-a46b-f390496870c0
[2026-02-21T14:17:26.054Z] GET /api/task-creation/sessions/53bd88ad-674e-47e5-a46b-f390496870c0/intent
[2026-02-21T14:17:26.054Z] GET /api/task-creation/sessions/53bd88ad-674e-47e5-a46b-f390496870c0/execution-plan
[2026-02-21T14:17:26.055Z] GET /api/task-creation/sessions/53bd88ad-674e-47e5-a46b-f390496870c0/task-description
[2026-02-21T14:17:26.055Z] GET /api/sandbox/environment
[2026-02-21T14:17:26.055Z] GET /api/task-creation/sessions
✅ 数据库连接成功
[2026-02-21T14:17:26.296Z] GET /api/sandbox/osac/sess_35ff684915754d7c/messages
[2026-02-21T14:17:26.619Z] GET /api/task-creation/sessions
[WebSocket] 客户端断开: client_1771683392516_9ie7dnfwr
[WebSocket] 客户端连接: client_1771683448624_b5ckpu8yn
[WebSocket] 发送消息 to client_1771683448624_b5ckpu8yn: agent_message
[2026-02-21T14:17:28.626Z] GET /api/task-creation/sessions
[2026-02-21T14:17:28.746Z] GET /api/task-creation/sessions/301d179a-f57e-4761-ad19-430f8eb73809/messages
[2026-02-21T14:17:31.109Z] GET /api/task-creation/sessions/53bd88ad-674e-47e5-a46b-f390496870c0
[2026-02-21T14:17:31.110Z] GET /api/task-creation/sessions/53bd88ad-674e-47e5-a46b-f390496870c0/messages
[2026-02-21T14:17:31.110Z] GET /api/task-creation/sessions/53bd88ad-674e-47e5-a46b-f390496870c0/intent
[2026-02-21T14:17:31.111Z] GET /api/task-creation/sessions/53bd88ad-674e-47e5-a46b-f390496870c0/task-description
[2026-02-21T14:17:31.111Z] GET /api/task-creation/sessions/53bd88ad-674e-47e5-a46b-f390496870c0/execution-plan
[2026-02-21T14:17:31.111Z] GET /api/sandbox/environment
[2026-02-21T14:17:31.112Z] GET /api/task-creation/sessions
[2026-02-21T14:17:31.486Z] GET /api/sandbox/osac/sess_35ff684915754d7c/messages
[WebSocket] 客户端断开: client_1771683448624_b5ckpu8yn
[WebSocket] 客户端连接: client_1771683454716_m4cdptbqz
[WebSocket] 发送消息 to client_1771683454716_m4cdptbqz: agent_message
[2026-02-21T14:17:34.717Z] GET /api/task-creation/sessions
[2026-02-21T14:17:34.792Z] GET /api/task-creation/sessions/301d179a-f57e-4761-ad19-430f8eb73809/messages
[2026-02-21T14:17:35.002Z] GET /api/task-creation/sessions/53bd88ad-674e-47e5-a46b-f390496870c0
[2026-02-21T14:17:35.003Z] GET /api/task-creation/sessions/53bd88ad-674e-47e5-a46b-f390496870c0/messages
[2026-02-21T14:17:35.003Z] GET /api/task-creation/sessions/53bd88ad-674e-47e5-a46b-f390496870c0/intent
[2026-02-21T14:17:35.004Z] GET /api/task-creation/sessions/53bd88ad-674e-47e5-a46b-f390496870c0/task-description
[2026-02-21T14:17:35.005Z] GET /api/task-creation/sessions/53bd88ad-674e-47e5-a46b-f390496870c0/execution-plan
[2026-02-21T14:17:35.005Z] GET /api/sandbox/environment
[2026-02-21T14:17:35.006Z] GET /api/task-creation/sessions
[2026-02-21T14:17:35.196Z] GET /api/sandbox/osac/sess_35ff684915754d7c/messages
[2026-02-21T14:17:39.004Z] GET /api/task-creation/sessions/53bd88ad-674e-47e5-a46b-f390496870c0
[2026-02-21T14:17:39.005Z] GET /api/task-creation/sessions/53bd88ad-674e-47e5-a46b-f390496870c0/intent
[2026-02-21T14:17:39.005Z] GET /api/task-creation/sessions/53bd88ad-674e-47e5-a46b-f390496870c0/messages
[2026-02-21T14:17:39.006Z] GET /api/task-creation/sessions/53bd88ad-674e-47e5-a46b-f390496870c0/task-description
[2026-02-21T14:17:39.006Z] GET /api/sandbox/environment
[2026-02-21T14:17:39.006Z] GET /api/task-creation/sessions/53bd88ad-674e-47e5-a46b-f390496870c0/execution-plan
[2026-02-21T14:17:39.006Z] GET /api/task-creation/sessions
[2026-02-21T14:17:39.235Z] GET /api/sandbox/osac/sess_35ff684915754d7c/messages
[2026-02-21T14:17:40.718Z] GET /api/task-creation/sessions
[WebSocket] 客户端断开: client_1771683454716_m4cdptbqz
[WebSocket] 客户端连接: client_1771683462781_hh8x4imsr
[WebSocket] 发送消息 to client_1771683462781_hh8x4imsr: agent_message
[2026-02-21T14:17:42.782Z] GET /api/task-creation/sessions
[2026-02-21T14:17:42.850Z] GET /api/task-creation/sessions/53bd88ad-674e-47e5-a46b-f390496870c0/messages
[2026-02-21T14:17:42.916Z] GET /api/sandbox/osac/sess_35ff684915754d7c/messages
[2026-02-21T14:17:43.004Z] GET /api/task-creation/sessions/53bd88ad-674e-47e5-a46b-f390496870c0
[2026-02-21T14:17:43.005Z] GET /api/task-creation/sessions/53bd88ad-674e-47e5-a46b-f390496870c0/messages
[2026-02-21T14:17:43.005Z] GET /api/task-creation/sessions/53bd88ad-674e-47e5-a46b-f390496870c0/intent
[2026-02-21T14:17:43.006Z] GET /api/task-creation/sessions/53bd88ad-674e-47e5-a46b-f390496870c0/task-description
[2026-02-21T14:17:43.006Z] GET /api/task-creation/sessions/53bd88ad-674e-47e5-a46b-f390496870c0/execution-plan
[2026-02-21T14:17:43.007Z] GET /api/sandbox/environment
[2026-02-21T14:17:43.007Z] GET /api/task-creation/sessions
✅ 数据库连接成功
[2026-02-21T14:17:43.242Z] GET /api/sandbox/osac/sess_35ff684915754d7c/messages
[2026-02-21T14:17:46.930Z] GET /api/sandbox/osac/sess_35ff684915754d7c/messages
[2026-02-21T14:17:47.008Z] GET /api/task-creation/sessions/53bd88ad-674e-47e5-a46b-f390496870c0
[2026-02-21T14:17:47.008Z] GET /api/task-creation/sessions/53bd88ad-674e-47e5-a46b-f390496870c0/messages
[2026-02-21T14:17:47.009Z] GET /api/task-creation/sessions/53bd88ad-674e-47e5-a46b-f390496870c0/intent
[2026-02-21T14:17:47.009Z] GET /api/task-creation/sessions/53bd88ad-674e-47e5-a46b-f390496870c0/task-description
[2026-02-21T14:17:47.009Z] GET /api/task-creation/sessions/53bd88ad-674e-47e5-a46b-f390496870c0/execution-plan
[2026-02-21T14:17:47.010Z] GET /api/sandbox/environment
[2026-02-21T14:17:47.010Z] GET /api/task-creation/sessions
[2026-02-21T14:17:47.419Z] GET /api/sandbox/osac/sess_35ff684915754d7c/messages
[2026-02-21T14:17:48.785Z] GET /api/task-creation/sessions
[2026-02-21T14:17:50.920Z] GET /api/sandbox/osac/sess_35ff684915754d7c/messages
[2026-02-21T14:17:51.014Z] GET /api/task-creation/sessions/53bd88ad-674e-47e5-a46b-f390496870c0
[2026-02-21T14:17:51.015Z] GET /api/task-creation/sessions/53bd88ad-674e-47e5-a46b-f390496870c0/messages
[2026-02-21T14:17:51.015Z] GET /api/task-creation/sessions/53bd88ad-674e-47e5-a46b-f390496870c0/intent
[2026-02-21T14:17:51.015Z] GET /api/task-creation/sessions/53bd88ad-674e-47e5-a46b-f390496870c0/task-description
[2026-02-21T14:17:51.016Z] GET /api/task-creation/sessions/53bd88ad-674e-47e5-a46b-f390496870c0/execution-plan
[2026-02-21T14:17:51.016Z] GET /api/sandbox/environment
[2026-02-21T14:17:51.016Z] GET /api/task-creation/sessions
[2026-02-21T14:17:51.191Z] GET /api/sandbox/osac/sess_35ff684915754d7c/messages
[2026-02-21T14:17:54.783Z] GET /api/task-creation/sessions
[2026-02-21T14:17:54.917Z] GET /api/sandbox/osac/sess_35ff684915754d7c/messages
[2026-02-21T14:17:55.010Z] GET /api/task-creation/sessions/53bd88ad-674e-47e5-a46b-f390496870c0/messages
[2026-02-21T14:17:55.011Z] GET /api/task-creation/sessions/53bd88ad-674e-47e5-a46b-f390496870c0
[2026-02-21T14:17:55.011Z] GET /api/task-creation/sessions/53bd88ad-674e-47e5-a46b-f390496870c0/intent
[2026-02-21T14:17:55.012Z] GET /api/task-creation/sessions/53bd88ad-674e-47e5-a46b-f390496870c0/task-description
[2026-02-21T14:17:55.012Z] GET /api/task-creation/sessions/53bd88ad-674e-47e5-a46b-f390496870c0/execution-plan
[2026-02-21T14:17:55.013Z] GET /api/sandbox/environment
[2026-02-21T14:17:55.013Z] GET /api/task-creation/sessions
[2026-02-21T14:17:55.442Z] GET /api/sandbox/osac/sess_35ff684915754d7c/messages
[2026-02-21T14:17:58.926Z] GET /api/sandbox/osac/sess_35ff684915754d7c/messages
[2026-02-21T14:17:59.006Z] GET /api/task-creation/sessions/53bd88ad-674e-47e5-a46b-f390496870c0
[2026-02-21T14:17:59.006Z] GET /api/task-creation/sessions/53bd88ad-674e-47e5-a46b-f390496870c0/messages
[2026-02-21T14:17:59.006Z] GET /api/task-creation/sessions/53bd88ad-674e-47e5-a46b-f390496870c0/intent
[2026-02-21T14:17:59.007Z] GET /api/task-creation/sessions/53bd88ad-674e-47e5-a46b-f390496870c0/task-description
[2026-02-21T14:17:59.007Z] GET /api/task-creation/sessions/53bd88ad-674e-47e5-a46b-f390496870c0/execution-plan
[2026-02-21T14:17:59.007Z] GET /api/sandbox/environment
[2026-02-21T14:17:59.008Z] GET /api/task-creation/sessions
✅ 数据库连接成功
[2026-02-21T14:17:59.407Z] GET /api/sandbox/osac/sess_35ff684915754d7c/messages
[2026-02-21T14:18:00.783Z] GET /api/task-creation/sessions
[2026-02-21T14:18:02.923Z] GET /api/sandbox/osac/sess_35ff684915754d7c/messages
[2026-02-21T14:18:03.001Z] GET /api/task-creation/sessions/53bd88ad-674e-47e5-a46b-f390496870c0
[2026-02-21T14:18:03.001Z] GET /api/task-creation/sessions/53bd88ad-674e-47e5-a46b-f390496870c0/messages
[2026-02-21T14:18:03.001Z] GET /api/task-creation/sessions/53bd88ad-674e-47e5-a46b-f390496870c0/intent
[2026-02-21T14:18:03.002Z] GET /api/task-creation/sessions/53bd88ad-674e-47e5-a46b-f390496870c0/task-description
[2026-02-21T14:18:03.002Z] GET /api/task-creation/sessions/53bd88ad-674e-47e5-a46b-f390496870c0/execution-plan
[2026-02-21T14:18:03.003Z] GET /api/sandbox/environment
[2026-02-21T14:18:03.003Z] GET /api/task-creation/sessions
[2026-02-21T14:18:03.406Z] GET /api/sandbox/osac/sess_35ff684915754d7c/messages
[2026-02-21T14:18:06.782Z] GET /api/task-creation/sessions
[2026-02-21T14:18:06.927Z] GET /api/sandbox/osac/sess_35ff684915754d7c/messages
[2026-02-21T14:18:07.007Z] GET /api/task-creation/sessions/53bd88ad-674e-47e5-a46b-f390496870c0/intent
[2026-02-21T14:18:07.008Z] GET /api/task-creation/sessions/53bd88ad-674e-47e5-a46b-f390496870c0/task-description
[2026-02-21T14:18:07.008Z] GET /api/task-creation/sessions/53bd88ad-674e-47e5-a46b-f390496870c0/execution-plan
[2026-02-21T14:18:07.009Z] GET /api/sandbox/environment
[2026-02-21T14:18:07.010Z] GET /api/task-creation/sessions
[2026-02-21T14:18:07.010Z] GET /api/task-creation/sessions/53bd88ad-674e-47e5-a46b-f390496870c0
[2026-02-21T14:18:07.010Z] GET /api/task-creation/sessions/53bd88ad-674e-47e5-a46b-f390496870c0/messages
[2026-02-21T14:18:07.410Z] GET /api/sandbox/osac/sess_35ff684915754d7c/messages
[2026-02-21T14:18:10.918Z] GET /api/sandbox/osac/sess_35ff684915754d7c/messages
[2026-02-21T14:18:11.008Z] GET /api/task-creation/sessions/53bd88ad-674e-47e5-a46b-f390496870c0/messages
[2026-02-21T14:18:11.009Z] GET /api/task-creation/sessions/53bd88ad-674e-47e5-a46b-f390496870c0
[2026-02-21T14:18:11.009Z] GET /api/task-creation/sessions/53bd88ad-674e-47e5-a46b-f390496870c0/intent
[2026-02-21T14:18:11.009Z] GET /api/task-creation/sessions/53bd88ad-674e-47e5-a46b-f390496870c0/task-description
[2026-02-21T14:18:11.010Z] GET /api/task-creation/sessions/53bd88ad-674e-47e5-a46b-f390496870c0/execution-plan
[2026-02-21T14:18:11.010Z] GET /api/sandbox/environment
[2026-02-21T14:18:11.010Z] GET /api/task-creation/sessions
[2026-02-21T14:18:11.377Z] GET /api/sandbox/osac/sess_35ff684915754d7c/messages
[2026-02-21T14:18:12.780Z] GET /api/task-creation/sessions
[2026-02-21T14:18:14.930Z] GET /api/sandbox/osac/sess_35ff684915754d7c/messages
[2026-02-21T14:18:15.009Z] GET /api/task-creation/sessions/53bd88ad-674e-47e5-a46b-f390496870c0
[2026-02-21T14:18:15.009Z] GET /api/task-creation/sessions/53bd88ad-674e-47e5-a46b-f390496870c0/messages
[2026-02-21T14:18:15.009Z] GET /api/task-creation/sessions/53bd88ad-674e-47e5-a46b-f390496870c0/intent
[2026-02-21T14:18:15.010Z] GET /api/task-creation/sessions/53bd88ad-674e-47e5-a46b-f390496870c0/task-description
[2026-02-21T14:18:15.010Z] GET /api/task-creation/sessions/53bd88ad-674e-47e5-a46b-f390496870c0/execution-plan
[2026-02-21T14:18:15.011Z] GET /api/task-creation/sessions
[2026-02-21T14:18:15.011Z] GET /api/sandbox/environment
✅ 数据库连接成功
[2026-02-21T14:18:15.448Z] GET /api/sandbox/osac/sess_35ff684915754d7c/messages
[2026-02-21T14:18:18.793Z] GET /api/task-creation/sessions
[2026-02-21T14:18:18.918Z] GET /api/sandbox/osac/sess_35ff684915754d7c/messages
[2026-02-21T14:18:19.012Z] GET /api/task-creation/sessions/53bd88ad-674e-47e5-a46b-f390496870c0
[2026-02-21T14:18:19.013Z] GET /api/task-creation/sessions/53bd88ad-674e-47e5-a46b-f390496870c0/intent
[2026-02-21T14:18:19.014Z] GET /api/task-creation/sessions/53bd88ad-674e-47e5-a46b-f390496870c0/messages
[2026-02-21T14:18:19.014Z] GET /api/task-creation/sessions/53bd88ad-674e-47e5-a46b-f390496870c0/task-description
[2026-02-21T14:18:19.014Z] GET /api/task-creation/sessions/53bd88ad-674e-47e5-a46b-f390496870c0/execution-plan
[2026-02-21T14:18:19.015Z] GET /api/sandbox/environment
[2026-02-21T14:18:19.015Z] GET /api/task-creation/sessions
[2026-02-21T14:18:19.361Z] GET /api/sandbox/osac/sess_35ff684915754d7c/messages
[2026-02-21T14:18:22.921Z] GET /api/sandbox/osac/sess_35ff684915754d7c/messages
[2026-02-21T14:18:23.016Z] GET /api/task-creation/sessions/53bd88ad-674e-47e5-a46b-f390496870c0
[2026-02-21T14:18:23.016Z] GET /api/task-creation/sessions/53bd88ad-674e-47e5-a46b-f390496870c0/messages
[2026-02-21T14:18:23.016Z] GET /api/task-creation/sessions/53bd88ad-674e-47e5-a46b-f390496870c0/intent
[2026-02-21T14:18:23.017Z] GET /api/task-creation/sessions/53bd88ad-674e-47e5-a46b-f390496870c0/task-description
[2026-02-21T14:18:23.018Z] GET /api/task-creation/sessions/53bd88ad-674e-47e5-a46b-f390496870c0/execution-plan
[2026-02-21T14:18:23.018Z] GET /api/sandbox/environment
[2026-02-21T14:18:23.019Z] GET /api/task-creation/sessions
[2026-02-21T14:18:23.316Z] GET /api/sandbox/osac/sess_35ff684915754d7c/messages
[2026-02-21T14:18:24.790Z] GET /api/task-creation/sessions
[2026-02-21T14:18:26.926Z] GET /api/sandbox/osac/sess_35ff684915754d7c/messages
[2026-02-21T14:18:30.787Z] GET /api/task-creation/sessions
[2026-02-21T14:18:30.923Z] GET /api/sandbox/osac/sess_35ff684915754d7c/messages
[2026-02-21T14:18:34.930Z] GET /api/sandbox/osac/sess_35ff684915754d7c/messages
[2026-02-21T14:18:36.783Z] GET /api/task-creation/sessions
[2026-02-21T14:18:38.929Z] GET /api/sandbox/osac/sess_35ff684915754d7c/messages
[2026-02-21T14:18:42.782Z] GET /api/task-creation/sessions
[2026-02-21T14:18:42.919Z] GET /api/sandbox/osac/sess_35ff684915754d7c/messages
[2026-02-21T14:18:46.930Z] GET /api/sandbox/osac/sess_35ff684915754d7c/messages
[2026-02-21T14:18:48.794Z] GET /api/task-creation/sessions
[2026-02-21T14:18:50.924Z] GET /api/sandbox/osac/sess_35ff684915754d7c/messages
[2026-02-21T14:18:54.786Z] GET /api/task-creation/sessions
[2026-02-21T14:18:54.923Z] GET /api/sandbox/osac/sess_35ff684915754d7c/messages
[2026-02-21T14:18:58.919Z] GET /api/sandbox/osac/sess_35ff684915754d7c/messages
[2026-02-21T14:19:00.786Z] GET /api/task-creation/sessions
[2026-02-21T14:19:02.931Z] GET /api/sandbox/osac/sess_35ff684915754d7c/messages
[2026-02-21T14:19:06.794Z] GET /api/task-creation/sessions
[2026-02-21T14:19:06.931Z] GET /api/sandbox/osac/sess_35ff684915754d7c/messages
[2026-02-21T14:19:09.001Z] GET /api/task-creation/sessions/53bd88ad-674e-47e5-a46b-f390496870c0
[2026-02-21T14:19:09.002Z] GET /api/task-creation/sessions/53bd88ad-674e-47e5-a46b-f390496870c0/messages
[2026-02-21T14:19:09.002Z] GET /api/task-creation/sessions/53bd88ad-674e-47e5-a46b-f390496870c0/task-description
[2026-02-21T14:19:09.004Z] GET /api/task-creation/sessions/53bd88ad-674e-47e5-a46b-f390496870c0/intent
[2026-02-21T14:19:09.004Z] GET /api/task-creation/sessions/53bd88ad-674e-47e5-a46b-f390496870c0/execution-plan
[2026-02-21T14:19:09.005Z] GET /api/task-creation/sessions
[2026-02-21T14:19:09.005Z] GET /api/sandbox/environment
✅ 数据库连接成功
[2026-02-21T14:19:09.414Z] GET /api/sandbox/osac/sess_35ff684915754d7c/messages
[2026-02-21T14:19:10.931Z] GET /api/sandbox/osac/sess_35ff684915754d7c/messages
[2026-02-21T14:19:12.784Z] GET /api/task-creation/sessions
[2026-02-21T14:19:14.929Z] GET /api/sandbox/osac/sess_35ff684915754d7c/messages
[2026-02-21T14:19:18.784Z] GET /api/task-creation/sessions
[2026-02-21T14:19:18.923Z] GET /api/sandbox/osac/sess_35ff684915754d7c/messages
[2026-02-21T14:19:22.918Z] GET /api/sandbox/osac/sess_35ff684915754d7c/messages
[2026-02-21T14:19:24.793Z] GET /api/task-creation/sessions
[2026-02-21T14:19:26.920Z] GET /api/sandbox/osac/sess_35ff684915754d7c/messages
[2026-02-21T14:19:30.793Z] GET /api/task-creation/sessions
[2026-02-21T14:19:30.930Z] GET /api/sandbox/osac/sess_35ff684915754d7c/messages
[2026-02-21T14:19:34.924Z] GET /api/sandbox/osac/sess_35ff684915754d7c/messages
[2026-02-21T14:19:36.781Z] GET /api/task-creation/sessions
[2026-02-21T14:19:38.927Z] GET /api/sandbox/osac/sess_35ff684915754d7c/messages
[2026-02-21T14:19:42.789Z] GET /api/task-creation/sessions
[2026-02-21T14:19:42.925Z] GET /api/sandbox/osac/sess_35ff684915754d7c/messages
[2026-02-21T14:19:46.929Z] GET /api/sandbox/osac/sess_35ff684915754d7c/messages
[2026-02-21T14:19:48.784Z] GET /api/task-creation/sessions
[2026-02-21T14:19:50.916Z] GET /api/sandbox/osac/sess_35ff684915754d7c/messages
[2026-02-21T14:19:54.792Z] GET /api/task-creation/sessions
[2026-02-21T14:19:54.927Z] GET /api/sandbox/osac/sess_35ff684915754d7c/messages
[2026-02-21T14:19:58.920Z] GET /api/sandbox/osac/sess_35ff684915754d7c/messages
[2026-02-21T14:20:00.782Z] GET /api/task-creation/sessions
[2026-02-21T14:20:02.923Z] GET /api/sandbox/osac/sess_35ff684915754d7c/messages
[2026-02-21T14:20:06.782Z] GET /api/task-creation/sessions
[2026-02-21T14:20:06.919Z] GET /api/sandbox/osac/sess_35ff684915754d7c/messages
[2026-02-21T14:20:09.014Z] GET /api/task-creation/sessions/53bd88ad-674e-47e5-a46b-f390496870c0/messages
[2026-02-21T14:20:09.015Z] GET /api/task-creation/sessions/53bd88ad-674e-47e5-a46b-f390496870c0
[2026-02-21T14:20:09.015Z] GET /api/task-creation/sessions/53bd88ad-674e-47e5-a46b-f390496870c0/intent
[2026-02-21T14:20:09.016Z] GET /api/task-creation/sessions/53bd88ad-674e-47e5-a46b-f390496870c0/task-description
[2026-02-21T14:20:09.017Z] GET /api/sandbox/environment
[2026-02-21T14:20:09.017Z] GET /api/task-creation/sessions/53bd88ad-674e-47e5-a46b-f390496870c0/execution-plan
[2026-02-21T14:20:09.018Z] GET /api/task-creation/sessions
✅ 数据库连接成功
[2026-02-21T14:20:09.385Z] GET /api/sandbox/osac/sess_35ff684915754d7c/messages
[2026-02-21T14:20:10.927Z] GET /api/sandbox/osac/sess_35ff684915754d7c/messages
[2026-02-21T14:20:12.781Z] GET /api/task-creation/sessions
[2026-02-21T14:20:14.919Z] GET /api/sandbox/osac/sess_35ff684915754d7c/messages
[2026-02-21T14:20:18.788Z] GET /api/task-creation/sessions
[2026-02-21T14:20:18.924Z] GET /api/sandbox/osac/sess_35ff684915754d7c/messages
[2026-02-21T14:20:22.921Z] GET /api/sandbox/osac/sess_35ff684915754d7c/messages
[2026-02-21T14:20:24.784Z] GET /api/task-creation/sessions
[2026-02-21T14:20:26.922Z] GET /api/sandbox/osac/sess_35ff684915754d7c/messages
[2026-02-21T14:20:30.785Z] GET /api/task-creation/sessions
[2026-02-21T14:20:30.921Z] GET /api/sandbox/osac/sess_35ff684915754d7c/messages
[2026-02-21T14:20:34.927Z] GET /api/sandbox/osac/sess_35ff684915754d7c/messages
[2026-02-21T14:20:36.790Z] GET /api/task-creation/sessions
[2026-02-21T14:20:38.925Z] GET /api/sandbox/osac/sess_35ff684915754d7c/messages
[2026-02-21T14:20:42.785Z] GET /api/task-creation/sessions
[2026-02-21T14:20:42.923Z] GET /api/sandbox/osac/sess_35ff684915754d7c/messages
[2026-02-21T14:20:46.928Z] GET /api/sandbox/osac/sess_35ff684915754d7c/messages
[2026-02-21T14:20:48.785Z] GET /api/task-creation/sessions
[2026-02-21T14:20:50.917Z] GET /api/sandbox/osac/sess_35ff684915754d7c/messages
[2026-02-21T14:20:54.785Z] GET /api/task-creation/sessions
[2026-02-21T14:20:54.923Z] GET /api/sandbox/osac/sess_35ff684915754d7c/messages
[2026-02-21T14:20:58.921Z] GET /api/sandbox/osac/sess_35ff684915754d7c/messages
[2026-02-21T14:21:00.789Z] GET /api/task-creation/sessions
[2026-02-21T14:21:02.919Z] GET /api/sandbox/osac/sess_35ff684915754d7c/messages
[2026-02-21T14:21:06.785Z] GET /api/task-creation/sessions
[2026-02-21T14:21:06.920Z] GET /api/sandbox/osac/sess_35ff684915754d7c/messages
[2026-02-21T14:21:09.003Z] GET /api/task-creation/sessions/53bd88ad-674e-47e5-a46b-f390496870c0
[2026-02-21T14:21:09.004Z] GET /api/task-creation/sessions/53bd88ad-674e-47e5-a46b-f390496870c0/intent
[2026-02-21T14:21:09.006Z] GET /api/task-creation/sessions/53bd88ad-674e-47e5-a46b-f390496870c0/messages
[2026-02-21T14:21:09.006Z] GET /api/task-creation/sessions/53bd88ad-674e-47e5-a46b-f390496870c0/task-description
[2026-02-21T14:21:09.007Z] GET /api/task-creation/sessions/53bd88ad-674e-47e5-a46b-f390496870c0/execution-plan
[2026-02-21T14:21:09.007Z] GET /api/sandbox/environment
[2026-02-21T14:21:09.007Z] GET /api/task-creation/sessions
✅ 数据库连接成功
[2026-02-21T14:21:09.327Z] GET /api/sandbox/osac/sess_35ff684915754d7c/messages
[2026-02-21T14:21:10.927Z] GET /api/sandbox/osac/sess_35ff684915754d7c/messages
[2026-02-21T14:21:12.795Z] GET /api/task-creation/sessions
[2026-02-21T14:21:14.921Z] GET /api/sandbox/osac/sess_35ff684915754d7c/messages
[2026-02-21T14:21:18.784Z] GET /api/task-creation/sessions
[2026-02-21T14:21:18.923Z] GET /api/sandbox/osac/sess_35ff684915754d7c/messages
[2026-02-21T14:21:22.937Z] GET /api/sandbox/osac/sess_35ff684915754d7c/messages
[2026-02-21T14:21:24.790Z] GET /api/task-creation/sessions
[2026-02-21T14:21:26.919Z] GET /api/sandbox/osac/sess_35ff684915754d7c/messages
[2026-02-21T14:21:30.781Z] GET /api/task-creation/sessions
[2026-02-21T14:21:30.916Z] GET /api/sandbox/osac/sess_35ff684915754d7c/messages
[2026-02-21T14:21:34.929Z] GET /api/sandbox/osac/sess_35ff684915754d7c/messages
[2026-02-21T14:21:36.788Z] GET /api/task-creation/sessions
[2026-02-21T14:21:38.930Z] GET /api/sandbox/osac/sess_35ff684915754d7c/messages
[2026-02-21T14:21:42.788Z] GET /api/task-creation/sessions
[2026-02-21T14:21:42.925Z] GET /api/sandbox/osac/sess_35ff684915754d7c/messages
[2026-02-21T14:21:46.923Z] GET /api/sandbox/osac/sess_35ff684915754d7c/messages
[2026-02-21T14:21:48.796Z] GET /api/task-creation/sessions
[2026-02-21T14:21:50.920Z] GET /api/sandbox/osac/sess_35ff684915754d7c/messages
[2026-02-21T14:21:54.793Z] GET /api/task-creation/sessions
[2026-02-21T14:21:54.929Z] GET /api/sandbox/osac/sess_35ff684915754d7c/messages
[2026-02-21T14:21:58.926Z] GET /api/sandbox/osac/sess_35ff684915754d7c/messages
[2026-02-21T14:22:00.792Z] GET /api/task-creation/sessions
[2026-02-21T14:22:02.925Z] GET /api/sandbox/osac/sess_35ff684915754d7c/messages
[2026-02-21T14:22:06.792Z] GET /api/task-creation/sessions
[2026-02-21T14:22:06.917Z] GET /api/sandbox/osac/sess_35ff684915754d7c/messages
[2026-02-21T14:22:09.010Z] GET /api/task-creation/sessions/53bd88ad-674e-47e5-a46b-f390496870c0
[2026-02-21T14:22:09.010Z] GET /api/task-creation/sessions/53bd88ad-674e-47e5-a46b-f390496870c0/messages
[2026-02-21T14:22:09.011Z] GET /api/task-creation/sessions/53bd88ad-674e-47e5-a46b-f390496870c0/intent
[2026-02-21T14:22:09.012Z] GET /api/task-creation/sessions/53bd88ad-674e-47e5-a46b-f390496870c0/task-description
[2026-02-21T14:22:09.013Z] GET /api/sandbox/environment
[2026-02-21T14:22:09.013Z] GET /api/task-creation/sessions/53bd88ad-674e-47e5-a46b-f390496870c0/execution-plan
[2026-02-21T14:22:09.014Z] GET /api/task-creation/sessions
✅ 数据库连接成功
[2026-02-21T14:22:09.419Z] GET /api/sandbox/osac/sess_35ff684915754d7c/messages
[2026-02-21T14:22:10.920Z] GET /api/sandbox/osac/sess_35ff684915754d7c/messages
[2026-02-21T14:22:12.886Z] GET /api/task-creation/sessions
[2026-02-21T14:22:14.920Z] GET /api/sandbox/osac/sess_35ff684915754d7c/messages
[2026-02-21T14:22:18.786Z] GET /api/task-creation/sessions
[2026-02-21T14:22:18.920Z] GET /api/sandbox/osac/sess_35ff684915754d7c/messages
[2026-02-21T14:22:22.924Z] GET /api/sandbox/osac/sess_35ff684915754d7c/messages
[2026-02-21T14:22:24.791Z] GET /api/task-creation/sessions
[2026-02-21T14:22:26.931Z] GET /api/sandbox/osac/sess_35ff684915754d7c/messages
[2026-02-21T14:22:30.784Z] GET /api/task-creation/sessions
[2026-02-21T14:22:30.920Z] GET /api/sandbox/osac/sess_35ff684915754d7c/messages
[2026-02-21T14:22:34.932Z] GET /api/sandbox/osac/sess_35ff684915754d7c/messages
[2026-02-21T14:22:36.789Z] GET /api/task-creation/sessions
[2026-02-21T14:22:38.932Z] GET /api/sandbox/osac/sess_35ff684915754d7c/messages
[2026-02-21T14:22:42.790Z] GET /api/task-creation/sessions
[2026-02-21T14:22:42.927Z] GET /api/sandbox/osac/sess_35ff684915754d7c/messages
[2026-02-21T14:22:46.922Z] GET /api/sandbox/osac/sess_35ff684915754d7c/messages
[2026-02-21T14:22:48.794Z] GET /api/task-creation/sessions
[2026-02-21T14:22:50.917Z] GET /api/sandbox/osac/sess_35ff684915754d7c/messages
[2026-02-21T14:22:54.795Z] GET /api/task-creation/sessions
[2026-02-21T14:22:54.917Z] GET /api/sandbox/osac/sess_35ff684915754d7c/messages
[2026-02-21T14:22:58.922Z] GET /api/sandbox/osac/sess_35ff684915754d7c/messages
[2026-02-21T14:23:00.794Z] GET /api/task-creation/sessions
[2026-02-21T14:23:02.921Z] GET /api/sandbox/osac/sess_35ff684915754d7c/messages
[2026-02-21T14:23:06.792Z] GET /api/task-creation/sessions
[2026-02-21T14:23:06.928Z] GET /api/sandbox/osac/sess_35ff684915754d7c/messages
[2026-02-21T14:23:09.014Z] GET /api/task-creation/sessions/53bd88ad-674e-47e5-a46b-f390496870c0
[2026-02-21T14:23:09.015Z] GET /api/task-creation/sessions/53bd88ad-674e-47e5-a46b-f390496870c0/messages
[2026-02-21T14:23:09.015Z] GET /api/task-creation/sessions/53bd88ad-674e-47e5-a46b-f390496870c0/intent
[2026-02-21T14:23:09.017Z] GET /api/task-creation/sessions/53bd88ad-674e-47e5-a46b-f390496870c0/task-description
[2026-02-21T14:23:09.018Z] GET /api/task-creation/sessions/53bd88ad-674e-47e5-a46b-f390496870c0/execution-plan
[2026-02-21T14:23:09.018Z] GET /api/sandbox/environment
[2026-02-21T14:23:09.019Z] GET /api/task-creation/sessions
✅ 数据库连接成功
[2026-02-21T14:23:09.440Z] GET /api/sandbox/osac/sess_35ff684915754d7c/messages
[2026-02-21T14:23:10.920Z] GET /api/sandbox/osac/sess_35ff684915754d7c/messages
[2026-02-21T14:23:12.789Z] GET /api/task-creation/sessions
[2026-02-21T14:23:14.926Z] GET /api/sandbox/osac/sess_35ff684915754d7c/messages
[2026-02-21T14:23:18.784Z] GET /api/task-creation/sessions
[2026-02-21T14:23:18.921Z] GET /api/sandbox/osac/sess_35ff684915754d7c/messages
22:23:20 [tsx] change in ./src\services\opencode-remote-service.ts Restarting...
c[OSAC_CONNECTION_MANAGER] fixed_session_mode: disable background health check

🚀 oneceo.ai API Server
━━━━━━━━━━━━━━━━━━━━━━━━━━━━━━━━━━━━━━━━━━━━━
📡 API server running on http://localhost:4000
🔌 WebSocket server running on ws://localhost:4000
🔌 Task Creation WebSocket: ws://localhost:4000/ws/task-creation
🏥 Health check: http://localhost:4000/health
━━━━━━━━━━━━━━━━━━━━━━━━━━━━━━━━━━━━━━━━━━━━━
[OSAC_PERSISTENT_RECOVER_SKIP] fixed_session_mode

✅ 数据库连接成功
[2026-02-21T14:23:22.928Z] GET /api/sandbox/osac/sess_35ff684915754d7c/messages
[2026-02-21T14:23:24.785Z] GET /api/task-creation/sessions
[2026-02-21T14:23:26.926Z] GET /api/sandbox/osac/sess_35ff684915754d7c/messages
[2026-02-21T14:23:30.786Z] GET /api/task-creation/sessions
[2026-02-21T14:23:30.922Z] GET /api/sandbox/osac/sess_35ff684915754d7c/messages
[2026-02-21T14:23:34.919Z] GET /api/sandbox/osac/sess_35ff684915754d7c/messages
[2026-02-21T14:23:36.791Z] GET /api/task-creation/sessions
[2026-02-21T14:23:38.930Z] GET /api/sandbox/osac/sess_35ff684915754d7c/messages
[2026-02-21T14:23:42.788Z] GET /api/task-creation/sessions
[2026-02-21T14:23:42.925Z] GET /api/sandbox/osac/sess_35ff684915754d7c/messages
[2026-02-21T14:23:46.928Z] GET /api/sandbox/osac/sess_35ff684915754d7c/messages
[2026-02-21T14:23:48.782Z] GET /api/task-creation/sessions
[2026-02-21T14:23:50.923Z] GET /api/sandbox/osac/sess_35ff684915754d7c/messages
[2026-02-21T14:23:54.784Z] GET /api/task-creation/sessions
[2026-02-21T14:23:54.921Z] GET /api/sandbox/osac/sess_35ff684915754d7c/messages
[2026-02-21T14:23:58.917Z] GET /api/sandbox/osac/sess_35ff684915754d7c/messages
[2026-02-21T14:24:00.780Z] GET /api/task-creation/sessions
[2026-02-21T14:24:02.921Z] GET /api/sandbox/osac/sess_35ff684915754d7c/messages
[2026-02-21T14:24:06.795Z] GET /api/task-creation/sessions
[2026-02-21T14:24:06.930Z] GET /api/sandbox/osac/sess_35ff684915754d7c/messages
[2026-02-21T14:24:09.013Z] GET /api/task-creation/sessions/53bd88ad-674e-47e5-a46b-f390496870c0
[2026-02-21T14:24:09.014Z] GET /api/task-creation/sessions/53bd88ad-674e-47e5-a46b-f390496870c0/messages
[2026-02-21T14:24:09.014Z] GET /api/task-creation/sessions/53bd88ad-674e-47e5-a46b-f390496870c0/intent
[2026-02-21T14:24:09.017Z] GET /api/task-creation/sessions/53bd88ad-674e-47e5-a46b-f390496870c0/task-description
[2026-02-21T14:24:09.018Z] GET /api/task-creation/sessions/53bd88ad-674e-47e5-a46b-f390496870c0/execution-plan
[2026-02-21T14:24:09.019Z] GET /api/sandbox/environment
[2026-02-21T14:24:09.019Z] GET /api/task-creation/sessions
✅ 数据库连接成功
[2026-02-21T14:24:09.412Z] GET /api/sandbox/osac/sess_35ff684915754d7c/messages
[2026-02-21T14:24:10.923Z] GET /api/sandbox/osac/sess_35ff684915754d7c/messages
[2026-02-21T14:24:12.788Z] GET /api/task-creation/sessions
[2026-02-21T14:24:14.926Z] GET /api/sandbox/osac/sess_35ff684915754d7c/messages
[2026-02-21T14:24:18.789Z] GET /api/task-creation/sessions
[2026-02-21T14:24:18.924Z] GET /api/sandbox/osac/sess_35ff684915754d7c/messages
[2026-02-21T14:24:22.928Z] GET /api/sandbox/osac/sess_35ff684915754d7c/messages
[2026-02-21T14:24:24.783Z] GET /api/task-creation/sessions
[2026-02-21T14:24:26.928Z] GET /api/sandbox/osac/sess_35ff684915754d7c/messages
[WebSocket] 客户端连接: client_1771683868228_i40xbq4bi
[WebSocket] 发送消息 to client_1771683868228_i40xbq4bi: agent_message
[2026-02-21T14:24:28.229Z] GET /api/sandbox/osac/sess_35ff684915754d7c/messages
[2026-02-21T14:24:28.322Z] GET /api/task-creation/sessions/53bd88ad-674e-47e5-a46b-f390496870c0/messages
[2026-02-21T14:24:30.784Z] GET /api/task-creation/sessions
[2026-02-21T14:24:32.229Z] GET /api/sandbox/osac/sess_35ff684915754d7c/messages
[2026-02-21T14:24:36.228Z] GET /api/sandbox/osac/sess_35ff684915754d7c/messages
[2026-02-21T14:24:36.781Z] GET /api/task-creation/sessions
[2026-02-21T14:24:40.227Z] GET /api/sandbox/osac/sess_35ff684915754d7c/messages
[2026-02-21T14:24:42.784Z] GET /api/task-creation/sessions
[2026-02-21T14:24:44.265Z] GET /api/sandbox/osac/sess_35ff684915754d7c/messages
[2026-02-21T14:24:48.225Z] GET /api/sandbox/osac/sess_35ff684915754d7c/messages
[2026-02-21T14:24:48.790Z] GET /api/task-creation/sessions
[2026-02-21T14:24:52.227Z] GET /api/sandbox/osac/sess_35ff684915754d7c/messages
[2026-02-21T14:24:54.781Z] GET /api/task-creation/sessions
[2026-02-21T14:24:56.231Z] GET /api/sandbox/osac/sess_35ff684915754d7c/messages
[WebSocket] 客户端断开: client_1771683868228_i40xbq4bi
[2026-02-21T14:24:56.349Z] GET /api/sandbox/osac/sess_35ff684915754d7c/messages
[WebSocket] 客户端连接: client_1771683896351_94mdgrnt7
[WebSocket] 发送消息 to client_1771683896351_94mdgrnt7: agent_message
[2026-02-21T14:24:56.352Z] GET /api/task-creation/sessions/53bd88ad-674e-47e5-a46b-f390496870c0/messages
[2026-02-21T14:24:56.403Z] GET /api/task-creation/sessions/53bd88ad-674e-47e5-a46b-f390496870c0/messages
[2026-02-21T14:25:00.363Z] GET /api/sandbox/osac/sess_35ff684915754d7c/messages
[2026-02-21T14:25:00.790Z] GET /api/task-creation/sessions
[2026-02-21T14:25:04.364Z] GET /api/sandbox/osac/sess_35ff684915754d7c/messages
[2026-02-21T14:25:06.784Z] GET /api/task-creation/sessions
[2026-02-21T14:25:08.359Z] GET /api/sandbox/osac/sess_35ff684915754d7c/messages
[2026-02-21T14:25:09.001Z] GET /api/task-creation/sessions/53bd88ad-674e-47e5-a46b-f390496870c0
[2026-02-21T14:25:09.002Z] GET /api/task-creation/sessions/53bd88ad-674e-47e5-a46b-f390496870c0/messages
[2026-02-21T14:25:09.003Z] GET /api/task-creation/sessions/53bd88ad-674e-47e5-a46b-f390496870c0/intent
[2026-02-21T14:25:09.005Z] GET /api/task-creation/sessions/53bd88ad-674e-47e5-a46b-f390496870c0/task-description
[2026-02-21T14:25:09.006Z] GET /api/task-creation/sessions/53bd88ad-674e-47e5-a46b-f390496870c0/execution-plan
[2026-02-21T14:25:09.006Z] GET /api/sandbox/environment
[2026-02-21T14:25:09.007Z] GET /api/task-creation/sessions
✅ 数据库连接成功
[2026-02-21T14:25:09.382Z] GET /api/sandbox/osac/sess_35ff684915754d7c/messages
[2026-02-21T14:25:12.350Z] GET /api/sandbox/osac/sess_35ff684915754d7c/messages
[2026-02-21T14:25:12.791Z] GET /api/task-creation/sessions
[2026-02-21T14:25:16.364Z] GET /api/sandbox/osac/sess_35ff684915754d7c/messages
[2026-02-21T14:25:18.783Z] GET /api/task-creation/sessions
[2026-02-21T14:25:20.364Z] GET /api/sandbox/osac/sess_35ff684915754d7c/messages
[2026-02-21T14:25:24.366Z] GET /api/sandbox/osac/sess_35ff684915754d7c/messages
[2026-02-21T14:25:24.791Z] GET /api/task-creation/sessions
[2026-02-21T14:25:28.363Z] GET /api/sandbox/osac/sess_35ff684915754d7c/messages
[2026-02-21T14:25:30.781Z] GET /api/task-creation/sessions
[2026-02-21T14:25:32.360Z] GET /api/sandbox/osac/sess_35ff684915754d7c/messages
[2026-02-21T14:25:36.357Z] GET /api/sandbox/osac/sess_35ff684915754d7c/messages
[2026-02-21T14:25:36.783Z] GET /api/task-creation/sessions
[2026-02-21T14:25:40.353Z] GET /api/sandbox/osac/sess_35ff684915754d7c/messages
[2026-02-21T14:25:42.795Z] GET /api/task-creation/sessions
[2026-02-21T14:25:44.358Z] GET /api/sandbox/osac/sess_35ff684915754d7c/messages
[2026-02-21T14:25:48.350Z] GET /api/sandbox/osac/sess_35ff684915754d7c/messages
[2026-02-21T14:25:48.786Z] GET /api/task-creation/sessions
[2026-02-21T14:25:52.360Z] GET /api/sandbox/osac/sess_35ff684915754d7c/messages
[2026-02-21T14:25:54.786Z] GET /api/task-creation/sessions
[2026-02-21T14:25:56.354Z] GET /api/sandbox/osac/sess_35ff684915754d7c/messages
[WebSocket] 客户端连接: client_1771683957821_oa1npaqtf
[WebSocket] 发送消息 to client_1771683957821_oa1npaqtf: agent_message
[WebSocket] 收到消息 from client_1771683957821_oa1npaqtf: {
  type: 'user_input',
  content: '请在当前工作区创建一个单文件 HTML 贪吃蛇游戏，文件名 snake.html，并说明运行方式。'
}
[WebSocket] 开始处理任务创建: 请在当前工作区创建一个单文件 HTML 贪吃蛇游戏，文件名 snake.html，并说明运行方式。
[TaskCreationService] 开始创建任务: 请在当前工作区创建一个单文件 HTML 贪吃蛇游戏，文件名 snake.html，并说明运行方式。
✅ 数据库连接成功
[TaskCreationService] 开始 Layer 1: 意图识别
[WebSocket] 发送消息 to client_1771683957821_oa1npaqtf: status_update
[2026-02-21T14:26:00.361Z] GET /api/sandbox/osac/sess_35ff684915754d7c/messages
[2026-02-21T14:26:00.787Z] GET /api/task-creation/sessions
[2026-02-21T14:26:04.356Z] GET /api/sandbox/osac/sess_35ff684915754d7c/messages
[2026-02-21T14:26:06.794Z] GET /api/task-creation/sessions
[2026-02-21T14:26:08.355Z] GET /api/sandbox/osac/sess_35ff684915754d7c/messages
[2026-02-21T14:26:09.013Z] GET /api/task-creation/sessions/53bd88ad-674e-47e5-a46b-f390496870c0
[2026-02-21T14:26:09.014Z] GET /api/task-creation/sessions/53bd88ad-674e-47e5-a46b-f390496870c0/messages
[2026-02-21T14:26:09.014Z] GET /api/task-creation/sessions/53bd88ad-674e-47e5-a46b-f390496870c0/intent
[2026-02-21T14:26:09.015Z] GET /api/task-creation/sessions/53bd88ad-674e-47e5-a46b-f390496870c0/task-description
[2026-02-21T14:26:09.016Z] GET /api/task-creation/sessions/53bd88ad-674e-47e5-a46b-f390496870c0/execution-plan
[2026-02-21T14:26:09.016Z] GET /api/sandbox/environment
[2026-02-21T14:26:09.017Z] GET /api/task-creation/sessions
[2026-02-21T14:26:09.414Z] GET /api/sandbox/osac/sess_35ff684915754d7c/messages
[2026-02-21T14:26:12.362Z] GET /api/sandbox/osac/sess_35ff684915754d7c/messages
[2026-02-21T14:26:12.785Z] GET /api/task-creation/sessions
[2026-02-21T14:26:16.355Z] GET /api/sandbox/osac/sess_35ff684915754d7c/messages
[2026-02-21T14:26:18.787Z] GET /api/task-creation/sessions
[2026-02-21T14:26:20.362Z] GET /api/sandbox/osac/sess_35ff684915754d7c/messages
[TaskCreationService] 意图识别完成: {
  intent_type: 'software_development',
  confidence: 0.98,
  key_info: {
    target: '贪吃蛇游戏',
    scope: '单文件 HTML（包含 CSS 和 JavaScript）',
    constraints: '文件名为 snake.html，需要说明运行方式',
    deliverables: [ 'snake.html', '运行说明' ]
  },
  clarification_needed: false,
  next_agent: 'development_agent',
  additional_context: {
    technology_stack: [ 'HTML', 'CSS', 'JavaScript' ],
    complexity: 'medium',
    estimated_lines: '150-250 行代码'
  }
}
[WebSocket] 发送消息 to client_1771683957821_oa1npaqtf: agent_message
[WebSocket] 发送消息 to client_1771683957821_oa1npaqtf: status_update
[2026-02-21T14:26:24.355Z] GET /api/sandbox/osac/sess_35ff684915754d7c/messages
[2026-02-21T14:26:24.781Z] GET /api/task-creation/sessions
[2026-02-21T14:26:28.358Z] GET /api/sandbox/osac/sess_35ff684915754d7c/messages
[WebSocket] 发送消息 to client_1771683957821_oa1npaqtf: agent_message
[WebSocket] 发送消息 to client_1771683957821_oa1npaqtf: status_update
[2026-02-21T14:26:30.788Z] GET /api/task-creation/sessions
[2026-02-21T14:26:32.353Z] GET /api/sandbox/osac/sess_35ff684915754d7c/messages
[2026-02-21T14:26:36.359Z] GET /api/sandbox/osac/sess_35ff684915754d7c/messages
[2026-02-21T14:26:36.785Z] GET /api/task-creation/sessions
[2026-02-21T14:26:40.360Z] GET /api/sandbox/osac/sess_35ff684915754d7c/messages
[2026-02-21T14:26:42.787Z] GET /api/task-creation/sessions
[2026-02-21T14:26:44.355Z] GET /api/sandbox/osac/sess_35ff684915754d7c/messages
[2026-02-21T14:26:48.362Z] GET /api/sandbox/osac/sess_35ff684915754d7c/messages
[2026-02-21T14:26:48.788Z] GET /api/task-creation/sessions
[2026-02-21T14:26:52.351Z] GET /api/sandbox/osac/sess_35ff684915754d7c/messages
[2026-02-21T14:26:54.794Z] GET /api/task-creation/sessions
[2026-02-21T14:26:56.354Z] GET /api/sandbox/osac/sess_35ff684915754d7c/messages
[2026-02-21T14:27:00.362Z] GET /api/sandbox/osac/sess_35ff684915754d7c/messages
[2026-02-21T14:27:00.785Z] GET /api/task-creation/sessions
[2026-02-21T14:27:04.358Z] GET /api/sandbox/osac/sess_35ff684915754d7c/messages
[2026-02-21T14:27:06.794Z] GET /api/task-creation/sessions
[TaskCreationService] 执行计划生成完成
[TaskCreationService] 执行计划已保存到数据库
[WebSocket] 发送消息 to client_1771683957821_oa1npaqtf: plan_generated
[WebSocket] 发送消息 to client_1771683957821_oa1npaqtf: status_update
[WebSocket] 发送消息 to client_1771683957821_oa1npaqtf: status_update
✅ 数据库连接成功
[2026-02-21T14:27:08.356Z] GET /api/sandbox/osac/sess_35ff684915754d7c/messages
[2026-02-21T14:27:09.014Z] GET /api/task-creation/sessions/53bd88ad-674e-47e5-a46b-f390496870c0
[2026-02-21T14:27:09.015Z] GET /api/task-creation/sessions/53bd88ad-674e-47e5-a46b-f390496870c0/messages
[2026-02-21T14:27:09.015Z] GET /api/task-creation/sessions/53bd88ad-674e-47e5-a46b-f390496870c0/intent
[2026-02-21T14:27:09.016Z] GET /api/task-creation/sessions/53bd88ad-674e-47e5-a46b-f390496870c0/task-description
[2026-02-21T14:27:09.016Z] GET /api/task-creation/sessions/53bd88ad-674e-47e5-a46b-f390496870c0/execution-plan
[2026-02-21T14:27:09.017Z] GET /api/sandbox/environment
[2026-02-21T14:27:09.017Z] GET /api/task-creation/sessions
[2026-02-21T14:27:09.355Z] GET /api/sandbox/osac/sess_35ff684915754d7c/messages
[2026-02-21T14:27:12.358Z] GET /api/sandbox/osac/sess_35ff684915754d7c/messages
[2026-02-21T14:27:12.796Z] GET /api/task-creation/sessions
[WebSocket] 发送消息 to client_1771683957821_oa1npaqtf: agent_message
[OSAC_AUDIT] {"action":"OPENCODE_SERVER_ENSURE","at":"2026-02-21T14:27:14.595Z","sessionId":"sess_35ff684915754d7c","workspacePath":"/opt/.altus/opencode/workspaces/049ade33-3a95-48ea-b8da-6f2d645be23b"}
[2026-02-21T14:27:16.362Z] GET /api/sandbox/osac/sess_35ff684915754d7c/messages
[2026-02-21T14:27:18.785Z] GET /api/task-creation/sessions
[2026-02-21T14:27:20.355Z] GET /api/sandbox/osac/sess_35ff684915754d7c/messages
[2026-02-21T14:27:24.351Z] GET /api/sandbox/osac/sess_35ff684915754d7c/messages
[2026-02-21T14:27:24.792Z] GET /api/task-creation/sessions
[2026-02-21T14:27:28.359Z] GET /api/sandbox/osac/sess_35ff684915754d7c/messages
[2026-02-21T14:27:30.782Z] GET /api/task-creation/sessions
[2026-02-21T14:27:32.350Z] GET /api/sandbox/osac/sess_35ff684915754d7c/messages
[OSAC_AUDIT] {"action":"OPENCODE_BOOTSTRAP_FALLBACK","at":"2026-02-21T14:27:34.610Z","sessionId":"sess_35ff684915754d7c","messageType":"OPENCODE_SERVER_ENSURE","expectedType":"OPENCODE_SERVER_READY","requestId":"oc_ensure_1771684034595_rci5or"}
✅ 数据库连接成功
[2026-02-21T14:27:36.351Z] GET /api/sandbox/osac/sess_35ff684915754d7c/messages
[2026-02-21T14:27:36.786Z] GET /api/task-creation/sessions
[2026-02-21T14:27:40.364Z] GET /api/sandbox/osac/sess_35ff684915754d7c/messages
[2026-02-21T14:27:42.784Z] GET /api/task-creation/sessions
[2026-02-21T14:27:44.358Z] GET /api/sandbox/osac/sess_35ff684915754d7c/messages
[2026-02-21T14:27:48.355Z] GET /api/sandbox/osac/sess_35ff684915754d7c/messages
[2026-02-21T14:27:48.796Z] GET /api/task-creation/sessions
[OSAC_AUDIT] {"action":"OPENCODE_SESSION_CREATE","at":"2026-02-21T14:27:50.952Z","sessionId":"sess_35ff684915754d7c","workspacePath":"/opt/.altus/opencode/workspaces/049ade33-3a95-48ea-b8da-6f2d645be23b"}
✅ 数据库连接成功
[2026-02-21T14:27:52.351Z] GET /api/sandbox/osac/sess_35ff684915754d7c/messages
[2026-02-21T14:27:54.789Z] GET /api/task-creation/sessions
[2026-02-21T14:27:56.355Z] GET /api/sandbox/osac/sess_35ff684915754d7c/messages
[2026-02-21T14:28:00.362Z] GET /api/sandbox/osac/sess_35ff684915754d7c/messages
[2026-02-21T14:28:00.790Z] GET /api/task-creation/sessions
[2026-02-21T14:28:04.352Z] GET /api/sandbox/osac/sess_35ff684915754d7c/messages
[2026-02-21T14:28:06.785Z] GET /api/task-creation/sessions
[2026-02-21T14:28:08.354Z] GET /api/sandbox/osac/sess_35ff684915754d7c/messages
[2026-02-21T14:28:09.009Z] GET /api/task-creation/sessions/53bd88ad-674e-47e5-a46b-f390496870c0
[2026-02-21T14:28:09.009Z] GET /api/task-creation/sessions/53bd88ad-674e-47e5-a46b-f390496870c0/messages
[2026-02-21T14:28:09.010Z] GET /api/task-creation/sessions/53bd88ad-674e-47e5-a46b-f390496870c0/intent
[2026-02-21T14:28:09.010Z] GET /api/task-creation/sessions/53bd88ad-674e-47e5-a46b-f390496870c0/task-description
[2026-02-21T14:28:09.012Z] GET /api/task-creation/sessions/53bd88ad-674e-47e5-a46b-f390496870c0/execution-plan
[2026-02-21T14:28:09.012Z] GET /api/sandbox/environment
[2026-02-21T14:28:09.013Z] GET /api/task-creation/sessions
✅ 数据库连接成功
[2026-02-21T14:28:09.402Z] GET /api/sandbox/osac/sess_35ff684915754d7c/messages
[2026-02-21T14:28:12.359Z] GET /api/sandbox/osac/sess_35ff684915754d7c/messages
[2026-02-21T14:28:12.783Z] GET /api/task-creation/sessions
[2026-02-21T14:28:16.356Z] GET /api/sandbox/osac/sess_35ff684915754d7c/messages
[2026-02-21T14:28:18.792Z] GET /api/task-creation/sessions
[2026-02-21T14:28:20.354Z] GET /api/sandbox/osac/sess_35ff684915754d7c/messages
[2026-02-21T14:28:24.350Z] GET /api/sandbox/osac/sess_35ff684915754d7c/messages
[2026-02-21T14:28:24.781Z] GET /api/task-creation/sessions
[2026-02-21T14:28:28.357Z] GET /api/sandbox/osac/sess_35ff684915754d7c/messages
[2026-02-21T14:28:30.787Z] GET /api/task-creation/sessions
[2026-02-21T14:28:32.350Z] GET /api/sandbox/osac/sess_35ff684915754d7c/messages
[2026-02-21T14:28:36.350Z] GET /api/sandbox/osac/sess_35ff684915754d7c/messages
[2026-02-21T14:28:36.789Z] GET /api/task-creation/sessions
[2026-02-21T14:28:40.360Z] GET /api/sandbox/osac/sess_35ff684915754d7c/messages
[2026-02-21T14:28:42.780Z] GET /api/task-creation/sessions
[2026-02-21T14:28:44.362Z] GET /api/sandbox/osac/sess_35ff684915754d7c/messages
[OSAC_AUDIT] {"action":"OPENCODE_BOOTSTRAP_FALLBACK","at":"2026-02-21T14:28:46.555Z","sessionId":"sess_35ff684915754d7c","messageType":"OPENCODE_SESSION_CREATE","expectedType":"OPENCODE_SESSION_READY","requestId":"oc_create_1771684070952_3z6kpk"}
✅ 数据库连接成功
[2026-02-21T14:28:48.355Z] GET /api/sandbox/osac/sess_35ff684915754d7c/messages
[2026-02-21T14:28:48.780Z] GET /api/task-creation/sessions
[2026-02-21T14:28:52.360Z] GET /api/sandbox/osac/sess_35ff684915754d7c/messages
[2026-02-21T14:28:54.792Z] GET /api/task-creation/sessions
[2026-02-21T14:28:56.354Z] GET /api/sandbox/osac/sess_35ff684915754d7c/messages
[2026-02-21T14:29:00.351Z] GET /api/sandbox/osac/sess_35ff684915754d7c/messages
[2026-02-21T14:29:00.789Z] GET /api/task-creation/sessions
[OSAC_AUDIT] {"action":"OPENCODE_PROMPT_SEND","at":"2026-02-21T14:29:03.065Z","sessionId":"sess_35ff684915754d7c","opencodeSessionId":"ses_37f656c5fffehUQW4wJZarqsNe","partsCount":1}
✅ 数据库连接成功
[WebSocket] 发送消息 to client_1771683957821_oa1npaqtf: opencode_event
[WebSocket] 客户端断开: client_1771683957821_oa1npaqtf
[2026-02-21T14:29:04.358Z] GET /api/sandbox/osac/sess_35ff684915754d7c/messages
[2026-02-21T14:29:06.792Z] GET /api/task-creation/sessions
[2026-02-21T14:29:08.361Z] GET /api/sandbox/osac/sess_35ff684915754d7c/messages
[2026-02-21T14:29:09.009Z] GET /api/task-creation/sessions/53bd88ad-674e-47e5-a46b-f390496870c0
[2026-02-21T14:29:09.009Z] GET /api/task-creation/sessions/53bd88ad-674e-47e5-a46b-f390496870c0/messages
[2026-02-21T14:29:09.010Z] GET /api/task-creation/sessions/53bd88ad-674e-47e5-a46b-f390496870c0/intent
[2026-02-21T14:29:09.010Z] GET /api/task-creation/sessions/53bd88ad-674e-47e5-a46b-f390496870c0/task-description
[2026-02-21T14:29:09.011Z] GET /api/task-creation/sessions/53bd88ad-674e-47e5-a46b-f390496870c0/execution-plan
[2026-02-21T14:29:09.012Z] GET /api/sandbox/environment
[2026-02-21T14:29:09.012Z] GET /api/task-creation/sessions
[2026-02-21T14:29:09.437Z] GET /api/sandbox/osac/sess_35ff684915754d7c/messages
[2026-02-21T14:29:12.360Z] GET /api/sandbox/osac/sess_35ff684915754d7c/messages
[2026-02-21T14:29:12.783Z] GET /api/task-creation/sessions
[2026-02-21T14:29:16.364Z] GET /api/sandbox/osac/sess_35ff684915754d7c/messages
[2026-02-21T14:29:18.784Z] GET /api/task-creation/sessions
[2026-02-21T14:29:20.361Z] GET /api/sandbox/osac/sess_35ff684915754d7c/messages
[2026-02-21T14:29:24.350Z] GET /api/sandbox/osac/sess_35ff684915754d7c/messages
[2026-02-21T14:29:24.790Z] GET /api/task-creation/sessions
[2026-02-21T14:29:26.352Z] GET /api/task-creation/sessions/049ade33-3a95-48ea-b8da-6f2d645be23b/messages
[2026-02-21T14:29:28.355Z] GET /api/sandbox/osac/sess_35ff684915754d7c/messages
[2026-02-21T14:29:30.783Z] GET /api/task-creation/sessions
[2026-02-21T14:29:32.363Z] GET /api/sandbox/osac/sess_35ff684915754d7c/messages
[2026-02-21T14:29:36.363Z] GET /api/sandbox/osac/sess_35ff684915754d7c/messages
[2026-02-21T14:29:36.796Z] GET /api/task-creation/sessions
[2026-02-21T14:29:40.351Z] GET /api/sandbox/osac/sess_35ff684915754d7c/messages
[2026-02-21T14:29:42.791Z] GET /api/task-creation/sessions
[2026-02-21T14:29:44.358Z] GET /api/sandbox/osac/sess_35ff684915754d7c/messages
[2026-02-21T14:29:48.364Z] GET /api/sandbox/osac/sess_35ff684915754d7c/messages
[2026-02-21T14:29:48.781Z] GET /api/task-creation/sessions
[2026-02-21T14:29:52.362Z] GET /api/sandbox/osac/sess_35ff684915754d7c/messages
[2026-02-21T14:29:54.788Z] GET /api/task-creation/sessions
[2026-02-21T14:29:56.351Z] GET /api/sandbox/osac/sess_35ff684915754d7c/messages
[2026-02-21T14:29:56.396Z] GET /api/task-creation/sessions/049ade33-3a95-48ea-b8da-6f2d645be23b/messages
[OSAC_AUDIT] {"action":"OPENCODE_BOOTSTRAP_FALLBACK","at":"2026-02-21T14:29:58.611Z","sessionId":"sess_35ff684915754d7c","messageType":"OPENCODE_PROMPT_SEND","expectedType":"OPENCODE_PROMPT_ACCEPTED","requestId":"oc_prompt_1771684143065_7zg7yl"}
✅ 数据库连接成功
[2026-02-21T14:30:00.355Z] GET /api/sandbox/osac/sess_35ff684915754d7c/messages
[2026-02-21T14:30:00.781Z] GET /api/task-creation/sessions
[2026-02-21T14:30:04.352Z] GET /api/sandbox/osac/sess_35ff684915754d7c/messages
[2026-02-21T14:30:06.784Z] GET /api/task-creation/sessions
[2026-02-21T14:30:08.351Z] GET /api/sandbox/osac/sess_35ff684915754d7c/messages
[2026-02-21T14:30:09.002Z] GET /api/task-creation/sessions/53bd88ad-674e-47e5-a46b-f390496870c0
[2026-02-21T14:30:09.003Z] GET /api/task-creation/sessions/53bd88ad-674e-47e5-a46b-f390496870c0/messages
[2026-02-21T14:30:09.003Z] GET /api/task-creation/sessions/53bd88ad-674e-47e5-a46b-f390496870c0/intent
[2026-02-21T14:30:09.003Z] GET /api/task-creation/sessions/53bd88ad-674e-47e5-a46b-f390496870c0/task-description
[2026-02-21T14:30:09.004Z] GET /api/task-creation/sessions/53bd88ad-674e-47e5-a46b-f390496870c0/execution-plan
[2026-02-21T14:30:09.005Z] GET /api/sandbox/environment
[2026-02-21T14:30:09.005Z] GET /api/task-creation/sessions
[2026-02-21T14:30:09.356Z] GET /api/sandbox/osac/sess_35ff684915754d7c/messages
[2026-02-21T14:30:11.754Z] GET /api/task-creation/sessions/53bd88ad-674e-47e5-a46b-f390496870c0
[2026-02-21T14:30:11.755Z] GET /api/task-creation/sessions/53bd88ad-674e-47e5-a46b-f390496870c0/messages
[2026-02-21T14:30:11.755Z] GET /api/task-creation/sessions/53bd88ad-674e-47e5-a46b-f390496870c0/intent
[2026-02-21T14:30:11.755Z] GET /api/task-creation/sessions/53bd88ad-674e-47e5-a46b-f390496870c0/task-description
[2026-02-21T14:30:11.756Z] GET /api/task-creation/sessions/53bd88ad-674e-47e5-a46b-f390496870c0/execution-plan
[2026-02-21T14:30:11.756Z] GET /api/sandbox/environment
[2026-02-21T14:30:11.757Z] GET /api/task-creation/sessions
[2026-02-21T14:30:11.967Z] GET /api/sandbox/osac/sess_35ff684915754d7c/messages
[2026-02-21T14:30:13.020Z] GET /api/task-creation/sessions
[2026-02-21T14:30:13.020Z] GET /api/sandbox/osac/sess_35ff684915754d7c/messages
[2026-02-21T14:30:14.048Z] GET /api/task-creation/sessions/53bd88ad-674e-47e5-a46b-f390496870c0
[2026-02-21T14:30:14.049Z] GET /api/task-creation/sessions/53bd88ad-674e-47e5-a46b-f390496870c0/messages
[2026-02-21T14:30:14.050Z] GET /api/task-creation/sessions/53bd88ad-674e-47e5-a46b-f390496870c0/intent
[2026-02-21T14:30:14.051Z] GET /api/task-creation/sessions/53bd88ad-674e-47e5-a46b-f390496870c0/task-description
[2026-02-21T14:30:14.051Z] GET /api/task-creation/sessions/53bd88ad-674e-47e5-a46b-f390496870c0/execution-plan
[2026-02-21T14:30:14.052Z] GET /api/sandbox/environment
[2026-02-21T14:30:14.052Z] GET /api/task-creation/sessions
✅ 数据库连接成功
[2026-02-21T14:30:14.275Z] GET /api/sandbox/osac/sess_35ff684915754d7c/messages
[2026-02-21T14:30:14.792Z] GET /api/task-creation/sessions
[2026-02-21T14:30:14.792Z] GET /api/task-creation/sessions/53bd88ad-674e-47e5-a46b-f390496870c0
[2026-02-21T14:30:14.793Z] GET /api/task-creation/sessions/53bd88ad-674e-47e5-a46b-f390496870c0/messages
[2026-02-21T14:30:14.793Z] GET /api/task-creation/sessions/53bd88ad-674e-47e5-a46b-f390496870c0/intent
[2026-02-21T14:30:14.793Z] GET /api/task-creation/sessions/53bd88ad-674e-47e5-a46b-f390496870c0/task-description
[2026-02-21T14:30:14.794Z] GET /api/task-creation/sessions/53bd88ad-674e-47e5-a46b-f390496870c0/execution-plan
[2026-02-21T14:30:14.794Z] GET /api/sandbox/environment
[2026-02-21T14:30:14.854Z] GET /api/task-creation/sessions
[2026-02-21T14:30:15.003Z] GET /api/sandbox/osac/sess_35ff684915754d7c/messages
[2026-02-21T14:30:16.997Z] GET /api/sandbox/osac/sess_35ff684915754d7c/messages
[2026-02-21T14:30:18.794Z] GET /api/task-creation/sessions/53bd88ad-674e-47e5-a46b-f390496870c0
[2026-02-21T14:30:18.795Z] GET /api/task-creation/sessions/53bd88ad-674e-47e5-a46b-f390496870c0/messages
[2026-02-21T14:30:18.795Z] GET /api/task-creation/sessions/53bd88ad-674e-47e5-a46b-f390496870c0/intent
[2026-02-21T14:30:18.796Z] GET /api/task-creation/sessions/53bd88ad-674e-47e5-a46b-f390496870c0/task-description
[2026-02-21T14:30:18.796Z] GET /api/task-creation/sessions/53bd88ad-674e-47e5-a46b-f390496870c0/execution-plan
[2026-02-21T14:30:18.797Z] GET /api/sandbox/environment
[2026-02-21T14:30:18.797Z] GET /api/task-creation/sessions
[2026-02-21T14:30:18.984Z] GET /api/sandbox/osac/sess_35ff684915754d7c/messages
[2026-02-21T14:30:19.004Z] GET /api/task-creation/sessions
[2026-02-21T14:30:20.999Z] GET /api/sandbox/osac/sess_35ff684915754d7c/messages
[2026-02-21T14:30:22.793Z] GET /api/task-creation/sessions/53bd88ad-674e-47e5-a46b-f390496870c0/messages
[2026-02-21T14:30:22.794Z] GET /api/task-creation/sessions/53bd88ad-674e-47e5-a46b-f390496870c0
[2026-02-21T14:30:22.794Z] GET /api/task-creation/sessions/53bd88ad-674e-47e5-a46b-f390496870c0/intent
[2026-02-21T14:30:22.795Z] GET /api/task-creation/sessions/53bd88ad-674e-47e5-a46b-f390496870c0/task-description
[2026-02-21T14:30:22.795Z] GET /api/sandbox/environment
[2026-02-21T14:30:22.795Z] GET /api/task-creation/sessions/53bd88ad-674e-47e5-a46b-f390496870c0/execution-plan
[2026-02-21T14:30:22.796Z] GET /api/task-creation/sessions
[2026-02-21T14:30:22.998Z] GET /api/sandbox/osac/sess_35ff684915754d7c/messages
[2026-02-21T14:30:25.005Z] GET /api/task-creation/sessions
[2026-02-21T14:30:25.006Z] GET /api/sandbox/osac/sess_35ff684915754d7c/messages
[2026-02-21T14:30:26.415Z] GET /api/task-creation/sessions/049ade33-3a95-48ea-b8da-6f2d645be23b/messages
[2026-02-21T14:30:26.799Z] GET /api/task-creation/sessions/53bd88ad-674e-47e5-a46b-f390496870c0
[2026-02-21T14:30:26.800Z] GET /api/task-creation/sessions/53bd88ad-674e-47e5-a46b-f390496870c0/messages
[2026-02-21T14:30:26.800Z] GET /api/task-creation/sessions/53bd88ad-674e-47e5-a46b-f390496870c0/task-description
[2026-02-21T14:30:26.801Z] GET /api/task-creation/sessions/53bd88ad-674e-47e5-a46b-f390496870c0/intent
[2026-02-21T14:30:26.802Z] GET /api/sandbox/environment
[2026-02-21T14:30:26.802Z] GET /api/task-creation/sessions/53bd88ad-674e-47e5-a46b-f390496870c0/execution-plan
[2026-02-21T14:30:26.802Z] GET /api/task-creation/sessions
[2026-02-21T14:30:26.993Z] GET /api/sandbox/osac/sess_35ff684915754d7c/messages
[2026-02-21T14:30:29.011Z] GET /api/sandbox/osac/sess_35ff684915754d7c/messages
[2026-02-21T14:30:30.793Z] GET /api/task-creation/sessions/53bd88ad-674e-47e5-a46b-f390496870c0/intent
[2026-02-21T14:30:30.794Z] GET /api/task-creation/sessions/53bd88ad-674e-47e5-a46b-f390496870c0/task-description
[2026-02-21T14:30:30.795Z] GET /api/task-creation/sessions/53bd88ad-674e-47e5-a46b-f390496870c0/execution-plan
[2026-02-21T14:30:30.795Z] GET /api/sandbox/environment
[2026-02-21T14:30:30.796Z] GET /api/task-creation/sessions/53bd88ad-674e-47e5-a46b-f390496870c0
[2026-02-21T14:30:30.796Z] GET /api/task-creation/sessions/53bd88ad-674e-47e5-a46b-f390496870c0/messages
[2026-02-21T14:30:30.796Z] GET /api/task-creation/sessions
✅ 数据库连接成功
[2026-02-21T14:30:30.998Z] GET /api/task-creation/sessions
[2026-02-21T14:30:31.034Z] GET /api/sandbox/osac/sess_35ff684915754d7c/messages
[2026-02-21T14:30:33.006Z] GET /api/sandbox/osac/sess_35ff684915754d7c/messages
[2026-02-21T14:30:34.809Z] GET /api/task-creation/sessions/53bd88ad-674e-47e5-a46b-f390496870c0
[2026-02-21T14:30:34.810Z] GET /api/task-creation/sessions/53bd88ad-674e-47e5-a46b-f390496870c0/intent
[2026-02-21T14:30:34.810Z] GET /api/task-creation/sessions/53bd88ad-674e-47e5-a46b-f390496870c0/messages
[2026-02-21T14:30:34.810Z] GET /api/task-creation/sessions/53bd88ad-674e-47e5-a46b-f390496870c0/task-description
[2026-02-21T14:30:34.811Z] GET /api/task-creation/sessions/53bd88ad-674e-47e5-a46b-f390496870c0/execution-plan
[2026-02-21T14:30:34.811Z] GET /api/sandbox/environment
[2026-02-21T14:30:34.812Z] GET /api/task-creation/sessions
[2026-02-21T14:30:37.007Z] GET /api/task-creation/sessions
[2026-02-21T14:30:37.007Z] GET /api/sandbox/osac/sess_35ff684915754d7c/messages
[2026-02-21T14:30:38.815Z] GET /api/task-creation/sessions/53bd88ad-674e-47e5-a46b-f390496870c0
[2026-02-21T14:30:38.815Z] GET /api/task-creation/sessions/53bd88ad-674e-47e5-a46b-f390496870c0/messages
[2026-02-21T14:30:38.815Z] GET /api/task-creation/sessions/53bd88ad-674e-47e5-a46b-f390496870c0/intent
[2026-02-21T14:30:38.816Z] GET /api/task-creation/sessions/53bd88ad-674e-47e5-a46b-f390496870c0/task-description
[2026-02-21T14:30:38.816Z] GET /api/task-creation/sessions/53bd88ad-674e-47e5-a46b-f390496870c0/execution-plan
[2026-02-21T14:30:38.816Z] GET /api/sandbox/environment
[2026-02-21T14:30:38.817Z] GET /api/task-creation/sessions
[2026-02-21T14:30:41.000Z] GET /api/sandbox/osac/sess_35ff684915754d7c/messages
[2026-02-21T14:30:42.798Z] GET /api/task-creation/sessions/53bd88ad-674e-47e5-a46b-f390496870c0
[2026-02-21T14:30:42.798Z] GET /api/task-creation/sessions/53bd88ad-674e-47e5-a46b-f390496870c0/messages
[2026-02-21T14:30:42.799Z] GET /api/task-creation/sessions/53bd88ad-674e-47e5-a46b-f390496870c0/intent
[2026-02-21T14:30:42.799Z] GET /api/task-creation/sessions/53bd88ad-674e-47e5-a46b-f390496870c0/task-description
[2026-02-21T14:30:42.799Z] GET /api/task-creation/sessions/53bd88ad-674e-47e5-a46b-f390496870c0/execution-plan
[2026-02-21T14:30:42.800Z] GET /api/sandbox/environment
[2026-02-21T14:30:42.801Z] GET /api/task-creation/sessions
[2026-02-21T14:30:42.995Z] GET /api/sandbox/osac/sess_35ff684915754d7c/messages
[2026-02-21T14:30:43.007Z] GET /api/task-creation/sessions
[2026-02-21T14:30:45.011Z] GET /api/sandbox/osac/sess_35ff684915754d7c/messages
[2026-02-21T14:30:46.798Z] GET /api/task-creation/sessions/53bd88ad-674e-47e5-a46b-f390496870c0/messages
[2026-02-21T14:30:46.798Z] GET /api/task-creation/sessions/53bd88ad-674e-47e5-a46b-f390496870c0
[2026-02-21T14:30:46.798Z] GET /api/task-creation/sessions/53bd88ad-674e-47e5-a46b-f390496870c0/intent
[2026-02-21T14:30:46.799Z] GET /api/task-creation/sessions/53bd88ad-674e-47e5-a46b-f390496870c0/task-description
[2026-02-21T14:30:46.799Z] GET /api/task-creation/sessions/53bd88ad-674e-47e5-a46b-f390496870c0/execution-plan
[2026-02-21T14:30:46.800Z] GET /api/sandbox/environment
[2026-02-21T14:30:46.800Z] GET /api/task-creation/sessions
✅ 数据库连接成功
[2026-02-21T14:30:47.029Z] GET /api/sandbox/osac/sess_35ff684915754d7c/messages
[2026-02-21T14:30:49.004Z] GET /api/task-creation/sessions
[2026-02-21T14:30:49.005Z] GET /api/sandbox/osac/sess_35ff684915754d7c/messages
[2026-02-21T14:30:50.799Z] GET /api/task-creation/sessions/53bd88ad-674e-47e5-a46b-f390496870c0
[2026-02-21T14:30:50.800Z] GET /api/task-creation/sessions/53bd88ad-674e-47e5-a46b-f390496870c0/intent
[2026-02-21T14:30:50.801Z] GET /api/task-creation/sessions/53bd88ad-674e-47e5-a46b-f390496870c0/task-description
[2026-02-21T14:30:50.802Z] GET /api/task-creation/sessions/53bd88ad-674e-47e5-a46b-f390496870c0/execution-plan
[2026-02-21T14:30:50.802Z] GET /api/task-creation/sessions/53bd88ad-674e-47e5-a46b-f390496870c0/messages
[2026-02-21T14:30:50.802Z] GET /api/sandbox/environment
[2026-02-21T14:30:50.803Z] GET /api/task-creation/sessions
[2026-02-21T14:30:50.992Z] GET /api/sandbox/osac/sess_35ff684915754d7c/messages
[2026-02-21T14:30:53.000Z] GET /api/sandbox/osac/sess_35ff684915754d7c/messages
[2026-02-21T14:30:54.794Z] GET /api/task-creation/sessions
[2026-02-21T14:30:54.795Z] GET /api/task-creation/sessions/53bd88ad-674e-47e5-a46b-f390496870c0/messages
[2026-02-21T14:30:54.795Z] GET /api/task-creation/sessions/53bd88ad-674e-47e5-a46b-f390496870c0
[2026-02-21T14:30:54.795Z] GET /api/task-creation/sessions/53bd88ad-674e-47e5-a46b-f390496870c0/intent
[2026-02-21T14:30:54.795Z] GET /api/task-creation/sessions/53bd88ad-674e-47e5-a46b-f390496870c0/execution-plan
[2026-02-21T14:30:54.796Z] GET /api/task-creation/sessions/53bd88ad-674e-47e5-a46b-f390496870c0/task-description
[2026-02-21T14:30:54.796Z] GET /api/sandbox/environment
[2026-02-21T14:30:55.007Z] GET /api/task-creation/sessions
[2026-02-21T14:30:55.234Z] GET /api/sandbox/osac/sess_35ff684915754d7c/messages
[2026-02-21T14:30:56.436Z] GET /api/task-creation/sessions/049ade33-3a95-48ea-b8da-6f2d645be23b/messages
[2026-02-21T14:30:57.002Z] GET /api/sandbox/osac/sess_35ff684915754d7c/messages
[2026-02-21T14:30:58.795Z] GET /api/task-creation/sessions/53bd88ad-674e-47e5-a46b-f390496870c0
[2026-02-21T14:30:58.796Z] GET /api/task-creation/sessions/53bd88ad-674e-47e5-a46b-f390496870c0/intent
[2026-02-21T14:30:58.796Z] GET /api/task-creation/sessions/53bd88ad-674e-47e5-a46b-f390496870c0/messages
[2026-02-21T14:30:58.797Z] GET /api/task-creation/sessions/53bd88ad-674e-47e5-a46b-f390496870c0/task-description
[2026-02-21T14:30:58.797Z] GET /api/task-creation/sessions/53bd88ad-674e-47e5-a46b-f390496870c0/execution-plan
[2026-02-21T14:30:58.797Z] GET /api/sandbox/environment
[2026-02-21T14:30:58.797Z] GET /api/task-creation/sessions
[2026-02-21T14:30:58.984Z] GET /api/sandbox/osac/sess_35ff684915754d7c/messages
[2026-02-21T14:31:01.007Z] GET /api/task-creation/sessions
[2026-02-21T14:31:01.008Z] GET /api/sandbox/osac/sess_35ff684915754d7c/messages
[2026-02-21T14:31:02.804Z] GET /api/task-creation/sessions/53bd88ad-674e-47e5-a46b-f390496870c0/messages
[2026-02-21T14:31:02.805Z] GET /api/task-creation/sessions/53bd88ad-674e-47e5-a46b-f390496870c0
[2026-02-21T14:31:02.805Z] GET /api/task-creation/sessions/53bd88ad-674e-47e5-a46b-f390496870c0/intent
[2026-02-21T14:31:02.806Z] GET /api/task-creation/sessions/53bd88ad-674e-47e5-a46b-f390496870c0/task-description
[2026-02-21T14:31:02.806Z] GET /api/task-creation/sessions/53bd88ad-674e-47e5-a46b-f390496870c0/execution-plan
[2026-02-21T14:31:02.806Z] GET /api/sandbox/environment
[2026-02-21T14:31:02.806Z] GET /api/task-creation/sessions
✅ 数据库连接成功
[2026-02-21T14:31:03.191Z] GET /api/sandbox/osac/sess_35ff684915754d7c/messages
[2026-02-21T14:31:04.998Z] GET /api/sandbox/osac/sess_35ff684915754d7c/messages
[2026-02-21T14:31:06.804Z] GET /api/task-creation/sessions/53bd88ad-674e-47e5-a46b-f390496870c0
[2026-02-21T14:31:06.804Z] GET /api/task-creation/sessions/53bd88ad-674e-47e5-a46b-f390496870c0/messages
[2026-02-21T14:31:06.805Z] GET /api/task-creation/sessions/53bd88ad-674e-47e5-a46b-f390496870c0/intent
[2026-02-21T14:31:06.805Z] GET /api/task-creation/sessions/53bd88ad-674e-47e5-a46b-f390496870c0/task-description
[2026-02-21T14:31:06.805Z] GET /api/task-creation/sessions/53bd88ad-674e-47e5-a46b-f390496870c0/execution-plan
[2026-02-21T14:31:06.806Z] GET /api/sandbox/environment
[2026-02-21T14:31:06.806Z] GET /api/task-creation/sessions
[2026-02-21T14:31:06.996Z] GET /api/sandbox/osac/sess_35ff684915754d7c/messages
[2026-02-21T14:31:06.998Z] GET /api/task-creation/sessions
[2026-02-21T14:31:09.004Z] GET /api/sandbox/osac/sess_35ff684915754d7c/messages
[2026-02-21T14:31:10.798Z] GET /api/task-creation/sessions/53bd88ad-674e-47e5-a46b-f390496870c0/messages
[2026-02-21T14:31:10.799Z] GET /api/task-creation/sessions/53bd88ad-674e-47e5-a46b-f390496870c0
[2026-02-21T14:31:10.799Z] GET /api/task-creation/sessions/53bd88ad-674e-47e5-a46b-f390496870c0/intent
[2026-02-21T14:31:10.800Z] GET /api/task-creation/sessions/53bd88ad-674e-47e5-a46b-f390496870c0/execution-plan
[2026-02-21T14:31:10.801Z] GET /api/task-creation/sessions/53bd88ad-674e-47e5-a46b-f390496870c0/task-description
[2026-02-21T14:31:10.801Z] GET /api/sandbox/environment
[2026-02-21T14:31:10.802Z] GET /api/task-creation/sessions
[2026-02-21T14:31:11.094Z] GET /api/sandbox/osac/sess_35ff684915754d7c/messages
[2026-02-21T14:31:14.798Z] GET /api/task-creation/sessions/53bd88ad-674e-47e5-a46b-f390496870c0/messages
[2026-02-21T14:31:14.799Z] GET /api/task-creation/sessions/53bd88ad-674e-47e5-a46b-f390496870c0
[2026-02-21T14:31:14.799Z] GET /api/task-creation/sessions/53bd88ad-674e-47e5-a46b-f390496870c0/intent
[2026-02-21T14:31:14.799Z] GET /api/task-creation/sessions/53bd88ad-674e-47e5-a46b-f390496870c0/task-description
[2026-02-21T14:31:14.800Z] GET /api/task-creation/sessions/53bd88ad-674e-47e5-a46b-f390496870c0/execution-plan
[2026-02-21T14:31:14.800Z] GET /api/sandbox/environment
[2026-02-21T14:31:14.800Z] GET /api/task-creation/sessions
[2026-02-21T14:31:14.998Z] GET /api/sandbox/osac/sess_35ff684915754d7c/messages
[2026-02-21T14:31:18.807Z] GET /api/task-creation/sessions/53bd88ad-674e-47e5-a46b-f390496870c0
[2026-02-21T14:31:18.808Z] GET /api/task-creation/sessions/53bd88ad-674e-47e5-a46b-f390496870c0/messages
[2026-02-21T14:31:18.808Z] GET /api/task-creation/sessions/53bd88ad-674e-47e5-a46b-f390496870c0/intent
[2026-02-21T14:31:18.809Z] GET /api/task-creation/sessions/53bd88ad-674e-47e5-a46b-f390496870c0/execution-plan
[2026-02-21T14:31:18.809Z] GET /api/task-creation/sessions/53bd88ad-674e-47e5-a46b-f390496870c0/task-description
[2026-02-21T14:31:18.809Z] GET /api/sandbox/environment
[2026-02-21T14:31:18.810Z] GET /api/task-creation/sessions
✅ 数据库连接成功
[2026-02-21T14:31:19.229Z] GET /api/sandbox/osac/sess_35ff684915754d7c/messages
[2026-02-21T14:31:22.797Z] GET /api/task-creation/sessions/53bd88ad-674e-47e5-a46b-f390496870c0
[2026-02-21T14:31:22.797Z] GET /api/task-creation/sessions/53bd88ad-674e-47e5-a46b-f390496870c0/intent
[2026-02-21T14:31:22.798Z] GET /api/task-creation/sessions/53bd88ad-674e-47e5-a46b-f390496870c0/messages
[2026-02-21T14:31:22.798Z] GET /api/task-creation/sessions/53bd88ad-674e-47e5-a46b-f390496870c0/task-description
[2026-02-21T14:31:22.798Z] GET /api/task-creation/sessions/53bd88ad-674e-47e5-a46b-f390496870c0/execution-plan
[2026-02-21T14:31:22.799Z] GET /api/sandbox/environment
[2026-02-21T14:31:22.799Z] GET /api/task-creation/sessions
[2026-02-21T14:31:22.993Z] GET /api/sandbox/osac/sess_35ff684915754d7c/messages
[2026-02-21T14:31:26.806Z] GET /api/task-creation/sessions/53bd88ad-674e-47e5-a46b-f390496870c0
[2026-02-21T14:31:26.806Z] GET /api/task-creation/sessions/53bd88ad-674e-47e5-a46b-f390496870c0/messages
[2026-02-21T14:31:26.806Z] GET /api/task-creation/sessions/53bd88ad-674e-47e5-a46b-f390496870c0/intent
[2026-02-21T14:31:26.807Z] GET /api/task-creation/sessions/53bd88ad-674e-47e5-a46b-f390496870c0/execution-plan
[2026-02-21T14:31:26.807Z] GET /api/task-creation/sessions/53bd88ad-674e-47e5-a46b-f390496870c0/task-description
[2026-02-21T14:31:26.808Z] GET /api/task-creation/sessions
[2026-02-21T14:31:26.808Z] GET /api/sandbox/environment
[2026-02-21T14:31:27.271Z] GET /api/sandbox/osac/sess_35ff684915754d7c/messages
[2026-02-21T14:31:27.885Z] GET /api/task-creation/sessions/049ade33-3a95-48ea-b8da-6f2d645be23b/messages
[2026-02-21T14:31:30.798Z] GET /api/task-creation/sessions/53bd88ad-674e-47e5-a46b-f390496870c0
[2026-02-21T14:31:30.799Z] GET /api/task-creation/sessions/53bd88ad-674e-47e5-a46b-f390496870c0/messages
[2026-02-21T14:31:30.799Z] GET /api/task-creation/sessions/53bd88ad-674e-47e5-a46b-f390496870c0/intent
[2026-02-21T14:31:30.800Z] GET /api/task-creation/sessions/53bd88ad-674e-47e5-a46b-f390496870c0/task-description
[2026-02-21T14:31:30.800Z] GET /api/task-creation/sessions/53bd88ad-674e-47e5-a46b-f390496870c0/execution-plan
[2026-02-21T14:31:30.801Z] GET /api/sandbox/environment
[2026-02-21T14:31:30.801Z] GET /api/task-creation/sessions
[2026-02-21T14:31:30.998Z] GET /api/sandbox/osac/sess_35ff684915754d7c/messages
[2026-02-21T14:31:34.801Z] GET /api/task-creation/sessions/53bd88ad-674e-47e5-a46b-f390496870c0
[2026-02-21T14:31:34.802Z] GET /api/task-creation/sessions/53bd88ad-674e-47e5-a46b-f390496870c0/messages
[2026-02-21T14:31:34.802Z] GET /api/task-creation/sessions/53bd88ad-674e-47e5-a46b-f390496870c0/intent
[2026-02-21T14:31:34.803Z] GET /api/task-creation/sessions/53bd88ad-674e-47e5-a46b-f390496870c0/task-description
[2026-02-21T14:31:34.803Z] GET /api/task-creation/sessions/53bd88ad-674e-47e5-a46b-f390496870c0/execution-plan
[2026-02-21T14:31:34.803Z] GET /api/sandbox/environment
[2026-02-21T14:31:34.803Z] GET /api/task-creation/sessions
✅ 数据库连接成功
[2026-02-21T14:31:35.392Z] GET /api/sandbox/osac/sess_35ff684915754d7c/messages
[2026-02-21T14:31:38.807Z] GET /api/task-creation/sessions/53bd88ad-674e-47e5-a46b-f390496870c0
[2026-02-21T14:31:38.808Z] GET /api/task-creation/sessions/53bd88ad-674e-47e5-a46b-f390496870c0/messages
[2026-02-21T14:31:38.808Z] GET /api/task-creation/sessions/53bd88ad-674e-47e5-a46b-f390496870c0/intent
[2026-02-21T14:31:38.809Z] GET /api/task-creation/sessions/53bd88ad-674e-47e5-a46b-f390496870c0/task-description
[2026-02-21T14:31:38.809Z] GET /api/task-creation/sessions/53bd88ad-674e-47e5-a46b-f390496870c0/execution-plan
[2026-02-21T14:31:38.809Z] GET /api/task-creation/sessions
[2026-02-21T14:31:38.809Z] GET /api/sandbox/environment
[2026-02-21T14:31:39.356Z] GET /api/sandbox/osac/sess_35ff684915754d7c/messages
[2026-02-21T14:31:42.803Z] GET /api/task-creation/sessions/53bd88ad-674e-47e5-a46b-f390496870c0
[2026-02-21T14:31:42.803Z] GET /api/task-creation/sessions/53bd88ad-674e-47e5-a46b-f390496870c0/messages
[2026-02-21T14:31:42.803Z] GET /api/task-creation/sessions/53bd88ad-674e-47e5-a46b-f390496870c0/intent
[2026-02-21T14:31:42.804Z] GET /api/task-creation/sessions/53bd88ad-674e-47e5-a46b-f390496870c0/task-description
[2026-02-21T14:31:42.804Z] GET /api/task-creation/sessions/53bd88ad-674e-47e5-a46b-f390496870c0/execution-plan
[2026-02-21T14:31:42.804Z] GET /api/sandbox/environment
[2026-02-21T14:31:42.805Z] GET /api/task-creation/sessions
[2026-02-21T14:31:43.300Z] GET /api/sandbox/osac/sess_35ff684915754d7c/messages
[2026-02-21T14:31:46.802Z] GET /api/task-creation/sessions/53bd88ad-674e-47e5-a46b-f390496870c0
[2026-02-21T14:31:46.803Z] GET /api/task-creation/sessions/53bd88ad-674e-47e5-a46b-f390496870c0/messages
[2026-02-21T14:31:46.803Z] GET /api/task-creation/sessions/53bd88ad-674e-47e5-a46b-f390496870c0/intent
[2026-02-21T14:31:46.803Z] GET /api/task-creation/sessions/53bd88ad-674e-47e5-a46b-f390496870c0/task-description
[2026-02-21T14:31:46.804Z] GET /api/task-creation/sessions/53bd88ad-674e-47e5-a46b-f390496870c0/execution-plan
[2026-02-21T14:31:46.804Z] GET /api/task-creation/sessions
[2026-02-21T14:31:46.804Z] GET /api/sandbox/environment
[2026-02-21T14:31:47.477Z] GET /api/sandbox/osac/sess_35ff684915754d7c/messages
[2026-02-21T14:31:50.793Z] GET /api/task-creation/sessions/53bd88ad-674e-47e5-a46b-f390496870c0
[2026-02-21T14:31:50.794Z] GET /api/task-creation/sessions/53bd88ad-674e-47e5-a46b-f390496870c0/messages
[2026-02-21T14:31:50.794Z] GET /api/task-creation/sessions/53bd88ad-674e-47e5-a46b-f390496870c0/intent
[2026-02-21T14:31:50.795Z] GET /api/task-creation/sessions/53bd88ad-674e-47e5-a46b-f390496870c0/execution-plan
[2026-02-21T14:31:50.795Z] GET /api/task-creation/sessions/53bd88ad-674e-47e5-a46b-f390496870c0/task-description
[2026-02-21T14:31:50.795Z] GET /api/sandbox/environment
[2026-02-21T14:31:50.796Z] GET /api/task-creation/sessions
✅ 数据库连接成功
[2026-02-21T14:31:51.302Z] GET /api/sandbox/osac/sess_35ff684915754d7c/messages
[2026-02-21T14:31:54.807Z] GET /api/task-creation/sessions/53bd88ad-674e-47e5-a46b-f390496870c0
[2026-02-21T14:31:54.808Z] GET /api/task-creation/sessions/53bd88ad-674e-47e5-a46b-f390496870c0/messages
[2026-02-21T14:31:54.808Z] GET /api/task-creation/sessions/53bd88ad-674e-47e5-a46b-f390496870c0/intent
[2026-02-21T14:31:54.809Z] GET /api/task-creation/sessions/53bd88ad-674e-47e5-a46b-f390496870c0/task-description
[2026-02-21T14:31:54.809Z] GET /api/task-creation/sessions/53bd88ad-674e-47e5-a46b-f390496870c0/execution-plan
[2026-02-21T14:31:54.809Z] GET /api/task-creation/sessions
[2026-02-21T14:31:54.810Z] GET /api/sandbox/environment
[2026-02-21T14:31:55.418Z] GET /api/sandbox/osac/sess_35ff684915754d7c/messages
[2026-02-21T14:31:58.797Z] GET /api/task-creation/sessions/53bd88ad-674e-47e5-a46b-f390496870c0/messages
[2026-02-21T14:31:58.797Z] GET /api/task-creation/sessions/53bd88ad-674e-47e5-a46b-f390496870c0
[2026-02-21T14:31:58.797Z] GET /api/task-creation/sessions/53bd88ad-674e-47e5-a46b-f390496870c0/intent
[2026-02-21T14:31:58.798Z] GET /api/task-creation/sessions/53bd88ad-674e-47e5-a46b-f390496870c0/task-description
[2026-02-21T14:31:58.798Z] GET /api/task-creation/sessions/53bd88ad-674e-47e5-a46b-f390496870c0/execution-plan
[2026-02-21T14:31:58.798Z] GET /api/sandbox/environment
[2026-02-21T14:31:58.799Z] GET /api/task-creation/sessions
[2026-02-21T14:31:59.163Z] GET /api/sandbox/osac/sess_35ff684915754d7c/messages
[2026-02-21T14:32:02.807Z] GET /api/task-creation/sessions/53bd88ad-674e-47e5-a46b-f390496870c0
[2026-02-21T14:32:02.808Z] GET /api/task-creation/sessions/53bd88ad-674e-47e5-a46b-f390496870c0/intent
[2026-02-21T14:32:02.809Z] GET /api/task-creation/sessions/53bd88ad-674e-47e5-a46b-f390496870c0/messages
[2026-02-21T14:32:02.809Z] GET /api/task-creation/sessions/53bd88ad-674e-47e5-a46b-f390496870c0/task-description
[2026-02-21T14:32:02.809Z] GET /api/task-creation/sessions/53bd88ad-674e-47e5-a46b-f390496870c0/execution-plan
[2026-02-21T14:32:02.809Z] GET /api/sandbox/environment
[2026-02-21T14:32:02.810Z] GET /api/task-creation/sessions
[2026-02-21T14:32:03.223Z] GET /api/sandbox/osac/sess_35ff684915754d7c/messages
[2026-02-21T14:32:06.795Z] GET /api/task-creation/sessions/53bd88ad-674e-47e5-a46b-f390496870c0
[2026-02-21T14:32:06.796Z] GET /api/task-creation/sessions/53bd88ad-674e-47e5-a46b-f390496870c0/messages
[2026-02-21T14:32:06.796Z] GET /api/task-creation/sessions/53bd88ad-674e-47e5-a46b-f390496870c0/intent
[2026-02-21T14:32:06.796Z] GET /api/task-creation/sessions/53bd88ad-674e-47e5-a46b-f390496870c0/task-description
[2026-02-21T14:32:06.797Z] GET /api/task-creation/sessions/53bd88ad-674e-47e5-a46b-f390496870c0/execution-plan
[2026-02-21T14:32:06.797Z] GET /api/sandbox/environment
[2026-02-21T14:32:06.797Z] GET /api/task-creation/sessions
✅ 数据库连接成功
[2026-02-21T14:32:07.172Z] GET /api/sandbox/osac/sess_35ff684915754d7c/messages
[2026-02-21T14:32:09.007Z] GET /api/sandbox/osac/sess_35ff684915754d7c/messages
[2026-02-21T14:32:09.009Z] GET /api/task-creation/sessions
[2026-02-21T14:32:10.805Z] GET /api/task-creation/sessions/53bd88ad-674e-47e5-a46b-f390496870c0/messages
[2026-02-21T14:32:10.805Z] GET /api/task-creation/sessions/53bd88ad-674e-47e5-a46b-f390496870c0
[2026-02-21T14:32:10.805Z] GET /api/task-creation/sessions/53bd88ad-674e-47e5-a46b-f390496870c0/intent
[2026-02-21T14:32:10.806Z] GET /api/task-creation/sessions/53bd88ad-674e-47e5-a46b-f390496870c0/task-description
[2026-02-21T14:32:10.806Z] GET /api/task-creation/sessions/53bd88ad-674e-47e5-a46b-f390496870c0/execution-plan
[2026-02-21T14:32:10.807Z] GET /api/sandbox/environment
[2026-02-21T14:32:10.807Z] GET /api/task-creation/sessions
[2026-02-21T14:32:11.154Z] GET /api/sandbox/osac/sess_35ff684915754d7c/messages
[2026-02-21T14:32:14.806Z] GET /api/task-creation/sessions/53bd88ad-674e-47e5-a46b-f390496870c0
[2026-02-21T14:32:14.807Z] GET /api/task-creation/sessions/53bd88ad-674e-47e5-a46b-f390496870c0/messages
[2026-02-21T14:32:14.807Z] GET /api/task-creation/sessions/53bd88ad-674e-47e5-a46b-f390496870c0/intent
[2026-02-21T14:32:14.808Z] GET /api/task-creation/sessions/53bd88ad-674e-47e5-a46b-f390496870c0/task-description
[2026-02-21T14:32:14.808Z] GET /api/task-creation/sessions/53bd88ad-674e-47e5-a46b-f390496870c0/execution-plan
[2026-02-21T14:32:14.809Z] GET /api/sandbox/environment
[2026-02-21T14:32:14.809Z] GET /api/task-creation/sessions
[2026-02-21T14:32:15.102Z] GET /api/sandbox/osac/sess_35ff684915754d7c/messages
[2026-02-21T14:32:18.794Z] GET /api/task-creation/sessions/53bd88ad-674e-47e5-a46b-f390496870c0
[2026-02-21T14:32:18.795Z] GET /api/task-creation/sessions/53bd88ad-674e-47e5-a46b-f390496870c0/intent
[2026-02-21T14:32:18.795Z] GET /api/task-creation/sessions/53bd88ad-674e-47e5-a46b-f390496870c0/messages
[2026-02-21T14:32:18.795Z] GET /api/task-creation/sessions/53bd88ad-674e-47e5-a46b-f390496870c0/task-description
[2026-02-21T14:32:18.796Z] GET /api/task-creation/sessions/53bd88ad-674e-47e5-a46b-f390496870c0/execution-plan
[2026-02-21T14:32:18.796Z] GET /api/sandbox/environment
[2026-02-21T14:32:18.796Z] GET /api/task-creation/sessions
[2026-02-21T14:32:19.365Z] GET /api/sandbox/osac/sess_35ff684915754d7c/messages
[2026-02-21T14:32:22.801Z] GET /api/task-creation/sessions/53bd88ad-674e-47e5-a46b-f390496870c0/messages
[2026-02-21T14:32:22.802Z] GET /api/task-creation/sessions/53bd88ad-674e-47e5-a46b-f390496870c0
[2026-02-21T14:32:22.802Z] GET /api/task-creation/sessions/53bd88ad-674e-47e5-a46b-f390496870c0/intent
[2026-02-21T14:32:22.802Z] GET /api/task-creation/sessions/53bd88ad-674e-47e5-a46b-f390496870c0/task-description
[2026-02-21T14:32:22.803Z] GET /api/task-creation/sessions/53bd88ad-674e-47e5-a46b-f390496870c0/execution-plan
[2026-02-21T14:32:22.803Z] GET /api/sandbox/environment
[2026-02-21T14:32:22.803Z] GET /api/task-creation/sessions
✅ 数据库连接成功
[2026-02-21T14:32:23.091Z] GET /api/sandbox/osac/sess_35ff684915754d7c/messages
[2026-02-21T14:32:26.809Z] GET /api/task-creation/sessions/53bd88ad-674e-47e5-a46b-f390496870c0
[2026-02-21T14:32:26.810Z] GET /api/task-creation/sessions/53bd88ad-674e-47e5-a46b-f390496870c0/intent
[2026-02-21T14:32:26.810Z] GET /api/task-creation/sessions/53bd88ad-674e-47e5-a46b-f390496870c0/task-description
[2026-02-21T14:32:26.810Z] GET /api/task-creation/sessions/53bd88ad-674e-47e5-a46b-f390496870c0/messages
[2026-02-21T14:32:26.811Z] GET /api/task-creation/sessions/53bd88ad-674e-47e5-a46b-f390496870c0/execution-plan
[2026-02-21T14:32:26.811Z] GET /api/sandbox/environment
[2026-02-21T14:32:26.811Z] GET /api/task-creation/sessions
[2026-02-21T14:32:27.412Z] GET /api/sandbox/osac/sess_35ff684915754d7c/messages
22:32:27 [tsx] change in ./src\services\opencode-remote-service.ts Restarting...
c[OSAC_CONNECTION_MANAGER] fixed_session_mode: disable background health check
22:49:27 [tsx] change in ./src\services\opencode-remote-service.ts Rerunning...
c[OSAC_CONNECTION_MANAGER] fixed_session_mode: disable background health check

🚀 oneceo.ai API Server
━━━━━━━━━━━━━━━━━━━━━━━━━━━━━━━━━━━━━━━━━━━━━
📡 API server running on http://localhost:4000
🔌 WebSocket server running on ws://localhost:4000
🔌 Task Creation WebSocket: ws://localhost:4000/ws/task-creation
🏥 Health check: http://localhost:4000/health
━━━━━━━━━━━━━━━━━━━━━━━━━━━━━━━━━━━━━━━━━━━━━
[OSAC_PERSISTENT_RECOVER_SKIP] fixed_session_mode

✅ 数据库连接成功
[2026-02-21T14:49:30.052Z] GET /api/sandbox/osac/sess_35ff684915754d7c/messages
[2026-02-21T14:49:31.854Z] GET /api/task-creation/sessions
[2026-02-21T14:49:34.053Z] GET /api/sandbox/osac/sess_35ff684915754d7c/messages
[2026-02-21T14:49:37.854Z] GET /api/task-creation/sessions
[2026-02-21T14:49:38.049Z] GET /api/sandbox/osac/sess_35ff684915754d7c/messages
[2026-02-21T14:49:42.052Z] GET /api/sandbox/osac/sess_35ff684915754d7c/messages
[2026-02-21T14:49:43.862Z] GET /api/task-creation/sessions
[2026-02-21T14:49:46.049Z] GET /api/sandbox/osac/sess_35ff684915754d7c/messages
[2026-02-21T14:49:49.851Z] GET /api/task-creation/sessions
[2026-02-21T14:49:50.048Z] GET /api/sandbox/osac/sess_35ff684915754d7c/messages
[2026-02-21T14:49:54.050Z] GET /api/sandbox/osac/sess_35ff684915754d7c/messages
[2026-02-21T14:49:55.854Z] GET /api/task-creation/sessions
[2026-02-21T14:49:58.044Z] GET /api/sandbox/osac/sess_35ff684915754d7c/messages
[2026-02-21T14:50:01.853Z] GET /api/task-creation/sessions
[2026-02-21T14:50:02.052Z] GET /api/sandbox/osac/sess_35ff684915754d7c/messages
[WebSocket] 客户端连接: client_1771685404016_jaiwxgqfd
[WebSocket] 发送消息 to client_1771685404016_jaiwxgqfd: agent_message
[2026-02-21T14:50:04.018Z] GET /api/sandbox/osac/sess_35ff684915754d7c/messages
[2026-02-21T14:50:04.061Z] GET /api/task-creation/sessions/83a7d841-8636-4067-9fc4-04011b32e501/messages
[2026-02-21T14:50:07.851Z] GET /api/task-creation/sessions
[2026-02-21T14:50:09.004Z] GET /api/task-creation/sessions/c9aa91ab-c781-4ebc-af1a-4637a8c7cde2
[2026-02-21T14:50:09.005Z] GET /api/task-creation/sessions/c9aa91ab-c781-4ebc-af1a-4637a8c7cde2/messages
[2026-02-21T14:50:09.006Z] GET /api/task-creation/sessions/c9aa91ab-c781-4ebc-af1a-4637a8c7cde2/intent
[2026-02-21T14:50:09.009Z] GET /api/task-creation/sessions
[2026-02-21T14:50:09.009Z] GET /api/task-creation/sessions/c9aa91ab-c781-4ebc-af1a-4637a8c7cde2/task-description
[2026-02-21T14:50:09.010Z] GET /api/task-creation/sessions/c9aa91ab-c781-4ebc-af1a-4637a8c7cde2/execution-plan
[2026-02-21T14:50:09.011Z] GET /api/sandbox/environment
✅ 数据库连接成功
[2026-02-21T14:50:09.440Z] GET /api/sandbox/osac/sess_35ff684915754d7c/messages
[2026-02-21T14:50:13.855Z] GET /api/task-creation/sessions
[2026-02-21T14:50:19.854Z] GET /api/task-creation/sessions
[2026-02-21T14:50:25.850Z] GET /api/task-creation/sessions
[2026-02-21T14:50:31.861Z] GET /api/task-creation/sessions
[2026-02-21T14:50:37.863Z] GET /api/task-creation/sessions
23:15:11 [tsx] change in ./src\services\opencode-remote-service.ts Rerunning...
c[OSAC_CONNECTION_MANAGER] fixed_session_mode: disable background health check
23:22:53 [tsx] change in ./src\services\opencode-remote-service.ts Rerunning...
c[OSAC_CONNECTION_MANAGER] fixed_session_mode: disable background health check
23:47:57 [tsx] change in ./src\services\opencode-remote-service.ts Rerunning...
c[OSAC_CONNECTION_MANAGER] fixed_session_mode: disable background health check

🚀 oneceo.ai API Server
━━━━━━━━━━━━━━━━━━━━━━━━━━━━━━━━━━━━━━━━━━━━━
📡 API server running on http://localhost:4000
🔌 WebSocket server running on ws://localhost:4000
🔌 Task Creation WebSocket: ws://localhost:4000/ws/task-creation
🏥 Health check: http://localhost:4000/health
━━━━━━━━━━━━━━━━━━━━━━━━━━━━━━━━━━━━━━━━━━━━━
[OSAC_PERSISTENT_RECOVER_SKIP] fixed_session_mode

✅ 数据库连接成功
[2026-02-21T15:48:09.004Z] GET /api/task-creation/sessions
[2026-02-21T15:48:09.008Z] GET /api/sandbox/osac/sess_35ff684915754d7c/messages
23:48:21 [tsx] change in ./src\services\opencode-remote-service.ts Restarting...
c[OSAC_CONNECTION_MANAGER] fixed_session_mode: disable background health check

🚀 oneceo.ai API Server
━━━━━━━━━━━━━━━━━━━━━━━━━━━━━━━━━━━━━━━━━━━━━
📡 API server running on http://localhost:4000
🔌 WebSocket server running on ws://localhost:4000
🔌 Task Creation WebSocket: ws://localhost:4000/ws/task-creation
🏥 Health check: http://localhost:4000/health
━━━━━━━━━━━━━━━━━━━━━━━━━━━━━━━━━━━━━━━━━━━━━
[OSAC_PERSISTENT_RECOVER_SKIP] fixed_session_mode

✅ 数据库连接成功
[WebSocket] 客户端连接: client_1771688925018_abecz1927
[WebSocket] 发送消息 to client_1771688925018_abecz1927: agent_message
[2026-02-21T15:48:45.021Z] GET /api/sandbox/osac/sess_35ff684915754d7c/messages
[2026-02-21T15:48:45.034Z] GET /api/task-creation/sessions/c9aa91ab-c781-4ebc-af1a-4637a8c7cde2/messages
[2026-02-21T15:48:50.004Z] GET /api/sandbox/osac/sess_35ff684915754d7c/messages
[2026-02-21T15:48:54.006Z] GET /api/sandbox/osac/sess_35ff684915754d7c/messages
[2026-02-21T15:48:58.006Z] GET /api/sandbox/osac/sess_35ff684915754d7c/messages
[2026-02-21T15:49:02.010Z] GET /api/sandbox/osac/sess_35ff684915754d7c/messages
[2026-02-21T15:49:06.000Z] GET /api/sandbox/osac/sess_35ff684915754d7c/messages
[2026-02-21T15:49:09.009Z] GET /api/task-creation/sessions
[WebSocket] 客户端连接: client_1771688949033_gwukz8vd4
[WebSocket] 发送消息 to client_1771688949033_gwukz8vd4: agent_message
[2026-02-21T15:49:09.035Z] GET /api/sandbox/osac/sess_35ff684915754d7c/messages
[2026-02-21T15:49:09.035Z] GET /api/task-creation/sessions/c9aa91ab-c781-4ebc-af1a-4637a8c7cde2/messages
[WebSocket] 客户端断开: client_1771688925018_abecz1927
[2026-02-21T15:49:09.058Z] GET /api/task-creation/sessions/c9aa91ab-c781-4ebc-af1a-4637a8c7cde2/messages
[2026-02-21T15:49:14.001Z] GET /api/sandbox/osac/sess_35ff684915754d7c/messages
[2026-02-21T15:49:18.012Z] GET /api/sandbox/osac/sess_35ff684915754d7c/messages
[2026-02-21T15:49:22.007Z] GET /api/sandbox/osac/sess_35ff684915754d7c/messages
[2026-02-21T15:49:26.012Z] GET /api/sandbox/osac/sess_35ff684915754d7c/messages
[2026-02-21T15:49:30.000Z] GET /api/sandbox/osac/sess_35ff684915754d7c/messages
[2026-02-21T15:50:09.003Z] GET /api/task-creation/sessions
[2026-02-21T15:50:09.004Z] GET /api/sandbox/osac/sess_35ff684915754d7c/messages
[2026-02-21T15:51:09.007Z] GET /api/task-creation/sessions
[2026-02-21T15:51:09.008Z] GET /api/sandbox/osac/sess_35ff684915754d7c/messages
[2026-02-21T15:52:09.011Z] GET /api/task-creation/sessions
[2026-02-21T15:52:09.012Z] GET /api/sandbox/osac/sess_35ff684915754d7c/messages
[2026-02-21T15:53:09.013Z] GET /api/task-creation/sessions
[2026-02-21T15:53:09.014Z] GET /api/sandbox/osac/sess_35ff684915754d7c/messages
[2026-02-21T15:54:09.000Z] GET /api/task-creation/sessions
[2026-02-21T15:54:09.001Z] GET /api/sandbox/osac/sess_35ff684915754d7c/messages
[2026-02-21T15:55:09.010Z] GET /api/task-creation/sessions
[2026-02-21T15:55:09.011Z] GET /api/sandbox/osac/sess_35ff684915754d7c/messages
[2026-02-21T15:56:09.000Z] GET /api/task-creation/sessions
[2026-02-21T15:56:09.001Z] GET /api/sandbox/osac/sess_35ff684915754d7c/messages
[2026-02-21T15:57:09.009Z] GET /api/task-creation/sessions
[2026-02-21T15:57:09.010Z] GET /api/sandbox/osac/sess_35ff684915754d7c/messages
[2026-02-21T15:58:09.000Z] GET /api/task-creation/sessions
[2026-02-21T15:58:09.001Z] GET /api/sandbox/osac/sess_35ff684915754d7c/messages
[2026-02-21T15:59:09.010Z] GET /api/task-creation/sessions
[2026-02-21T15:59:09.011Z] GET /api/sandbox/osac/sess_35ff684915754d7c/messages
[2026-02-21T16:00:09.010Z] GET /api/task-creation/sessions
[2026-02-21T16:00:09.011Z] GET /api/sandbox/osac/sess_35ff684915754d7c/messages
[2026-02-21T16:01:09.002Z] GET /api/task-creation/sessions
[2026-02-21T16:01:09.003Z] GET /api/sandbox/osac/sess_35ff684915754d7c/messages
[2026-02-21T16:02:09.010Z] GET /api/task-creation/sessions
[2026-02-21T16:02:09.010Z] GET /api/sandbox/osac/sess_35ff684915754d7c/messages
[2026-02-21T16:03:09.009Z] GET /api/task-creation/sessions
[2026-02-21T16:03:09.010Z] GET /api/sandbox/osac/sess_35ff684915754d7c/messages
[2026-02-21T16:04:09.010Z] GET /api/task-creation/sessions
[2026-02-21T16:04:09.011Z] GET /api/sandbox/osac/sess_35ff684915754d7c/messages
[2026-02-21T16:05:09.003Z] GET /api/task-creation/sessions
[2026-02-21T16:05:09.004Z] GET /api/sandbox/osac/sess_35ff684915754d7c/messages
[2026-02-21T16:06:09.008Z] GET /api/task-creation/sessions
[2026-02-21T16:06:09.009Z] GET /api/sandbox/osac/sess_35ff684915754d7c/messages
[2026-02-21T16:07:09.002Z] GET /api/task-creation/sessions
[2026-02-21T16:07:09.003Z] GET /api/sandbox/osac/sess_35ff684915754d7c/messages
[2026-02-21T16:08:09.000Z] GET /api/task-creation/sessions
[2026-02-21T16:08:09.001Z] GET /api/sandbox/osac/sess_35ff684915754d7c/messages
[2026-02-21T16:09:09.007Z] GET /api/task-creation/sessions
[2026-02-21T16:09:09.007Z] GET /api/sandbox/osac/sess_35ff684915754d7c/messages
[2026-02-21T16:10:09.010Z] GET /api/task-creation/sessions
[2026-02-21T16:10:09.011Z] GET /api/sandbox/osac/sess_35ff684915754d7c/messages
[2026-02-21T16:11:09.002Z] GET /api/task-creation/sessions
[2026-02-21T16:11:09.003Z] GET /api/sandbox/osac/sess_35ff684915754d7c/messages
[2026-02-21T16:12:09.011Z] GET /api/task-creation/sessions
[2026-02-21T16:12:09.012Z] GET /api/sandbox/osac/sess_35ff684915754d7c/messages
[2026-02-21T16:13:09.012Z] GET /api/task-creation/sessions
[2026-02-21T16:13:09.013Z] GET /api/sandbox/osac/sess_35ff684915754d7c/messages
[2026-02-21T16:14:09.004Z] GET /api/task-creation/sessions
[2026-02-21T16:14:09.005Z] GET /api/sandbox/osac/sess_35ff684915754d7c/messages
[2026-02-21T16:15:09.001Z] GET /api/task-creation/sessions
[2026-02-21T16:15:09.002Z] GET /api/sandbox/osac/sess_35ff684915754d7c/messages
[2026-02-21T16:16:09.005Z] GET /api/task-creation/sessions
[2026-02-21T16:16:09.006Z] GET /api/sandbox/osac/sess_35ff684915754d7c/messages
[2026-02-21T16:17:09.004Z] GET /api/task-creation/sessions
[2026-02-21T16:17:09.005Z] GET /api/sandbox/osac/sess_35ff684915754d7c/messages
[2026-02-21T16:18:09.002Z] GET /api/task-creation/sessions
[2026-02-21T16:18:09.003Z] GET /api/sandbox/osac/sess_35ff684915754d7c/messages
[2026-02-21T16:19:09.010Z] GET /api/task-creation/sessions
[2026-02-21T16:19:09.011Z] GET /api/sandbox/osac/sess_35ff684915754d7c/messages
[2026-02-21T16:20:09.001Z] GET /api/task-creation/sessions
[2026-02-21T16:20:09.002Z] GET /api/sandbox/osac/sess_35ff684915754d7c/messages
[2026-02-21T16:21:09.003Z] GET /api/task-creation/sessions
[2026-02-21T16:21:09.004Z] GET /api/sandbox/osac/sess_35ff684915754d7c/messages
[2026-02-21T16:22:09.001Z] GET /api/task-creation/sessions
[2026-02-21T16:22:09.002Z] GET /api/sandbox/osac/sess_35ff684915754d7c/messages
[2026-02-21T16:23:09.003Z] GET /api/task-creation/sessions
[2026-02-21T16:23:09.004Z] GET /api/sandbox/osac/sess_35ff684915754d7c/messages
[2026-02-21T16:24:09.004Z] GET /api/task-creation/sessions
[2026-02-21T16:24:09.004Z] GET /api/sandbox/osac/sess_35ff684915754d7c/messages
[2026-02-21T16:25:08.999Z] GET /api/task-creation/sessions
[2026-02-21T16:25:09.000Z] GET /api/sandbox/osac/sess_35ff684915754d7c/messages
[2026-02-21T16:26:09.007Z] GET /api/task-creation/sessions
[2026-02-21T16:26:09.007Z] GET /api/sandbox/osac/sess_35ff684915754d7c/messages
[2026-02-21T16:27:09.010Z] GET /api/task-creation/sessions
[2026-02-21T16:27:09.011Z] GET /api/sandbox/osac/sess_35ff684915754d7c/messages
[2026-02-21T16:28:09.000Z] GET /api/task-creation/sessions
[2026-02-21T16:28:09.000Z] GET /api/sandbox/osac/sess_35ff684915754d7c/messages
[2026-02-21T16:29:08.998Z] GET /api/task-creation/sessions
[2026-02-21T16:29:08.998Z] GET /api/sandbox/osac/sess_35ff684915754d7c/messages
[2026-02-21T16:30:09.007Z] GET /api/task-creation/sessions
[2026-02-21T16:30:09.008Z] GET /api/sandbox/osac/sess_35ff684915754d7c/messages
[2026-02-21T16:31:09.011Z] GET /api/task-creation/sessions
[2026-02-21T16:31:09.012Z] GET /api/sandbox/osac/sess_35ff684915754d7c/messages
[2026-02-21T16:32:09.005Z] GET /api/task-creation/sessions
[2026-02-21T16:32:09.006Z] GET /api/sandbox/osac/sess_35ff684915754d7c/messages
[2026-02-21T16:33:09.000Z] GET /api/task-creation/sessions
[2026-02-21T16:33:09.001Z] GET /api/sandbox/osac/sess_35ff684915754d7c/messages
[2026-02-21T17:32:33.573Z] GET /api/task-creation/sessions
[2026-02-21T17:32:33.574Z] GET /api/sandbox/osac/sess_35ff684915754d7c/messages
[2026-02-21T17:32:35.025Z] GET /api/task-creation/sessions
[2026-02-21T17:32:37.033Z] GET /api/sandbox/osac/sess_35ff684915754d7c/messages
[2026-02-21T17:32:41.023Z] GET /api/sandbox/osac/sess_35ff684915754d7c/messages
[2026-02-21T17:32:41.037Z] GET /api/task-creation/sessions
[2026-02-21T17:32:45.023Z] GET /api/sandbox/osac/sess_35ff684915754d7c/messages
[2026-02-21T17:32:47.026Z] GET /api/task-creation/sessions
[2026-02-21T17:32:49.030Z] GET /api/sandbox/osac/sess_35ff684915754d7c/messages
[2026-02-21T17:32:53.023Z] GET /api/sandbox/osac/sess_35ff684915754d7c/messages
[2026-02-21T17:32:53.036Z] GET /api/task-creation/sessions
[2026-02-21T17:32:57.023Z] GET /api/sandbox/osac/sess_35ff684915754d7c/messages
[2026-02-21T17:32:59.029Z] GET /api/task-creation/sessions
[2026-02-21T17:33:01.024Z] GET /api/sandbox/osac/sess_35ff684915754d7c/messages
[2026-02-21T17:33:05.023Z] GET /api/sandbox/osac/sess_35ff684915754d7c/messages
[2026-02-21T17:33:05.037Z] GET /api/task-creation/sessions
[2026-02-21T17:33:09.026Z] GET /api/sandbox/osac/sess_35ff684915754d7c/messages
[2026-02-21T17:33:11.026Z] GET /api/task-creation/sessions
[2026-02-21T17:33:13.021Z] GET /api/sandbox/osac/sess_35ff684915754d7c/messages
[2026-02-21T17:33:17.027Z] GET /api/task-creation/sessions
[2026-02-21T17:33:17.027Z] GET /api/sandbox/osac/sess_35ff684915754d7c/messages
[2026-02-21T17:33:21.023Z] GET /api/sandbox/osac/sess_35ff684915754d7c/messages
[2026-02-21T17:33:23.031Z] GET /api/task-creation/sessions
[2026-02-21T17:33:25.024Z] GET /api/sandbox/osac/sess_35ff684915754d7c/messages
[2026-02-21T17:33:29.023Z] GET /api/sandbox/osac/sess_35ff684915754d7c/messages
[2026-02-21T17:33:29.036Z] GET /api/task-creation/sessions
[2026-02-21T17:33:33.021Z] GET /api/sandbox/osac/sess_35ff684915754d7c/messages
[2026-02-21T17:33:35.040Z] GET /api/task-creation/sessions
[2026-02-21T17:33:37.035Z] GET /api/sandbox/osac/sess_35ff684915754d7c/messages
[2026-02-21T17:33:41.027Z] GET /api/sandbox/osac/sess_35ff684915754d7c/messages
[2026-02-21T17:33:41.028Z] GET /api/task-creation/sessions
[2026-02-21T17:33:45.028Z] GET /api/sandbox/osac/sess_35ff684915754d7c/messages
[2026-02-21T17:33:47.036Z] GET /api/task-creation/sessions
[2026-02-21T17:33:49.022Z] GET /api/sandbox/osac/sess_35ff684915754d7c/messages
[2026-02-21T17:33:53.022Z] GET /api/sandbox/osac/sess_35ff684915754d7c/messages
[2026-02-21T17:33:53.035Z] GET /api/task-creation/sessions
[2026-02-21T17:33:57.034Z] GET /api/sandbox/osac/sess_35ff684915754d7c/messages
[2026-02-21T17:33:59.040Z] GET /api/task-creation/sessions
[2026-02-21T17:34:01.035Z] GET /api/sandbox/osac/sess_35ff684915754d7c/messages
[2026-02-21T17:34:05.034Z] GET /api/task-creation/sessions
[2026-02-21T17:34:05.035Z] GET /api/sandbox/osac/sess_35ff684915754d7c/messages
[2026-02-21T17:34:09.047Z] GET /api/sandbox/osac/sess_35ff684915754d7c/messages
[2026-02-21T17:34:11.032Z] GET /api/task-creation/sessions
[2026-02-21T17:34:13.036Z] GET /api/sandbox/osac/sess_35ff684915754d7c/messages
[2026-02-21T17:34:17.035Z] GET /api/task-creation/sessions
[2026-02-21T17:34:17.036Z] GET /api/sandbox/osac/sess_35ff684915754d7c/messages
[2026-02-21T17:34:21.022Z] GET /api/sandbox/osac/sess_35ff684915754d7c/messages
[2026-02-21T17:34:23.025Z] GET /api/task-creation/sessions
[2026-02-21T17:34:25.028Z] GET /api/sandbox/osac/sess_35ff684915754d7c/messages
[2026-02-21T17:34:29.023Z] GET /api/sandbox/osac/sess_35ff684915754d7c/messages
[2026-02-21T17:34:29.037Z] GET /api/task-creation/sessions
[2026-02-21T17:34:33.030Z] GET /api/sandbox/osac/sess_35ff684915754d7c/messages
[2026-02-21T17:34:35.038Z] GET /api/task-creation/sessions
[2026-02-21T17:34:37.028Z] GET /api/sandbox/osac/sess_35ff684915754d7c/messages
[2026-02-21T17:34:41.026Z] GET /api/task-creation/sessions
[2026-02-21T17:34:41.027Z] GET /api/sandbox/osac/sess_35ff684915754d7c/messages
[2026-02-21T17:34:45.029Z] GET /api/sandbox/osac/sess_35ff684915754d7c/messages
[2026-02-21T17:34:47.037Z] GET /api/task-creation/sessions
[2026-02-21T17:34:49.026Z] GET /api/sandbox/osac/sess_35ff684915754d7c/messages
[2026-02-21T17:34:53.025Z] GET /api/sandbox/osac/sess_35ff684915754d7c/messages
[2026-02-21T17:34:53.038Z] GET /api/task-creation/sessions
[2026-02-21T17:34:57.031Z] GET /api/sandbox/osac/sess_35ff684915754d7c/messages
[2026-02-21T17:34:59.038Z] GET /api/task-creation/sessions
[2026-02-21T17:35:01.033Z] GET /api/sandbox/osac/sess_35ff684915754d7c/messages
[2026-02-21T17:35:05.023Z] GET /api/sandbox/osac/sess_35ff684915754d7c/messages
[2026-02-21T17:35:05.036Z] GET /api/task-creation/sessions
[2026-02-21T17:35:09.024Z] GET /api/sandbox/osac/sess_35ff684915754d7c/messages
[2026-02-21T17:35:11.034Z] GET /api/task-creation/sessions
[2026-02-21T17:35:13.022Z] GET /api/sandbox/osac/sess_35ff684915754d7c/messages
[2026-02-21T17:35:17.027Z] GET /api/task-creation/sessions
[2026-02-21T17:35:17.027Z] GET /api/sandbox/osac/sess_35ff684915754d7c/messages
[2026-02-21T17:35:21.032Z] GET /api/sandbox/osac/sess_35ff684915754d7c/messages
[2026-02-21T17:35:23.027Z] GET /api/task-creation/sessions
[2026-02-21T17:35:25.028Z] GET /api/sandbox/osac/sess_35ff684915754d7c/messages
[2026-02-21T17:35:29.030Z] GET /api/task-creation/sessions
[2026-02-21T17:35:29.031Z] GET /api/sandbox/osac/sess_35ff684915754d7c/messages
[2026-02-21T17:35:33.026Z] GET /api/sandbox/osac/sess_35ff684915754d7c/messages
[2026-02-21T17:35:35.032Z] GET /api/task-creation/sessions
[2026-02-21T17:35:37.025Z] GET /api/sandbox/osac/sess_35ff684915754d7c/messages
[2026-02-21T17:35:41.023Z] GET /api/sandbox/osac/sess_35ff684915754d7c/messages
[2026-02-21T17:35:41.035Z] GET /api/task-creation/sessions
[2026-02-21T17:35:45.025Z] GET /api/sandbox/osac/sess_35ff684915754d7c/messages
[2026-02-21T17:35:47.041Z] GET /api/task-creation/sessions
[2026-02-21T17:35:49.032Z] GET /api/sandbox/osac/sess_35ff684915754d7c/messages
[2026-02-21T17:35:53.033Z] GET /api/task-creation/sessions
[2026-02-21T17:35:53.034Z] GET /api/sandbox/osac/sess_35ff684915754d7c/messages
[2026-02-21T17:35:57.034Z] GET /api/sandbox/osac/sess_35ff684915754d7c/messages
[2026-02-21T17:35:59.030Z] GET /api/task-creation/sessions
[2026-02-21T17:36:01.035Z] GET /api/sandbox/osac/sess_35ff684915754d7c/messages
[2026-02-21T17:36:05.035Z] GET /api/task-creation/sessions
[2026-02-21T17:36:05.035Z] GET /api/sandbox/osac/sess_35ff684915754d7c/messages
[2026-02-21T17:36:09.034Z] GET /api/sandbox/osac/sess_35ff684915754d7c/messages
[2026-02-21T17:36:11.040Z] GET /api/task-creation/sessions
[2026-02-21T17:36:13.025Z] GET /api/sandbox/osac/sess_35ff684915754d7c/messages
[2026-02-21T17:36:17.035Z] GET /api/task-creation/sessions
[2026-02-21T17:36:17.036Z] GET /api/sandbox/osac/sess_35ff684915754d7c/messages
[2026-02-21T17:36:21.033Z] GET /api/sandbox/osac/sess_35ff684915754d7c/messages
[2026-02-21T17:36:23.026Z] GET /api/task-creation/sessions
[2026-02-21T17:36:25.033Z] GET /api/sandbox/osac/sess_35ff684915754d7c/messages
[2026-02-21T17:36:29.023Z] GET /api/sandbox/osac/sess_35ff684915754d7c/messages
[2026-02-21T17:36:29.035Z] GET /api/task-creation/sessions
[2026-02-21T17:36:33.027Z] GET /api/sandbox/osac/sess_35ff684915754d7c/messages
[2026-02-21T17:36:35.039Z] GET /api/task-creation/sessions
[2026-02-21T17:36:37.025Z] GET /api/sandbox/osac/sess_35ff684915754d7c/messages
[2026-02-21T17:36:41.021Z] GET /api/sandbox/osac/sess_35ff684915754d7c/messages
[2026-02-21T17:36:41.033Z] GET /api/task-creation/sessions
[2026-02-21T17:36:45.024Z] GET /api/sandbox/osac/sess_35ff684915754d7c/messages
[2026-02-21T17:36:47.025Z] GET /api/task-creation/sessions
[2026-02-21T17:36:49.020Z] GET /api/sandbox/osac/sess_35ff684915754d7c/messages
[2026-02-21T17:36:53.023Z] GET /api/sandbox/osac/sess_35ff684915754d7c/messages
[2026-02-21T17:36:53.035Z] GET /api/task-creation/sessions
[2026-02-21T17:36:57.021Z] GET /api/sandbox/osac/sess_35ff684915754d7c/messages
[2026-02-21T17:36:59.034Z] GET /api/task-creation/sessions
[2026-02-21T17:37:01.030Z] GET /api/sandbox/osac/sess_35ff684915754d7c/messages
[2026-02-21T17:37:05.026Z] GET /api/task-creation/sessions
[2026-02-21T17:37:05.027Z] GET /api/sandbox/osac/sess_35ff684915754d7c/messages
[2026-02-21T17:37:09.026Z] GET /api/sandbox/osac/sess_35ff684915754d7c/messages
[2026-02-21T17:37:11.091Z] GET /api/task-creation/sessions
[2026-02-21T17:37:13.023Z] GET /api/sandbox/osac/sess_35ff684915754d7c/messages
[2026-02-21T17:37:17.020Z] GET /api/sandbox/osac/sess_35ff684915754d7c/messages
[2026-02-21T17:37:17.032Z] GET /api/task-creation/sessions
[2026-02-21T17:37:21.026Z] GET /api/sandbox/osac/sess_35ff684915754d7c/messages
[2026-02-21T17:37:23.026Z] GET /api/task-creation/sessions
[2026-02-21T17:37:25.025Z] GET /api/sandbox/osac/sess_35ff684915754d7c/messages
[2026-02-21T17:37:29.022Z] GET /api/sandbox/osac/sess_35ff684915754d7c/messages
[2026-02-21T17:37:29.035Z] GET /api/task-creation/sessions
[2026-02-21T17:37:33.035Z] GET /api/sandbox/osac/sess_35ff684915754d7c/messages
[2026-02-21T17:37:35.029Z] GET /api/task-creation/sessions
[2026-02-21T17:37:37.031Z] GET /api/sandbox/osac/sess_35ff684915754d7c/messages
[2026-02-21T17:37:41.021Z] GET /api/sandbox/osac/sess_35ff684915754d7c/messages
[2026-02-21T17:37:41.033Z] GET /api/task-creation/sessions
[2026-02-21T17:37:45.029Z] GET /api/sandbox/osac/sess_35ff684915754d7c/messages
[2026-02-21T17:37:47.030Z] GET /api/task-creation/sessions
[2026-02-21T17:37:49.022Z] GET /api/sandbox/osac/sess_35ff684915754d7c/messages
[2026-02-21T17:37:53.025Z] GET /api/sandbox/osac/sess_35ff684915754d7c/messages
[2026-02-21T17:37:53.037Z] GET /api/task-creation/sessions
[2026-02-21T17:37:57.022Z] GET /api/sandbox/osac/sess_35ff684915754d7c/messages
[2026-02-21T17:37:59.031Z] GET /api/task-creation/sessions
[2026-02-21T17:38:01.028Z] GET /api/sandbox/osac/sess_35ff684915754d7c/messages
[2026-02-21T17:38:05.028Z] GET /api/task-creation/sessions
[2026-02-21T17:38:05.028Z] GET /api/sandbox/osac/sess_35ff684915754d7c/messages
[2026-02-21T17:38:09.022Z] GET /api/sandbox/osac/sess_35ff684915754d7c/messages
[2026-02-21T17:38:11.025Z] GET /api/task-creation/sessions
[2026-02-21T17:38:13.032Z] GET /api/sandbox/osac/sess_35ff684915754d7c/messages
[2026-02-21T17:38:17.034Z] GET /api/task-creation/sessions
[2026-02-21T17:38:17.035Z] GET /api/sandbox/osac/sess_35ff684915754d7c/messages
[2026-02-21T17:38:21.028Z] GET /api/sandbox/osac/sess_35ff684915754d7c/messages
[2026-02-21T17:38:23.032Z] GET /api/task-creation/sessions
[2026-02-21T17:38:25.025Z] GET /api/sandbox/osac/sess_35ff684915754d7c/messages
[2026-02-21T17:38:29.021Z] GET /api/sandbox/osac/sess_35ff684915754d7c/messages
[2026-02-21T17:38:29.033Z] GET /api/task-creation/sessions
[2026-02-21T17:38:33.033Z] GET /api/sandbox/osac/sess_35ff684915754d7c/messages
[2026-02-21T17:38:35.027Z] GET /api/task-creation/sessions
[2026-02-21T17:38:37.025Z] GET /api/sandbox/osac/sess_35ff684915754d7c/messages
[2026-02-21T17:38:41.028Z] GET /api/task-creation/sessions
[2026-02-21T17:38:41.028Z] GET /api/sandbox/osac/sess_35ff684915754d7c/messages
[2026-02-21T17:38:45.022Z] GET /api/sandbox/osac/sess_35ff684915754d7c/messages
[2026-02-21T17:38:47.035Z] GET /api/task-creation/sessions
[2026-02-21T17:38:49.031Z] GET /api/sandbox/osac/sess_35ff684915754d7c/messages
[2026-02-21T17:38:53.028Z] GET /api/task-creation/sessions
[2026-02-21T17:38:53.029Z] GET /api/sandbox/osac/sess_35ff684915754d7c/messages
[2026-02-21T17:38:57.036Z] GET /api/sandbox/osac/sess_35ff684915754d7c/messages
[2026-02-21T17:38:59.041Z] GET /api/task-creation/sessions
[2026-02-21T17:39:01.027Z] GET /api/sandbox/osac/sess_35ff684915754d7c/messages
[2026-02-21T17:39:05.027Z] GET /api/task-creation/sessions
[2026-02-21T17:39:05.028Z] GET /api/sandbox/osac/sess_35ff684915754d7c/messages
[2026-02-21T17:39:09.036Z] GET /api/sandbox/osac/sess_35ff684915754d7c/messages
[2026-02-21T17:39:11.036Z] GET /api/task-creation/sessions
[2026-02-21T17:39:13.025Z] GET /api/sandbox/osac/sess_35ff684915754d7c/messages
[2026-02-21T17:39:17.033Z] GET /api/task-creation/sessions
[2026-02-21T17:39:17.034Z] GET /api/sandbox/osac/sess_35ff684915754d7c/messages
[2026-02-21T17:39:21.031Z] GET /api/sandbox/osac/sess_35ff684915754d7c/messages
[2026-02-21T17:39:23.037Z] GET /api/task-creation/sessions
[2026-02-21T17:39:25.029Z] GET /api/sandbox/osac/sess_35ff684915754d7c/messages
[2026-02-21T17:39:29.025Z] GET /api/sandbox/osac/sess_35ff684915754d7c/messages
[2026-02-21T17:39:29.037Z] GET /api/task-creation/sessions
[2026-02-21T17:39:33.029Z] GET /api/sandbox/osac/sess_35ff684915754d7c/messages
[2026-02-21T17:39:35.035Z] GET /api/task-creation/sessions
[2026-02-21T17:39:37.029Z] GET /api/sandbox/osac/sess_35ff684915754d7c/messages
[2026-02-21T17:39:41.036Z] GET /api/task-creation/sessions
[2026-02-21T17:39:41.037Z] GET /api/sandbox/osac/sess_35ff684915754d7c/messages
[2026-02-21T17:39:45.024Z] GET /api/sandbox/osac/sess_35ff684915754d7c/messages
[2026-02-21T17:39:47.026Z] GET /api/task-creation/sessions
[2026-02-21T17:39:49.023Z] GET /api/sandbox/osac/sess_35ff684915754d7c/messages
[2026-02-21T17:39:53.028Z] GET /api/task-creation/sessions
[2026-02-21T17:39:53.029Z] GET /api/sandbox/osac/sess_35ff684915754d7c/messages
[2026-02-21T17:39:57.032Z] GET /api/sandbox/osac/sess_35ff684915754d7c/messages
[2026-02-21T17:39:59.029Z] GET /api/task-creation/sessions
[2026-02-21T17:40:01.029Z] GET /api/sandbox/osac/sess_35ff684915754d7c/messages
[2026-02-21T17:40:05.032Z] GET /api/task-creation/sessions
[2026-02-21T17:40:05.032Z] GET /api/sandbox/osac/sess_35ff684915754d7c/messages
[2026-02-21T17:40:09.036Z] GET /api/sandbox/osac/sess_35ff684915754d7c/messages
[2026-02-21T17:40:11.045Z] GET /api/task-creation/sessions
[2026-02-21T17:40:13.029Z] GET /api/sandbox/osac/sess_35ff684915754d7c/messages
[2026-02-21T17:40:17.025Z] GET /api/sandbox/osac/sess_35ff684915754d7c/messages
[2026-02-21T17:40:17.039Z] GET /api/task-creation/sessions
[2026-02-21T17:40:21.036Z] GET /api/sandbox/osac/sess_35ff684915754d7c/messages
[2026-02-21T17:40:23.027Z] GET /api/task-creation/sessions
[2026-02-21T17:40:25.031Z] GET /api/sandbox/osac/sess_35ff684915754d7c/messages
[2026-02-21T17:40:29.027Z] GET /api/sandbox/osac/sess_35ff684915754d7c/messages
[2026-02-21T17:40:29.029Z] GET /api/task-creation/sessions
[2026-02-21T17:40:33.025Z] GET /api/sandbox/osac/sess_35ff684915754d7c/messages
[2026-02-21T17:40:35.031Z] GET /api/task-creation/sessions
[2026-02-21T17:40:37.021Z] GET /api/sandbox/osac/sess_35ff684915754d7c/messages
[2026-02-21T17:40:41.028Z] GET /api/task-creation/sessions
[2026-02-21T17:40:41.029Z] GET /api/sandbox/osac/sess_35ff684915754d7c/messages
[2026-02-21T17:40:45.030Z] GET /api/sandbox/osac/sess_35ff684915754d7c/messages
[2026-02-21T17:40:47.038Z] GET /api/task-creation/sessions
[2026-02-21T17:40:49.032Z] GET /api/sandbox/osac/sess_35ff684915754d7c/messages
[2026-02-21T17:40:53.030Z] GET /api/task-creation/sessions
[2026-02-21T17:40:53.031Z] GET /api/sandbox/osac/sess_35ff684915754d7c/messages
[2026-02-21T17:40:57.032Z] GET /api/sandbox/osac/sess_35ff684915754d7c/messages
[2026-02-21T17:40:59.038Z] GET /api/task-creation/sessions
[2026-02-21T17:41:01.029Z] GET /api/sandbox/osac/sess_35ff684915754d7c/messages
[2026-02-21T17:41:05.022Z] GET /api/sandbox/osac/sess_35ff684915754d7c/messages
[2026-02-21T17:41:05.034Z] GET /api/task-creation/sessions
[2026-02-21T17:41:09.026Z] GET /api/sandbox/osac/sess_35ff684915754d7c/messages
[2026-02-21T17:41:11.029Z] GET /api/task-creation/sessions
[2026-02-21T17:41:13.029Z] GET /api/sandbox/osac/sess_35ff684915754d7c/messages
[2026-02-21T17:41:17.026Z] GET /api/task-creation/sessions
[2026-02-21T17:41:17.027Z] GET /api/sandbox/osac/sess_35ff684915754d7c/messages
[2026-02-21T17:41:21.034Z] GET /api/sandbox/osac/sess_35ff684915754d7c/messages
[2026-02-21T17:41:23.027Z] GET /api/task-creation/sessions
[2026-02-21T17:41:25.034Z] GET /api/sandbox/osac/sess_35ff684915754d7c/messages
[2026-02-21T17:41:29.028Z] GET /api/task-creation/sessions
[2026-02-21T17:41:29.029Z] GET /api/sandbox/osac/sess_35ff684915754d7c/messages
[2026-02-21T17:41:33.032Z] GET /api/sandbox/osac/sess_35ff684915754d7c/messages
[2026-02-21T17:41:35.037Z] GET /api/task-creation/sessions
[2026-02-21T17:41:37.021Z] GET /api/sandbox/osac/sess_35ff684915754d7c/messages
[2026-02-21T17:41:41.022Z] GET /api/sandbox/osac/sess_35ff684915754d7c/messages
[2026-02-21T17:41:41.034Z] GET /api/task-creation/sessions
[2026-02-21T17:41:45.027Z] GET /api/sandbox/osac/sess_35ff684915754d7c/messages
[2026-02-21T17:41:47.035Z] GET /api/task-creation/sessions
[2026-02-21T17:41:49.033Z] GET /api/sandbox/osac/sess_35ff684915754d7c/messages
[2026-02-21T17:41:53.026Z] GET /api/task-creation/sessions
[2026-02-21T17:41:53.027Z] GET /api/sandbox/osac/sess_35ff684915754d7c/messages
[2026-02-21T17:41:57.021Z] GET /api/sandbox/osac/sess_35ff684915754d7c/messages
[2026-02-21T17:41:59.026Z] GET /api/task-creation/sessions
[2026-02-21T17:42:01.025Z] GET /api/sandbox/osac/sess_35ff684915754d7c/messages
[2026-02-21T17:42:05.031Z] GET /api/task-creation/sessions
[2026-02-21T17:42:05.032Z] GET /api/sandbox/osac/sess_35ff684915754d7c/messages
[2026-02-21T17:42:09.023Z] GET /api/sandbox/osac/sess_35ff684915754d7c/messages
[2026-02-21T17:42:11.039Z] GET /api/task-creation/sessions
[2026-02-21T17:42:13.029Z] GET /api/sandbox/osac/sess_35ff684915754d7c/messages
[2026-02-21T17:42:17.033Z] GET /api/task-creation/sessions
[2026-02-21T17:42:17.033Z] GET /api/sandbox/osac/sess_35ff684915754d7c/messages
[2026-02-21T17:42:21.030Z] GET /api/sandbox/osac/sess_35ff684915754d7c/messages
[2026-02-21T17:42:23.030Z] GET /api/task-creation/sessions
[2026-02-21T17:42:25.031Z] GET /api/sandbox/osac/sess_35ff684915754d7c/messages
[2026-02-21T17:42:29.025Z] GET /api/sandbox/osac/sess_35ff684915754d7c/messages
[2026-02-21T17:42:29.037Z] GET /api/task-creation/sessions
[2026-02-21T17:42:33.029Z] GET /api/sandbox/osac/sess_35ff684915754d7c/messages
[2026-02-21T17:42:35.025Z] GET /api/task-creation/sessions
[2026-02-21T17:42:37.034Z] GET /api/sandbox/osac/sess_35ff684915754d7c/messages
[2026-02-21T17:42:41.032Z] GET /api/task-creation/sessions
[2026-02-21T17:42:41.033Z] GET /api/sandbox/osac/sess_35ff684915754d7c/messages
[2026-02-21T17:42:45.035Z] GET /api/sandbox/osac/sess_35ff684915754d7c/messages
[2026-02-21T17:42:47.031Z] GET /api/task-creation/sessions
[2026-02-21T17:42:49.025Z] GET /api/sandbox/osac/sess_35ff684915754d7c/messages
[2026-02-21T17:42:53.033Z] GET /api/task-creation/sessions
[2026-02-21T17:42:53.034Z] GET /api/sandbox/osac/sess_35ff684915754d7c/messages
[2026-02-21T17:42:57.034Z] GET /api/sandbox/osac/sess_35ff684915754d7c/messages
[2026-02-21T17:42:59.033Z] GET /api/task-creation/sessions
[2026-02-21T17:43:01.024Z] GET /api/sandbox/osac/sess_35ff684915754d7c/messages
[2026-02-21T17:43:05.033Z] GET /api/task-creation/sessions
[2026-02-21T17:43:05.033Z] GET /api/sandbox/osac/sess_35ff684915754d7c/messages
[2026-02-21T17:43:09.029Z] GET /api/sandbox/osac/sess_35ff684915754d7c/messages
[2026-02-21T17:43:11.037Z] GET /api/task-creation/sessions
[2026-02-21T17:43:13.026Z] GET /api/sandbox/osac/sess_35ff684915754d7c/messages
[2026-02-21T17:43:17.026Z] GET /api/task-creation/sessions
[2026-02-21T17:43:17.026Z] GET /api/sandbox/osac/sess_35ff684915754d7c/messages
[2026-02-21T17:43:21.026Z] GET /api/sandbox/osac/sess_35ff684915754d7c/messages
[2026-02-21T17:43:23.032Z] GET /api/task-creation/sessions
[2026-02-21T17:43:25.036Z] GET /api/sandbox/osac/sess_35ff684915754d7c/messages
[2026-02-21T17:43:29.024Z] GET /api/sandbox/osac/sess_35ff684915754d7c/messages
[2026-02-21T17:43:29.036Z] GET /api/task-creation/sessions
[2026-02-21T17:43:33.022Z] GET /api/sandbox/osac/sess_35ff684915754d7c/messages
[2026-02-21T17:43:35.029Z] GET /api/task-creation/sessions
[2026-02-21T17:43:37.028Z] GET /api/sandbox/osac/sess_35ff684915754d7c/messages
[2026-02-21T17:43:41.023Z] GET /api/sandbox/osac/sess_35ff684915754d7c/messages
[2026-02-21T17:43:41.035Z] GET /api/task-creation/sessions
[2026-02-21T17:43:45.028Z] GET /api/sandbox/osac/sess_35ff684915754d7c/messages
[2026-02-21T17:43:47.031Z] GET /api/task-creation/sessions
[2026-02-21T17:43:49.030Z] GET /api/sandbox/osac/sess_35ff684915754d7c/messages
[2026-02-21T17:43:53.022Z] GET /api/sandbox/osac/sess_35ff684915754d7c/messages
[2026-02-21T17:43:53.033Z] GET /api/task-creation/sessions
[2026-02-21T17:43:57.034Z] GET /api/sandbox/osac/sess_35ff684915754d7c/messages
[2026-02-21T17:43:59.035Z] GET /api/task-creation/sessions
[2026-02-21T17:44:01.022Z] GET /api/sandbox/osac/sess_35ff684915754d7c/messages
[2026-02-21T17:44:05.032Z] GET /api/task-creation/sessions
[2026-02-21T17:44:05.033Z] GET /api/sandbox/osac/sess_35ff684915754d7c/messages
[2026-02-21T17:44:09.035Z] GET /api/sandbox/osac/sess_35ff684915754d7c/messages
[2026-02-21T17:44:11.031Z] GET /api/task-creation/sessions
[2026-02-21T17:44:13.032Z] GET /api/sandbox/osac/sess_35ff684915754d7c/messages
[2026-02-21T17:44:17.032Z] GET /api/task-creation/sessions
[2026-02-21T17:44:17.033Z] GET /api/sandbox/osac/sess_35ff684915754d7c/messages
[2026-02-21T17:44:21.027Z] GET /api/sandbox/osac/sess_35ff684915754d7c/messages
[2026-02-21T17:44:23.027Z] GET /api/task-creation/sessions
[2026-02-21T17:44:25.022Z] GET /api/sandbox/osac/sess_35ff684915754d7c/messages
[2026-02-21T17:44:29.033Z] GET /api/task-creation/sessions
[2026-02-21T17:44:29.034Z] GET /api/sandbox/osac/sess_35ff684915754d7c/messages
[2026-02-21T17:44:33.032Z] GET /api/sandbox/osac/sess_35ff684915754d7c/messages
[2026-02-21T17:44:35.032Z] GET /api/task-creation/sessions
[2026-02-21T17:44:37.029Z] GET /api/sandbox/osac/sess_35ff684915754d7c/messages
[2026-02-21T17:44:41.027Z] GET /api/task-creation/sessions
[2026-02-21T17:44:41.027Z] GET /api/sandbox/osac/sess_35ff684915754d7c/messages
[2026-02-21T17:44:45.034Z] GET /api/sandbox/osac/sess_35ff684915754d7c/messages
[2026-02-21T17:44:47.038Z] GET /api/task-creation/sessions
[2026-02-21T17:44:49.022Z] GET /api/sandbox/osac/sess_35ff684915754d7c/messages
[2026-02-21T17:44:53.022Z] GET /api/sandbox/osac/sess_35ff684915754d7c/messages
[2026-02-21T17:44:53.034Z] GET /api/task-creation/sessions
[2026-02-21T17:44:57.034Z] GET /api/sandbox/osac/sess_35ff684915754d7c/messages
[2026-02-21T17:44:59.026Z] GET /api/task-creation/sessions
[2026-02-21T17:45:01.027Z] GET /api/sandbox/osac/sess_35ff684915754d7c/messages
[2026-02-21T17:45:05.028Z] GET /api/task-creation/sessions
[2026-02-21T17:45:05.029Z] GET /api/sandbox/osac/sess_35ff684915754d7c/messages
[2026-02-21T17:45:09.028Z] GET /api/sandbox/osac/sess_35ff684915754d7c/messages
[2026-02-21T17:45:11.030Z] GET /api/task-creation/sessions
[2026-02-21T17:45:13.036Z] GET /api/sandbox/osac/sess_35ff684915754d7c/messages
[2026-02-21T17:45:17.028Z] GET /api/task-creation/sessions
[2026-02-21T17:45:17.029Z] GET /api/sandbox/osac/sess_35ff684915754d7c/messages
[2026-02-21T17:45:21.024Z] GET /api/sandbox/osac/sess_35ff684915754d7c/messages
[2026-02-21T17:45:23.032Z] GET /api/task-creation/sessions
[2026-02-21T17:45:25.022Z] GET /api/sandbox/osac/sess_35ff684915754d7c/messages
[2026-02-21T17:45:29.031Z] GET /api/task-creation/sessions
[2026-02-21T17:45:29.032Z] GET /api/sandbox/osac/sess_35ff684915754d7c/messages
[2026-02-21T17:45:33.021Z] GET /api/sandbox/osac/sess_35ff684915754d7c/messages
[2026-02-21T17:45:35.032Z] GET /api/task-creation/sessions
[2026-02-21T17:45:37.022Z] GET /api/sandbox/osac/sess_35ff684915754d7c/messages
[2026-02-21T17:45:41.026Z] GET /api/task-creation/sessions
[2026-02-21T17:45:41.027Z] GET /api/sandbox/osac/sess_35ff684915754d7c/messages
[2026-02-21T17:45:45.024Z] GET /api/sandbox/osac/sess_35ff684915754d7c/messages
[2026-02-21T17:45:47.029Z] GET /api/task-creation/sessions
[2026-02-21T17:45:49.034Z] GET /api/sandbox/osac/sess_35ff684915754d7c/messages
[2026-02-21T17:45:53.026Z] GET /api/task-creation/sessions
[2026-02-21T17:45:53.027Z] GET /api/sandbox/osac/sess_35ff684915754d7c/messages
[2026-02-21T17:45:57.026Z] GET /api/sandbox/osac/sess_35ff684915754d7c/messages
[2026-02-21T17:45:59.034Z] GET /api/task-creation/sessions
[2026-02-21T17:46:01.034Z] GET /api/sandbox/osac/sess_35ff684915754d7c/messages
[2026-02-21T17:46:05.029Z] GET /api/task-creation/sessions
[2026-02-21T17:46:05.030Z] GET /api/sandbox/osac/sess_35ff684915754d7c/messages
[2026-02-21T17:46:09.029Z] GET /api/sandbox/osac/sess_35ff684915754d7c/messages
[2026-02-21T17:46:11.030Z] GET /api/task-creation/sessions
[2026-02-21T17:46:13.027Z] GET /api/sandbox/osac/sess_35ff684915754d7c/messages
[2026-02-21T17:46:17.029Z] GET /api/task-creation/sessions
[2026-02-21T17:46:17.030Z] GET /api/sandbox/osac/sess_35ff684915754d7c/messages
[2026-02-21T17:46:21.021Z] GET /api/sandbox/osac/sess_35ff684915754d7c/messages
[2026-02-21T17:46:23.036Z] GET /api/task-creation/sessions
[2026-02-21T17:46:25.032Z] GET /api/sandbox/osac/sess_35ff684915754d7c/messages
[2026-02-21T17:46:29.034Z] GET /api/task-creation/sessions
[2026-02-21T17:46:29.034Z] GET /api/sandbox/osac/sess_35ff684915754d7c/messages
[2026-02-21T17:46:33.033Z] GET /api/sandbox/osac/sess_35ff684915754d7c/messages
[2026-02-21T17:46:35.040Z] GET /api/task-creation/sessions
[2026-02-21T17:46:37.030Z] GET /api/sandbox/osac/sess_35ff684915754d7c/messages
[2026-02-21T17:46:41.025Z] GET /api/task-creation/sessions
[2026-02-21T17:46:41.026Z] GET /api/sandbox/osac/sess_35ff684915754d7c/messages
[2026-02-21T17:46:45.038Z] GET /api/sandbox/osac/sess_35ff684915754d7c/messages
[2026-02-21T17:46:47.029Z] GET /api/task-creation/sessions
[2026-02-21T17:46:49.030Z] GET /api/sandbox/osac/sess_35ff684915754d7c/messages
[2026-02-21T17:46:53.024Z] GET /api/sandbox/osac/sess_35ff684915754d7c/messages
[2026-02-21T17:46:53.035Z] GET /api/task-creation/sessions
[2026-02-21T17:46:57.032Z] GET /api/sandbox/osac/sess_35ff684915754d7c/messages
[2026-02-21T17:46:59.040Z] GET /api/task-creation/sessions
[2026-02-21T17:47:01.031Z] GET /api/sandbox/osac/sess_35ff684915754d7c/messages
[2026-02-21T17:47:05.035Z] GET /api/task-creation/sessions
[2026-02-21T17:47:05.036Z] GET /api/sandbox/osac/sess_35ff684915754d7c/messages
[2026-02-21T17:47:09.034Z] GET /api/sandbox/osac/sess_35ff684915754d7c/messages
[2026-02-21T17:47:11.037Z] GET /api/task-creation/sessions
[2026-02-21T17:47:13.025Z] GET /api/sandbox/osac/sess_35ff684915754d7c/messages
[2026-02-21T17:47:17.034Z] GET /api/task-creation/sessions
[2026-02-21T17:47:17.034Z] GET /api/sandbox/osac/sess_35ff684915754d7c/messages
[2026-02-21T17:47:21.025Z] GET /api/sandbox/osac/sess_35ff684915754d7c/messages
[2026-02-21T17:47:23.031Z] GET /api/task-creation/sessions
[2026-02-21T17:47:25.026Z] GET /api/sandbox/osac/sess_35ff684915754d7c/messages
[2026-02-21T17:47:29.027Z] GET /api/task-creation/sessions
[2026-02-21T17:47:29.028Z] GET /api/sandbox/osac/sess_35ff684915754d7c/messages
[2026-02-21T17:47:33.028Z] GET /api/sandbox/osac/sess_35ff684915754d7c/messages
[2026-02-21T17:47:35.025Z] GET /api/task-creation/sessions
[2026-02-21T17:47:37.032Z] GET /api/sandbox/osac/sess_35ff684915754d7c/messages
[2026-02-21T17:47:41.034Z] GET /api/task-creation/sessions
[2026-02-21T17:47:41.035Z] GET /api/sandbox/osac/sess_35ff684915754d7c/messages
[2026-02-21T17:47:45.023Z] GET /api/sandbox/osac/sess_35ff684915754d7c/messages
[2026-02-21T17:47:47.034Z] GET /api/task-creation/sessions
[2026-02-21T17:47:49.022Z] GET /api/sandbox/osac/sess_35ff684915754d7c/messages
[2026-02-21T17:47:53.027Z] GET /api/task-creation/sessions
[2026-02-21T17:47:53.028Z] GET /api/sandbox/osac/sess_35ff684915754d7c/messages
[2026-02-21T17:47:57.035Z] GET /api/sandbox/osac/sess_35ff684915754d7c/messages
[2026-02-21T17:47:59.031Z] GET /api/task-creation/sessions
[2026-02-21T17:48:01.022Z] GET /api/sandbox/osac/sess_35ff684915754d7c/messages
[2026-02-21T17:48:05.037Z] GET /api/task-creation/sessions
[2026-02-21T17:48:05.038Z] GET /api/sandbox/osac/sess_35ff684915754d7c/messages
[2026-02-21T17:48:09.031Z] GET /api/sandbox/osac/sess_35ff684915754d7c/messages
[2026-02-21T17:48:11.039Z] GET /api/task-creation/sessions
[2026-02-21T17:48:13.033Z] GET /api/sandbox/osac/sess_35ff684915754d7c/messages
[2026-02-21T17:48:17.026Z] GET /api/task-creation/sessions
[2026-02-21T17:48:17.027Z] GET /api/sandbox/osac/sess_35ff684915754d7c/messages
[2026-02-21T17:48:21.034Z] GET /api/sandbox/osac/sess_35ff684915754d7c/messages
[2026-02-21T17:48:23.029Z] GET /api/task-creation/sessions
[2026-02-21T17:48:25.030Z] GET /api/sandbox/osac/sess_35ff684915754d7c/messages
[2026-02-21T17:48:29.033Z] GET /api/task-creation/sessions
[2026-02-21T17:48:29.034Z] GET /api/sandbox/osac/sess_35ff684915754d7c/messages
[2026-02-21T17:48:33.028Z] GET /api/sandbox/osac/sess_35ff684915754d7c/messages
[2026-02-21T17:48:35.034Z] GET /api/task-creation/sessions
[2026-02-21T17:48:37.035Z] GET /api/sandbox/osac/sess_35ff684915754d7c/messages
[2026-02-21T17:48:41.420Z] GET /api/task-creation/sessions
[2026-02-21T17:48:41.421Z] GET /api/sandbox/osac/sess_35ff684915754d7c/messages
[2026-02-21T17:48:45.023Z] GET /api/sandbox/osac/sess_35ff684915754d7c/messages
[2026-02-21T17:48:48.002Z] GET /api/task-creation/sessions
[2026-02-21T17:48:49.999Z] GET /api/sandbox/osac/sess_35ff684915754d7c/messages
[2026-02-21T17:48:53.999Z] GET /api/task-creation/sessions
[2026-02-21T17:48:54.000Z] GET /api/sandbox/osac/sess_35ff684915754d7c/messages
[2026-02-21T17:48:58.010Z] GET /api/sandbox/osac/sess_35ff684915754d7c/messages
[2026-02-21T17:49:00.005Z] GET /api/task-creation/sessions
[2026-02-21T17:49:01.997Z] GET /api/sandbox/osac/sess_35ff684915754d7c/messages
[2026-02-21T17:49:06.011Z] GET /api/task-creation/sessions
[2026-02-21T17:49:06.012Z] GET /api/sandbox/osac/sess_35ff684915754d7c/messages
[2026-02-21T17:49:10.001Z] GET /api/sandbox/osac/sess_35ff684915754d7c/messages
[2026-02-21T17:49:12.009Z] GET /api/task-creation/sessions
[2026-02-21T17:49:13.998Z] GET /api/sandbox/osac/sess_35ff684915754d7c/messages
[2026-02-21T17:49:18.005Z] GET /api/task-creation/sessions
[2026-02-21T17:49:18.006Z] GET /api/sandbox/osac/sess_35ff684915754d7c/messages
[2026-02-21T17:49:22.009Z] GET /api/sandbox/osac/sess_35ff684915754d7c/messages
[2026-02-21T17:49:24.000Z] GET /api/task-creation/sessions
[2026-02-21T17:49:25.997Z] GET /api/sandbox/osac/sess_35ff684915754d7c/messages
[2026-02-21T17:49:30.003Z] GET /api/task-creation/sessions
[2026-02-21T17:49:30.004Z] GET /api/sandbox/osac/sess_35ff684915754d7c/messages
[2026-02-21T17:49:33.997Z] GET /api/sandbox/osac/sess_35ff684915754d7c/messages
[2026-02-21T17:49:36.000Z] GET /api/task-creation/sessions
[2026-02-21T17:49:38.004Z] GET /api/sandbox/osac/sess_35ff684915754d7c/messages
[2026-02-21T17:49:42.002Z] GET /api/task-creation/sessions
[2026-02-21T17:49:42.003Z] GET /api/sandbox/osac/sess_35ff684915754d7c/messages
[2026-02-21T17:49:46.000Z] GET /api/sandbox/osac/sess_35ff684915754d7c/messages
[2026-02-21T17:50:09.003Z] GET /api/task-creation/sessions
[2026-02-21T17:50:09.004Z] GET /api/sandbox/osac/sess_35ff684915754d7c/messages
[2026-02-21T17:51:09.003Z] GET /api/task-creation/sessions
[2026-02-21T17:51:09.005Z] GET /api/sandbox/osac/sess_35ff684915754d7c/messages
[2026-02-21T17:52:09.009Z] GET /api/task-creation/sessions
[2026-02-21T17:52:09.010Z] GET /api/sandbox/osac/sess_35ff684915754d7c/messages
[2026-02-21T17:53:09.012Z] GET /api/task-creation/sessions
[2026-02-21T17:53:09.013Z] GET /api/sandbox/osac/sess_35ff684915754d7c/messages
[2026-02-21T17:54:09.000Z] GET /api/task-creation/sessions
[2026-02-21T17:54:09.000Z] GET /api/sandbox/osac/sess_35ff684915754d7c/messages
[2026-02-21T17:55:08.999Z] GET /api/task-creation/sessions
[2026-02-21T17:55:09.000Z] GET /api/sandbox/osac/sess_35ff684915754d7c/messages
[2026-02-21T17:56:08.998Z] GET /api/task-creation/sessions
[2026-02-21T17:56:08.999Z] GET /api/sandbox/osac/sess_35ff684915754d7c/messages
[2026-02-21T17:57:09.011Z] GET /api/task-creation/sessions
[2026-02-21T17:57:09.012Z] GET /api/sandbox/osac/sess_35ff684915754d7c/messages
[2026-02-21T17:58:08.999Z] GET /api/task-creation/sessions
[2026-02-21T17:58:09.000Z] GET /api/sandbox/osac/sess_35ff684915754d7c/messages
[2026-02-21T17:59:09.006Z] GET /api/task-creation/sessions
[2026-02-21T17:59:09.006Z] GET /api/sandbox/osac/sess_35ff684915754d7c/messages
[2026-02-21T18:00:09.010Z] GET /api/task-creation/sessions
[2026-02-21T18:00:09.011Z] GET /api/sandbox/osac/sess_35ff684915754d7c/messages
[2026-02-21T18:01:09.001Z] GET /api/task-creation/sessions
[2026-02-21T18:01:09.001Z] GET /api/sandbox/osac/sess_35ff684915754d7c/messages
[2026-02-21T18:02:09.005Z] GET /api/task-creation/sessions
[2026-02-21T18:02:09.006Z] GET /api/sandbox/osac/sess_35ff684915754d7c/messages
[2026-02-21T18:03:09.003Z] GET /api/task-creation/sessions
[2026-02-21T18:03:09.004Z] GET /api/sandbox/osac/sess_35ff684915754d7c/messages
[2026-02-21T18:04:08.999Z] GET /api/task-creation/sessions
[2026-02-21T18:04:09.000Z] GET /api/sandbox/osac/sess_35ff684915754d7c/messages
[2026-02-21T18:05:09.008Z] GET /api/task-creation/sessions
[2026-02-21T18:05:09.008Z] GET /api/sandbox/osac/sess_35ff684915754d7c/messages
[2026-02-21T18:06:09.010Z] GET /api/task-creation/sessions
[2026-02-21T18:06:09.011Z] GET /api/sandbox/osac/sess_35ff684915754d7c/messages
[2026-02-21T18:07:09.013Z] GET /api/sandbox/osac/sess_35ff684915754d7c/messages
[2026-02-21T18:07:09.014Z] GET /api/task-creation/sessions
[2026-02-21T18:08:08.998Z] GET /api/task-creation/sessions
[2026-02-21T18:08:08.999Z] GET /api/sandbox/osac/sess_35ff684915754d7c/messages
[2026-02-21T18:09:09.008Z] GET /api/task-creation/sessions
[2026-02-21T18:09:09.008Z] GET /api/sandbox/osac/sess_35ff684915754d7c/messages
[2026-02-21T18:10:09.008Z] GET /api/task-creation/sessions
[2026-02-21T18:10:09.009Z] GET /api/sandbox/osac/sess_35ff684915754d7c/messages
[2026-02-21T18:11:09.010Z] GET /api/task-creation/sessions
[2026-02-21T18:11:09.010Z] GET /api/sandbox/osac/sess_35ff684915754d7c/messages
[2026-02-21T18:12:09.008Z] GET /api/task-creation/sessions
[2026-02-21T18:12:09.009Z] GET /api/sandbox/osac/sess_35ff684915754d7c/messages
[2026-02-21T18:13:09.009Z] GET /api/task-creation/sessions
[2026-02-21T18:13:09.012Z] GET /api/sandbox/osac/sess_35ff684915754d7c/messages
[2026-02-21T18:14:09.007Z] GET /api/task-creation/sessions
[2026-02-21T18:14:09.007Z] GET /api/sandbox/osac/sess_35ff684915754d7c/messages
[2026-02-21T18:15:08.998Z] GET /api/task-creation/sessions
[2026-02-21T18:15:08.999Z] GET /api/sandbox/osac/sess_35ff684915754d7c/messages
[2026-02-21T18:16:09.003Z] GET /api/task-creation/sessions
[2026-02-21T18:16:09.003Z] GET /api/sandbox/osac/sess_35ff684915754d7c/messages
[2026-02-21T18:17:09.005Z] GET /api/task-creation/sessions
[2026-02-21T18:17:09.006Z] GET /api/sandbox/osac/sess_35ff684915754d7c/messages
[2026-02-21T18:18:08.999Z] GET /api/task-creation/sessions
[2026-02-21T18:18:08.999Z] GET /api/sandbox/osac/sess_35ff684915754d7c/messages
[2026-02-21T18:19:09.007Z] GET /api/task-creation/sessions
[2026-02-21T18:19:09.008Z] GET /api/sandbox/osac/sess_35ff684915754d7c/messages
[2026-02-21T18:20:09.001Z] GET /api/task-creation/sessions
[2026-02-21T18:20:09.001Z] GET /api/sandbox/osac/sess_35ff684915754d7c/messages
[2026-02-21T18:21:09.000Z] GET /api/task-creation/sessions
[2026-02-21T18:21:09.001Z] GET /api/sandbox/osac/sess_35ff684915754d7c/messages
[2026-02-21T18:22:08.998Z] GET /api/task-creation/sessions
[2026-02-21T18:22:08.999Z] GET /api/sandbox/osac/sess_35ff684915754d7c/messages
[2026-02-21T18:23:09.005Z] GET /api/task-creation/sessions
[2026-02-21T18:23:09.006Z] GET /api/sandbox/osac/sess_35ff684915754d7c/messages
[2026-02-21T18:24:09.017Z] GET /api/task-creation/sessions
[2026-02-21T18:24:09.017Z] GET /api/sandbox/osac/sess_35ff684915754d7c/messages
[2026-02-21T18:25:09.010Z] GET /api/task-creation/sessions
[2026-02-21T18:25:09.011Z] GET /api/sandbox/osac/sess_35ff684915754d7c/messages
[2026-02-21T18:26:08.999Z] GET /api/task-creation/sessions
[2026-02-21T18:26:09.000Z] GET /api/sandbox/osac/sess_35ff684915754d7c/messages
[2026-02-21T18:27:08.999Z] GET /api/task-creation/sessions
[2026-02-21T18:27:09.000Z] GET /api/sandbox/osac/sess_35ff684915754d7c/messages
[2026-02-21T18:28:09.011Z] GET /api/task-creation/sessions
[2026-02-21T18:28:09.012Z] GET /api/sandbox/osac/sess_35ff684915754d7c/messages
[2026-02-21T18:29:09.004Z] GET /api/task-creation/sessions
[2026-02-21T18:29:09.006Z] GET /api/sandbox/osac/sess_35ff684915754d7c/messages
[2026-02-21T18:30:09.004Z] GET /api/task-creation/sessions
[2026-02-21T18:30:09.005Z] GET /api/sandbox/osac/sess_35ff684915754d7c/messages
[2026-02-21T18:31:08.999Z] GET /api/task-creation/sessions
[2026-02-21T18:31:09.000Z] GET /api/sandbox/osac/sess_35ff684915754d7c/messages
[2026-02-21T18:32:09.011Z] GET /api/task-creation/sessions
[2026-02-21T18:32:09.012Z] GET /api/sandbox/osac/sess_35ff684915754d7c/messages
[2026-02-21T18:33:09.011Z] GET /api/task-creation/sessions
[2026-02-21T18:33:09.012Z] GET /api/sandbox/osac/sess_35ff684915754d7c/messages
[2026-02-21T18:34:09.011Z] GET /api/task-creation/sessions
[2026-02-21T18:34:09.012Z] GET /api/sandbox/osac/sess_35ff684915754d7c/messages
[2026-02-21T18:35:09.009Z] GET /api/task-creation/sessions
[2026-02-21T18:35:09.010Z] GET /api/sandbox/osac/sess_35ff684915754d7c/messages
[2026-02-21T18:36:09.002Z] GET /api/task-creation/sessions
[2026-02-21T18:36:09.003Z] GET /api/sandbox/osac/sess_35ff684915754d7c/messages
[2026-02-21T18:37:09.012Z] GET /api/task-creation/sessions
[2026-02-21T18:37:09.013Z] GET /api/sandbox/osac/sess_35ff684915754d7c/messages
[2026-02-21T18:38:09.001Z] GET /api/task-creation/sessions
[2026-02-21T18:38:09.002Z] GET /api/sandbox/osac/sess_35ff684915754d7c/messages
[2026-02-21T18:39:09.003Z] GET /api/sandbox/osac/sess_35ff684915754d7c/messages
[2026-02-21T18:39:09.004Z] GET /api/task-creation/sessions
[2026-02-21T18:40:09.008Z] GET /api/task-creation/sessions
[2026-02-21T18:40:09.009Z] GET /api/sandbox/osac/sess_35ff684915754d7c/messages
[2026-02-21T18:41:09.012Z] GET /api/task-creation/sessions
[2026-02-21T18:41:09.013Z] GET /api/sandbox/osac/sess_35ff684915754d7c/messages
[2026-02-21T18:42:09.001Z] GET /api/task-creation/sessions
[2026-02-21T18:42:09.002Z] GET /api/sandbox/osac/sess_35ff684915754d7c/messages
[2026-02-21T18:43:09.000Z] GET /api/task-creation/sessions
[2026-02-21T18:43:09.001Z] GET /api/sandbox/osac/sess_35ff684915754d7c/messages
[2026-02-21T18:44:09.006Z] GET /api/task-creation/sessions
[2026-02-21T18:44:09.007Z] GET /api/sandbox/osac/sess_35ff684915754d7c/messages
[2026-02-21T18:45:09.005Z] GET /api/task-creation/sessions
[2026-02-21T18:45:09.007Z] GET /api/sandbox/osac/sess_35ff684915754d7c/messages
[2026-02-21T18:46:09.006Z] GET /api/task-creation/sessions
[2026-02-21T18:46:09.007Z] GET /api/sandbox/osac/sess_35ff684915754d7c/messages
[2026-02-21T18:47:09.012Z] GET /api/task-creation/sessions
[2026-02-21T18:47:09.013Z] GET /api/sandbox/osac/sess_35ff684915754d7c/messages
[2026-02-21T18:48:09.012Z] GET /api/task-creation/sessions
[2026-02-21T18:48:09.013Z] GET /api/sandbox/osac/sess_35ff684915754d7c/messages
[2026-02-22T00:52:21.046Z] GET /api/task-creation/sessions
[2026-02-22T00:52:21.047Z] GET /api/sandbox/osac/sess_35ff684915754d7c/messages
[2026-02-22T00:52:21.706Z] GET /api/task-creation/sessions
[2026-02-22T00:52:23.692Z] GET /api/sandbox/osac/sess_35ff684915754d7c/messages
[2026-02-22T00:52:27.695Z] GET /api/sandbox/osac/sess_35ff684915754d7c/messages
[2026-02-22T00:52:27.706Z] GET /api/task-creation/sessions
[2026-02-22T00:52:31.697Z] GET /api/sandbox/osac/sess_35ff684915754d7c/messages
[2026-02-22T00:52:33.702Z] GET /api/task-creation/sessions
[2026-02-22T00:52:35.693Z] GET /api/sandbox/osac/sess_35ff684915754d7c/messages
[2026-02-22T00:52:39.700Z] GET /api/task-creation/sessions
[2026-02-22T00:52:39.701Z] GET /api/sandbox/osac/sess_35ff684915754d7c/messages
[2026-02-22T00:52:43.691Z] GET /api/sandbox/osac/sess_35ff684915754d7c/messages
[2026-02-22T00:52:45.697Z] GET /api/task-creation/sessions
[WebSocket] 客户端断开: client_1771688949033_gwukz8vd4
[WebSocket] 客户端连接: client_1771721566168_jkra3yhl1
[WebSocket] 发送消息 to client_1771721566168_jkra3yhl1: agent_message
[2026-02-22T00:52:46.170Z] GET /api/task-creation/sessions
[2026-02-22T00:52:46.314Z] GET /api/task-creation/sessions/c9aa91ab-c781-4ebc-af1a-4637a8c7cde2/messages
[2026-02-22T00:52:46.382Z] GET /api/sandbox/osac/sess_35ff684915754d7c/messages
[2026-02-22T00:52:50.424Z] GET /api/sandbox/osac/sess_35ff684915754d7c/messages
[2026-02-22T00:52:52.171Z] GET /api/task-creation/sessions
[2026-02-22T00:52:54.384Z] GET /api/sandbox/osac/sess_35ff684915754d7c/messages
[2026-02-22T00:52:58.173Z] GET /api/task-creation/sessions
[2026-02-22T00:52:58.389Z] GET /api/sandbox/osac/sess_35ff684915754d7c/messages
[2026-02-22T00:53:02.383Z] GET /api/sandbox/osac/sess_35ff684915754d7c/messages
[2026-02-22T00:53:04.168Z] GET /api/task-creation/sessions
[WebSocket] 客户端断开: client_1771721566168_jkra3yhl1
[WebSocket] 客户端连接: client_1771721584657_kccldhexw
[WebSocket] 发送消息 to client_1771721584657_kccldhexw: agent_message
[2026-02-22T00:53:04.659Z] GET /api/task-creation/sessions
[2026-02-22T00:53:04.750Z] GET /api/task-creation/sessions/83a7d841-8636-4067-9fc4-04011b32e501/messages
[2026-02-22T00:53:10.662Z] GET /api/task-creation/sessions
[WebSocket] 客户端断开: client_1771721584657_kccldhexw
[WebSocket] 客户端连接: client_1771721592376_vtyroowmc
[WebSocket] 发送消息 to client_1771721592376_vtyroowmc: agent_message
[2026-02-22T00:53:12.377Z] GET /api/task-creation/sessions
[2026-02-22T00:53:18.376Z] GET /api/task-creation/sessions
[WebSocket] 收到消息 from client_1771721592376_vtyroowmc: { type: 'user_input', content: '帮我写一个贪吃蛇的小游戏' }
[WebSocket] 开始处理任务创建: 帮我写一个贪吃蛇的小游戏
[TaskCreationService] 开始创建任务: 帮我写一个贪吃蛇的小游戏
✅ 数据库连接成功
[TaskCreationService] 开始 Layer 1: 意图识别
[WebSocket] 发送消息 to client_1771721592376_vtyroowmc: status_update
[2026-02-22T00:53:22.678Z] GET /api/task-creation/sessions/28b169e9-187d-4ffa-b00d-cd847cc3f406/messages
[2026-02-22T00:53:24.382Z] GET /api/task-creation/sessions
[2026-02-22T00:53:30.386Z] GET /api/task-creation/sessions
[2026-02-22T00:53:36.386Z] GET /api/task-creation/sessions
[2026-02-22T00:53:42.380Z] GET /api/task-creation/sessions
[WebSocket] 向用户提问: 我可以帮你开发贪吃蛇游戏。为了更好地满足你的需求，请告诉我：

1. 你希望用什么技术实现？
   - Web版（HTML/CSS/JavaScript）
   - Python（Pygame）
   - Python（终端版本）
   - 其他语言

2. 功能需求：
   - 基础版（移动、吃食物、碰撞检测）
   - 进阶版（计分、关卡、速度变化）

如果没有特别偏好，我会默认使用 HTML/CSS/JavaScript 创建一个可以在浏览器中直接运行的版本，包含基础功能和计分系统。
[WebSocket] 发送消息 to client_1771721592376_vtyroowmc: status_update
[WebSocket] 发送消息 to client_1771721592376_vtyroowmc: clarification_request
[WebSocket] 当前会话等待用户补充输入
[2026-02-22T00:53:48.379Z] GET /api/task-creation/sessions
[2026-02-22T00:53:54.382Z] GET /api/task-creation/sessions
[WebSocket] 收到消息 from client_1771721592376_vtyroowmc: {
  type: 'user_response',
  content: '使用默认即可',
  sessionId: '28b169e9-187d-4ffa-b00d-cd847cc3f406'
}
[WebSocket] 开始处理任务创建: 使用默认即可
[TaskCreationService] 开始创建任务: 帮我写一个贪吃蛇的小游戏

待补充问题：我可以帮你开发贪吃蛇游戏。为了更好地满足你的需求，请告诉我：

1. 你希望用什么技术实现？
   - Web版（HTML/CSS/JavaScript）
   - Python（Pygame）
   - Python（终端版本）
   - 其他语言

2. 功能需求：
   - 基础版（移动、吃食物、碰撞检测）
   - 进阶版（计分、关卡、速度变化）

如果没有特别偏好，我会默认使用 HTML/CSS/JavaScript 创建一个可以在浏览器中直接运行的版本，包含基础功能和计分系统。

用户补充信息：
补充1: 使用默认即可
补充2: 使用默认即可
✅ 数据库连接成功
[TaskCreationService] 开始 Layer 1: 意图识别
[WebSocket] 发送消息 to client_1771721592376_vtyroowmc: status_update
[2026-02-22T00:54:00.379Z] GET /api/task-creation/sessions
[2026-02-22T00:54:06.380Z] GET /api/task-creation/sessions
[2026-02-22T00:54:12.383Z] GET /api/task-creation/sessions
[2026-02-22T00:54:18.393Z] GET /api/task-creation/sessions
[WebSocket] 向用户提问: 您好！我需要了解您的具体需求才能帮助您。请问您想要：
1. 进行行业调研或市场分析？
2. 分析数据或竞争对手？
3. 优化 SEO 或内容？
4. 创建内容或设计？
5. 开发软件？
6. 制定策略或商业计划？

请描述您的具体需求，例如：目标是什么、范围有多大、有什么特殊要求等。
[WebSocket] 发送消息 to client_1771721592376_vtyroowmc: status_update
[WebSocket] 发送消息 to client_1771721592376_vtyroowmc: clarification_request
[WebSocket] 当前会话等待用户补充输入
[2026-02-22T00:54:24.390Z] GET /api/task-creation/sessions
[2026-02-22T00:54:30.378Z] GET /api/task-creation/sessions
[2026-02-22T00:54:36.379Z] GET /api/task-creation/sessions
[2026-02-22T00:54:42.390Z] GET /api/task-creation/sessions
[2026-02-22T00:54:48.387Z] GET /api/task-creation/sessions
[2026-02-22T00:54:54.379Z] GET /api/task-creation/sessions
[2026-02-22T00:55:00.394Z] GET /api/task-creation/sessions
[2026-02-22T00:55:06.391Z] GET /api/task-creation/sessions
[2026-02-22T00:55:12.389Z] GET /api/task-creation/sessions
[2026-02-22T00:55:18.381Z] GET /api/task-creation/sessions
[2026-02-22T00:55:24.388Z] GET /api/task-creation/sessions
[2026-02-22T00:55:30.394Z] GET /api/task-creation/sessions
[2026-02-22T00:55:36.385Z] GET /api/task-creation/sessions
[2026-02-22T00:55:42.389Z] GET /api/task-creation/sessions
[2026-02-22T00:55:48.393Z] GET /api/task-creation/sessions
[2026-02-22T00:55:54.383Z] GET /api/task-creation/sessions
[2026-02-22T00:56:00.385Z] GET /api/task-creation/sessions
[2026-02-22T00:56:06.379Z] GET /api/task-creation/sessions
[2026-02-22T00:56:12.387Z] GET /api/task-creation/sessions
[2026-02-22T00:56:18.390Z] GET /api/task-creation/sessions
[2026-02-22T00:56:24.394Z] GET /api/task-creation/sessions
[2026-02-22T00:56:30.389Z] GET /api/task-creation/sessions
[2026-02-22T00:56:36.387Z] GET /api/task-creation/sessions
[2026-02-22T00:56:42.386Z] GET /api/task-creation/sessions
[2026-02-22T00:56:48.388Z] GET /api/task-creation/sessions
[2026-02-22T00:56:54.388Z] GET /api/task-creation/sessions
[2026-02-22T00:57:00.386Z] GET /api/task-creation/sessions
[2026-02-22T00:57:06.392Z] GET /api/task-creation/sessions
[2026-02-22T00:57:12.387Z] GET /api/task-creation/sessions
[2026-02-22T00:57:18.389Z] GET /api/task-creation/sessions
[2026-02-22T00:57:24.385Z] GET /api/task-creation/sessions
[2026-02-22T00:57:30.381Z] GET /api/task-creation/sessions
[2026-02-22T00:57:31.385Z] GET /api/task-creation/sessions/c9aa91ab-c781-4ebc-af1a-4637a8c7cde2
[2026-02-22T00:57:31.386Z] GET /api/task-creation/sessions/c9aa91ab-c781-4ebc-af1a-4637a8c7cde2/messages
[2026-02-22T00:57:31.386Z] GET /api/task-creation/sessions/c9aa91ab-c781-4ebc-af1a-4637a8c7cde2/intent
[2026-02-22T00:57:31.388Z] GET /api/task-creation/sessions/c9aa91ab-c781-4ebc-af1a-4637a8c7cde2/task-description
[2026-02-22T00:57:31.389Z] GET /api/task-creation/sessions/c9aa91ab-c781-4ebc-af1a-4637a8c7cde2/execution-plan
[2026-02-22T00:57:31.390Z] GET /api/sandbox/environment
[2026-02-22T00:57:31.391Z] GET /api/task-creation/sessions
✅ 数据库连接成功
[2026-02-22T00:57:31.744Z] GET /api/sandbox/osac/sess_35ff684915754d7c/messages
[2026-02-22T00:57:33.750Z] GET /api/task-creation/sessions
[2026-02-22T00:57:33.799Z] GET /api/task-creation/sessions/28b169e9-187d-4ffa-b00d-cd847cc3f406
[2026-02-22T00:57:33.800Z] GET /api/task-creation/sessions/28b169e9-187d-4ffa-b00d-cd847cc3f406/messages
[2026-02-22T00:57:33.800Z] GET /api/task-creation/sessions/28b169e9-187d-4ffa-b00d-cd847cc3f406/intent
[2026-02-22T00:57:33.801Z] GET /api/task-creation/sessions/28b169e9-187d-4ffa-b00d-cd847cc3f406/task-description
[2026-02-22T00:57:33.801Z] GET /api/task-creation/sessions/28b169e9-187d-4ffa-b00d-cd847cc3f406/execution-plan
[2026-02-22T00:57:33.802Z] GET /api/sandbox/environment
[2026-02-22T00:57:33.803Z] GET /api/task-creation/sessions
[2026-02-22T00:57:33.850Z] GET /api/task-creation/sessions
[2026-02-22T00:57:36.684Z] GET /api/task-creation/sessions
[2026-02-22T00:57:37.807Z] GET /api/task-creation/sessions/28b169e9-187d-4ffa-b00d-cd847cc3f406
[2026-02-22T00:57:37.808Z] GET /api/task-creation/sessions/28b169e9-187d-4ffa-b00d-cd847cc3f406/messages
[2026-02-22T00:57:37.808Z] GET /api/task-creation/sessions/28b169e9-187d-4ffa-b00d-cd847cc3f406/intent
[2026-02-22T00:57:37.809Z] GET /api/task-creation/sessions/28b169e9-187d-4ffa-b00d-cd847cc3f406/task-description
[2026-02-22T00:57:37.809Z] GET /api/task-creation/sessions/28b169e9-187d-4ffa-b00d-cd847cc3f406/execution-plan
[2026-02-22T00:57:37.810Z] GET /api/sandbox/environment
[2026-02-22T00:57:37.810Z] GET /api/task-creation/sessions
[2026-02-22T00:57:42.383Z] GET /api/task-creation/sessions
[2026-02-22T00:57:42.673Z] GET /api/task-creation/sessions/28b169e9-187d-4ffa-b00d-cd847cc3f406
[2026-02-22T00:57:42.674Z] GET /api/task-creation/sessions/28b169e9-187d-4ffa-b00d-cd847cc3f406/messages
[2026-02-22T00:57:42.674Z] GET /api/task-creation/sessions/28b169e9-187d-4ffa-b00d-cd847cc3f406/intent
[2026-02-22T00:57:42.674Z] GET /api/task-creation/sessions/28b169e9-187d-4ffa-b00d-cd847cc3f406/task-description
[2026-02-22T00:57:42.675Z] GET /api/task-creation/sessions/28b169e9-187d-4ffa-b00d-cd847cc3f406/execution-plan
[2026-02-22T00:57:42.675Z] GET /api/sandbox/environment
[2026-02-22T00:57:42.675Z] GET /api/task-creation/sessions
[2026-02-22T00:57:46.683Z] GET /api/task-creation/sessions/28b169e9-187d-4ffa-b00d-cd847cc3f406
[2026-02-22T00:57:46.683Z] GET /api/task-creation/sessions/28b169e9-187d-4ffa-b00d-cd847cc3f406/intent
[2026-02-22T00:57:46.684Z] GET /api/task-creation/sessions/28b169e9-187d-4ffa-b00d-cd847cc3f406/messages
[2026-02-22T00:57:46.684Z] GET /api/task-creation/sessions/28b169e9-187d-4ffa-b00d-cd847cc3f406/task-description
[2026-02-22T00:57:46.685Z] GET /api/task-creation/sessions/28b169e9-187d-4ffa-b00d-cd847cc3f406/execution-plan
[2026-02-22T00:57:46.685Z] GET /api/sandbox/environment
[2026-02-22T00:57:46.685Z] GET /api/task-creation/sessions
✅ 数据库连接成功
[2026-02-22T00:57:48.675Z] GET /api/task-creation/sessions
[2026-02-22T00:57:49.800Z] GET /api/sandbox/environment
[2026-02-22T00:57:49.801Z] GET /api/task-creation/sessions/28b169e9-187d-4ffa-b00d-cd847cc3f406
[2026-02-22T00:57:49.801Z] GET /api/task-creation/sessions/28b169e9-187d-4ffa-b00d-cd847cc3f406/messages
[2026-02-22T00:57:49.802Z] GET /api/task-creation/sessions/28b169e9-187d-4ffa-b00d-cd847cc3f406/intent
[2026-02-22T00:57:49.802Z] GET /api/task-creation/sessions/28b169e9-187d-4ffa-b00d-cd847cc3f406/task-description
[2026-02-22T00:57:49.802Z] GET /api/task-creation/sessions/28b169e9-187d-4ffa-b00d-cd847cc3f406/execution-plan
[2026-02-22T00:57:49.803Z] GET /api/task-creation/sessions
[2026-02-22T00:57:53.800Z] GET /api/task-creation/sessions/28b169e9-187d-4ffa-b00d-cd847cc3f406
[2026-02-22T00:57:53.800Z] GET /api/task-creation/sessions/28b169e9-187d-4ffa-b00d-cd847cc3f406/messages
[2026-02-22T00:57:53.801Z] GET /api/task-creation/sessions/28b169e9-187d-4ffa-b00d-cd847cc3f406/intent
[2026-02-22T00:57:53.802Z] GET /api/task-creation/sessions/28b169e9-187d-4ffa-b00d-cd847cc3f406/execution-plan
[2026-02-22T00:57:53.803Z] GET /api/task-creation/sessions/28b169e9-187d-4ffa-b00d-cd847cc3f406/task-description
[2026-02-22T00:57:53.803Z] GET /api/sandbox/environment
[2026-02-22T00:57:53.804Z] GET /api/task-creation/sessions
[2026-02-22T00:57:54.675Z] GET /api/task-creation/sessions
[2026-02-22T00:57:57.806Z] GET /api/task-creation/sessions/28b169e9-187d-4ffa-b00d-cd847cc3f406
[2026-02-22T00:57:57.807Z] GET /api/task-creation/sessions/28b169e9-187d-4ffa-b00d-cd847cc3f406/messages
[2026-02-22T00:57:57.807Z] GET /api/task-creation/sessions/28b169e9-187d-4ffa-b00d-cd847cc3f406/intent
[2026-02-22T00:57:57.807Z] GET /api/task-creation/sessions/28b169e9-187d-4ffa-b00d-cd847cc3f406/task-description
[2026-02-22T00:57:57.808Z] GET /api/task-creation/sessions/28b169e9-187d-4ffa-b00d-cd847cc3f406/execution-plan
[2026-02-22T00:57:57.808Z] GET /api/sandbox/environment
[2026-02-22T00:57:57.808Z] GET /api/task-creation/sessions
[2026-02-22T00:58:00.676Z] GET /api/task-creation/sessions
[2026-02-22T00:58:01.805Z] GET /api/task-creation/sessions/28b169e9-187d-4ffa-b00d-cd847cc3f406
[2026-02-22T00:58:01.806Z] GET /api/task-creation/sessions/28b169e9-187d-4ffa-b00d-cd847cc3f406/intent
[2026-02-22T00:58:01.807Z] GET /api/task-creation/sessions/28b169e9-187d-4ffa-b00d-cd847cc3f406/messages
[2026-02-22T00:58:01.807Z] GET /api/task-creation/sessions/28b169e9-187d-4ffa-b00d-cd847cc3f406/task-description
[2026-02-22T00:58:01.807Z] GET /api/task-creation/sessions/28b169e9-187d-4ffa-b00d-cd847cc3f406/execution-plan
[2026-02-22T00:58:01.807Z] GET /api/sandbox/environment
[2026-02-22T00:58:01.808Z] GET /api/task-creation/sessions
✅ 数据库连接成功
[2026-02-22T00:58:05.700Z] GET /api/task-creation/sessions
[2026-02-22T00:58:05.746Z] GET /api/task-creation/sessions
[2026-02-22T00:58:05.748Z] GET /api/task-creation/sessions/28b169e9-187d-4ffa-b00d-cd847cc3f406/execution-plan
[2026-02-22T00:58:05.749Z] GET /api/task-creation/sessions/28b169e9-187d-4ffa-b00d-cd847cc3f406
[2026-02-22T00:58:05.749Z] GET /api/task-creation/sessions/28b169e9-187d-4ffa-b00d-cd847cc3f406/messages
[2026-02-22T00:58:05.749Z] GET /api/task-creation/sessions/28b169e9-187d-4ffa-b00d-cd847cc3f406/intent
[2026-02-22T00:58:05.750Z] GET /api/task-creation/sessions/28b169e9-187d-4ffa-b00d-cd847cc3f406/task-description
[2026-02-22T00:58:05.751Z] GET /api/sandbox/environment
[2026-02-22T00:58:05.790Z] GET /api/task-creation/sessions
[2026-02-22T00:58:06.678Z] GET /api/task-creation/sessions
[2026-02-22T00:58:09.750Z] GET /api/task-creation/sessions/28b169e9-187d-4ffa-b00d-cd847cc3f406
[2026-02-22T00:58:09.751Z] GET /api/task-creation/sessions/28b169e9-187d-4ffa-b00d-cd847cc3f406/intent
[2026-02-22T00:58:09.751Z] GET /api/task-creation/sessions/28b169e9-187d-4ffa-b00d-cd847cc3f406/messages
[2026-02-22T00:58:09.751Z] GET /api/task-creation/sessions/28b169e9-187d-4ffa-b00d-cd847cc3f406/task-description
[2026-02-22T00:58:09.752Z] GET /api/task-creation/sessions/28b169e9-187d-4ffa-b00d-cd847cc3f406/execution-plan
[2026-02-22T00:58:09.752Z] GET /api/sandbox/environment
[2026-02-22T00:58:09.753Z] GET /api/task-creation/sessions
[2026-02-22T00:58:10.819Z] GET /api/task-creation/sessions/83a7d841-8636-4067-9fc4-04011b32e501
[2026-02-22T00:58:10.819Z] GET /api/task-creation/sessions/83a7d841-8636-4067-9fc4-04011b32e501/messages
[2026-02-22T00:58:10.820Z] GET /api/task-creation/sessions/83a7d841-8636-4067-9fc4-04011b32e501/intent
[2026-02-22T00:58:10.820Z] GET /api/task-creation/sessions/83a7d841-8636-4067-9fc4-04011b32e501/task-description
[2026-02-22T00:58:10.820Z] GET /api/task-creation/sessions/83a7d841-8636-4067-9fc4-04011b32e501/execution-plan
[2026-02-22T00:58:10.821Z] GET /api/sandbox/environment
[2026-02-22T00:58:10.837Z] GET /api/task-creation/sessions
[2026-02-22T00:58:10.875Z] GET /api/task-creation/sessions
[2026-02-22T00:58:11.258Z] GET /api/task-creation/sessions/83a7d841-8636-4067-9fc4-04011b32e501
[2026-02-22T00:58:11.259Z] GET /api/task-creation/sessions/83a7d841-8636-4067-9fc4-04011b32e501/messages
[2026-02-22T00:58:11.260Z] GET /api/task-creation/sessions/83a7d841-8636-4067-9fc4-04011b32e501/intent
[2026-02-22T00:58:11.260Z] GET /api/task-creation/sessions/83a7d841-8636-4067-9fc4-04011b32e501/task-description
[2026-02-22T00:58:11.261Z] GET /api/task-creation/sessions/83a7d841-8636-4067-9fc4-04011b32e501/execution-plan
[2026-02-22T00:58:11.262Z] GET /api/sandbox/environment
[2026-02-22T00:58:11.840Z] GET /api/task-creation/sessions/28b169e9-187d-4ffa-b00d-cd847cc3f406
[2026-02-22T00:58:11.841Z] GET /api/task-creation/sessions/28b169e9-187d-4ffa-b00d-cd847cc3f406/messages
[2026-02-22T00:58:11.841Z] GET /api/task-creation/sessions/28b169e9-187d-4ffa-b00d-cd847cc3f406/intent
[2026-02-22T00:58:11.841Z] GET /api/task-creation/sessions/28b169e9-187d-4ffa-b00d-cd847cc3f406/task-description
[2026-02-22T00:58:11.842Z] GET /api/task-creation/sessions/28b169e9-187d-4ffa-b00d-cd847cc3f406/execution-plan
[2026-02-22T00:58:11.842Z] GET /api/sandbox/environment
[2026-02-22T00:58:11.860Z] GET /api/task-creation/sessions
[2026-02-22T00:58:11.898Z] GET /api/task-creation/sessions
[2026-02-22T00:58:11.958Z] GET /api/task-creation/sessions/28b169e9-187d-4ffa-b00d-cd847cc3f406
[2026-02-22T00:58:11.959Z] GET /api/task-creation/sessions/28b169e9-187d-4ffa-b00d-cd847cc3f406/messages
[2026-02-22T00:58:11.959Z] GET /api/task-creation/sessions/28b169e9-187d-4ffa-b00d-cd847cc3f406/intent
[2026-02-22T00:58:11.959Z] GET /api/task-creation/sessions/28b169e9-187d-4ffa-b00d-cd847cc3f406/task-description
[2026-02-22T00:58:11.960Z] GET /api/task-creation/sessions/28b169e9-187d-4ffa-b00d-cd847cc3f406/execution-plan
[2026-02-22T00:58:11.960Z] GET /api/sandbox/environment
[2026-02-22T00:58:12.680Z] GET /api/task-creation/sessions
[2026-02-22T00:58:12.971Z] GET /api/task-creation/sessions/83a7d841-8636-4067-9fc4-04011b32e501
[2026-02-22T00:58:12.972Z] GET /api/task-creation/sessions/83a7d841-8636-4067-9fc4-04011b32e501/messages
[2026-02-22T00:58:12.972Z] GET /api/task-creation/sessions/83a7d841-8636-4067-9fc4-04011b32e501/intent
[2026-02-22T00:58:12.972Z] GET /api/task-creation/sessions/83a7d841-8636-4067-9fc4-04011b32e501/task-description
[2026-02-22T00:58:12.973Z] GET /api/task-creation/sessions/83a7d841-8636-4067-9fc4-04011b32e501/execution-plan
[2026-02-22T00:58:12.973Z] GET /api/sandbox/environment
[2026-02-22T00:58:12.989Z] GET /api/task-creation/sessions
[2026-02-22T00:58:13.022Z] GET /api/task-creation/sessions
[2026-02-22T00:58:13.253Z] GET /api/task-creation/sessions/c9aa91ab-c781-4ebc-af1a-4637a8c7cde2
[2026-02-22T00:58:13.254Z] GET /api/task-creation/sessions/c9aa91ab-c781-4ebc-af1a-4637a8c7cde2/messages
[2026-02-22T00:58:13.254Z] GET /api/task-creation/sessions/c9aa91ab-c781-4ebc-af1a-4637a8c7cde2/intent
[2026-02-22T00:58:13.255Z] GET /api/task-creation/sessions/c9aa91ab-c781-4ebc-af1a-4637a8c7cde2/task-description
[2026-02-22T00:58:13.256Z] GET /api/task-creation/sessions/c9aa91ab-c781-4ebc-af1a-4637a8c7cde2/execution-plan
[2026-02-22T00:58:13.256Z] GET /api/sandbox/environment
[2026-02-22T00:58:13.277Z] GET /api/task-creation/sessions
[2026-02-22T00:58:13.304Z] GET /api/task-creation/sessions
[2026-02-22T00:58:13.380Z] GET /api/sandbox/osac/sess_35ff684915754d7c/messages
[2026-02-22T00:58:13.442Z] GET /api/task-creation/sessions/83a7d841-8636-4067-9fc4-04011b32e501
[2026-02-22T00:58:13.443Z] GET /api/task-creation/sessions/83a7d841-8636-4067-9fc4-04011b32e501/messages
[2026-02-22T00:58:13.443Z] GET /api/task-creation/sessions/83a7d841-8636-4067-9fc4-04011b32e501/intent
[2026-02-22T00:58:13.444Z] GET /api/task-creation/sessions/83a7d841-8636-4067-9fc4-04011b32e501/task-description
[2026-02-22T00:58:13.444Z] GET /api/task-creation/sessions/83a7d841-8636-4067-9fc4-04011b32e501/execution-plan
[2026-02-22T00:58:13.445Z] GET /api/sandbox/environment
[2026-02-22T00:58:14.271Z] GET /api/task-creation/sessions/c9aa91ab-c781-4ebc-af1a-4637a8c7cde2
[2026-02-22T00:58:14.272Z] GET /api/task-creation/sessions/c9aa91ab-c781-4ebc-af1a-4637a8c7cde2/messages
[2026-02-22T00:58:14.272Z] GET /api/task-creation/sessions/c9aa91ab-c781-4ebc-af1a-4637a8c7cde2/intent
[2026-02-22T00:58:14.273Z] GET /api/task-creation/sessions/c9aa91ab-c781-4ebc-af1a-4637a8c7cde2/task-description
[2026-02-22T00:58:14.273Z] GET /api/task-creation/sessions/c9aa91ab-c781-4ebc-af1a-4637a8c7cde2/execution-plan
[2026-02-22T00:58:14.274Z] GET /api/sandbox/environment
[2026-02-22T00:58:14.374Z] GET /api/sandbox/osac/sess_35ff684915754d7c/messages
[2026-02-22T00:58:14.704Z] GET /api/task-creation/sessions/049ade33-3a95-48ea-b8da-6f2d645be23b
[2026-02-22T00:58:14.705Z] GET /api/task-creation/sessions/049ade33-3a95-48ea-b8da-6f2d645be23b/messages
[2026-02-22T00:58:14.705Z] GET /api/task-creation/sessions/049ade33-3a95-48ea-b8da-6f2d645be23b/intent
[2026-02-22T00:58:14.706Z] GET /api/task-creation/sessions/049ade33-3a95-48ea-b8da-6f2d645be23b/task-description
[2026-02-22T00:58:14.706Z] GET /api/task-creation/sessions/049ade33-3a95-48ea-b8da-6f2d645be23b/execution-plan
[2026-02-22T00:58:14.706Z] GET /api/sandbox/environment
[2026-02-22T00:58:14.775Z] GET /api/task-creation/sessions
[2026-02-22T00:58:14.811Z] GET /api/task-creation/sessions
[2026-02-22T00:58:14.842Z] GET /api/sandbox/osac/sess_35ff684915754d7c/messages
[2026-02-22T00:58:15.274Z] GET /api/task-creation/sessions/301d179a-f57e-4761-ad19-430f8eb73809
[2026-02-22T00:58:15.275Z] GET /api/task-creation/sessions/301d179a-f57e-4761-ad19-430f8eb73809/messages
[2026-02-22T00:58:15.275Z] GET /api/task-creation/sessions/301d179a-f57e-4761-ad19-430f8eb73809/intent
[2026-02-22T00:58:15.275Z] GET /api/task-creation/sessions/301d179a-f57e-4761-ad19-430f8eb73809/task-description
[2026-02-22T00:58:15.276Z] GET /api/task-creation/sessions/301d179a-f57e-4761-ad19-430f8eb73809/execution-plan
[2026-02-22T00:58:15.276Z] GET /api/sandbox/environment
[2026-02-22T00:58:15.369Z] GET /api/task-creation/sessions
[2026-02-22T00:58:15.400Z] GET /api/task-creation/sessions
[2026-02-22T00:58:15.404Z] GET /api/task-creation/sessions/301d179a-f57e-4761-ad19-430f8eb73809
[2026-02-22T00:58:15.404Z] GET /api/task-creation/sessions/301d179a-f57e-4761-ad19-430f8eb73809/messages
[2026-02-22T00:58:15.405Z] GET /api/task-creation/sessions/301d179a-f57e-4761-ad19-430f8eb73809/intent
[2026-02-22T00:58:15.405Z] GET /api/task-creation/sessions/301d179a-f57e-4761-ad19-430f8eb73809/task-description
[2026-02-22T00:58:15.406Z] GET /api/task-creation/sessions/301d179a-f57e-4761-ad19-430f8eb73809/execution-plan
[2026-02-22T00:58:15.408Z] GET /api/sandbox/environment
[2026-02-22T00:58:15.446Z] GET /api/task-creation/sessions/049ade33-3a95-48ea-b8da-6f2d645be23b
[2026-02-22T00:58:15.446Z] GET /api/task-creation/sessions/049ade33-3a95-48ea-b8da-6f2d645be23b/messages
[2026-02-22T00:58:15.446Z] GET /api/task-creation/sessions/049ade33-3a95-48ea-b8da-6f2d645be23b/intent
[2026-02-22T00:58:15.447Z] GET /api/task-creation/sessions/049ade33-3a95-48ea-b8da-6f2d645be23b/task-description
[2026-02-22T00:58:15.448Z] GET /api/task-creation/sessions/049ade33-3a95-48ea-b8da-6f2d645be23b/execution-plan
[2026-02-22T00:58:15.448Z] GET /api/sandbox/environment
[2026-02-22T00:58:15.703Z] GET /api/sandbox/osac/sess_35ff684915754d7c/messages
[2026-02-22T00:58:16.093Z] GET /api/task-creation/sessions/53bd88ad-674e-47e5-a46b-f390496870c0
[2026-02-22T00:58:16.093Z] GET /api/task-creation/sessions/53bd88ad-674e-47e5-a46b-f390496870c0/messages
[2026-02-22T00:58:16.094Z] GET /api/task-creation/sessions/53bd88ad-674e-47e5-a46b-f390496870c0/intent
[2026-02-22T00:58:16.094Z] GET /api/task-creation/sessions/53bd88ad-674e-47e5-a46b-f390496870c0/task-description
[2026-02-22T00:58:16.094Z] GET /api/task-creation/sessions/53bd88ad-674e-47e5-a46b-f390496870c0/execution-plan
[2026-02-22T00:58:16.095Z] GET /api/sandbox/environment
[2026-02-22T00:58:16.116Z] GET /api/task-creation/sessions
[2026-02-22T00:58:16.148Z] GET /api/task-creation/sessions
[2026-02-22T00:58:16.254Z] GET /api/sandbox/osac/sess_35ff684915754d7c/messages
[2026-02-22T00:58:17.003Z] GET /api/task-creation/sessions/53bd88ad-674e-47e5-a46b-f390496870c0
[2026-02-22T00:58:17.004Z] GET /api/task-creation/sessions/53bd88ad-674e-47e5-a46b-f390496870c0/messages
[2026-02-22T00:58:17.004Z] GET /api/task-creation/sessions/53bd88ad-674e-47e5-a46b-f390496870c0/intent
[2026-02-22T00:58:17.005Z] GET /api/task-creation/sessions/53bd88ad-674e-47e5-a46b-f390496870c0/task-description
[2026-02-22T00:58:17.005Z] GET /api/task-creation/sessions/53bd88ad-674e-47e5-a46b-f390496870c0/execution-plan
[2026-02-22T00:58:17.006Z] GET /api/sandbox/environment
✅ 数据库连接成功
[2026-02-22T00:58:17.166Z] GET /api/sandbox/osac/sess_35ff684915754d7c/messages
[2026-02-22T00:58:17.961Z] GET /health
[2026-02-22T00:58:17.962Z] GET /api/agents/health
[2026-02-22T00:58:17.963Z] GET /api/task-creation/sessions
[2026-02-22T00:58:18.678Z] GET /api/task-creation/sessions
[2026-02-22T00:58:21.149Z] GET /api/task-creation/sessions
[2026-02-22T00:58:21.150Z] GET /api/task-creation/sessions/53bd88ad-674e-47e5-a46b-f390496870c0
[2026-02-22T00:58:21.150Z] GET /api/task-creation/sessions/53bd88ad-674e-47e5-a46b-f390496870c0/messages
[2026-02-22T00:58:21.151Z] GET /api/task-creation/sessions/53bd88ad-674e-47e5-a46b-f390496870c0/intent
[2026-02-22T00:58:21.151Z] GET /api/task-creation/sessions/53bd88ad-674e-47e5-a46b-f390496870c0/task-description
[2026-02-22T00:58:21.151Z] GET /api/task-creation/sessions/53bd88ad-674e-47e5-a46b-f390496870c0/execution-plan
[2026-02-22T00:58:21.152Z] GET /api/sandbox/environment
[2026-02-22T00:58:21.217Z] GET /api/task-creation/sessions
[2026-02-22T00:58:21.292Z] GET /api/sandbox/osac/sess_35ff684915754d7c/messages
[2026-02-22T00:58:23.375Z] GET /api/task-creation/sessions/83a7d841-8636-4067-9fc4-04011b32e501
[2026-02-22T00:58:23.376Z] GET /api/task-creation/sessions/83a7d841-8636-4067-9fc4-04011b32e501/messages
[2026-02-22T00:58:23.376Z] GET /api/task-creation/sessions/83a7d841-8636-4067-9fc4-04011b32e501/intent
[2026-02-22T00:58:23.377Z] GET /api/task-creation/sessions/83a7d841-8636-4067-9fc4-04011b32e501/task-description
[2026-02-22T00:58:23.377Z] GET /api/task-creation/sessions/83a7d841-8636-4067-9fc4-04011b32e501/execution-plan
[2026-02-22T00:58:23.377Z] GET /api/sandbox/environment
[2026-02-22T00:58:23.527Z] GET /api/task-creation/sessions
[2026-02-22T00:58:23.558Z] GET /api/task-creation/sessions
[2026-02-22T00:58:23.673Z] GET /api/task-creation/sessions/83a7d841-8636-4067-9fc4-04011b32e501
[2026-02-22T00:58:23.674Z] GET /api/task-creation/sessions/83a7d841-8636-4067-9fc4-04011b32e501/messages
[2026-02-22T00:58:23.674Z] GET /api/task-creation/sessions/83a7d841-8636-4067-9fc4-04011b32e501/intent
[2026-02-22T00:58:23.675Z] GET /api/task-creation/sessions/83a7d841-8636-4067-9fc4-04011b32e501/task-description
[2026-02-22T00:58:23.675Z] GET /api/task-creation/sessions/83a7d841-8636-4067-9fc4-04011b32e501/execution-plan
[2026-02-22T00:58:23.675Z] GET /api/sandbox/environment
[2026-02-22T00:58:24.680Z] GET /api/task-creation/sessions
[2026-02-22T00:58:29.063Z] GET /api/sandbox/environment
[2026-02-22T00:58:29.064Z] GET /api/sandbox/health
[2026-02-22T00:58:30.679Z] GET /api/task-creation/sessions
[2026-02-22T00:58:36.674Z] GET /api/task-creation/sessions
[2026-02-22T00:58:42.681Z] GET /api/task-creation/sessions
[2026-02-22T00:59:04.942Z] GET /api/task-creation/sessions
[2026-02-22T00:59:04.960Z] GET /api/task-creation/sessions/83a7d841-8636-4067-9fc4-04011b32e501
[2026-02-22T00:59:04.961Z] GET /api/task-creation/sessions/83a7d841-8636-4067-9fc4-04011b32e501/messages
[2026-02-22T00:59:04.961Z] GET /api/task-creation/sessions/83a7d841-8636-4067-9fc4-04011b32e501/task-description
[2026-02-22T00:59:04.963Z] GET /api/task-creation/sessions/83a7d841-8636-4067-9fc4-04011b32e501/intent
[2026-02-22T00:59:04.964Z] GET /api/sandbox/environment
[2026-02-22T00:59:04.964Z] GET /api/task-creation/sessions/83a7d841-8636-4067-9fc4-04011b32e501/execution-plan
[2026-02-22T00:59:04.972Z] GET /api/task-creation/sessions
✅ 数据库连接成功
[2026-02-22T00:59:07.683Z] GET /api/task-creation/sessions
[2026-02-22T00:59:08.953Z] GET /api/task-creation/sessions/83a7d841-8636-4067-9fc4-04011b32e501
[2026-02-22T00:59:08.954Z] GET /api/task-creation/sessions/83a7d841-8636-4067-9fc4-04011b32e501/messages
[2026-02-22T00:59:08.954Z] GET /api/task-creation/sessions/83a7d841-8636-4067-9fc4-04011b32e501/intent
[2026-02-22T00:59:08.955Z] GET /api/task-creation/sessions/83a7d841-8636-4067-9fc4-04011b32e501/task-description
[2026-02-22T00:59:08.955Z] GET /api/task-creation/sessions/83a7d841-8636-4067-9fc4-04011b32e501/execution-plan
[2026-02-22T00:59:08.956Z] GET /api/sandbox/environment
[2026-02-22T00:59:08.956Z] GET /api/task-creation/sessions
[2026-02-22T00:59:12.943Z] GET /api/task-creation/sessions/83a7d841-8636-4067-9fc4-04011b32e501
[2026-02-22T00:59:12.944Z] GET /api/task-creation/sessions/83a7d841-8636-4067-9fc4-04011b32e501/intent
[2026-02-22T00:59:12.944Z] GET /api/task-creation/sessions/83a7d841-8636-4067-9fc4-04011b32e501/messages
[2026-02-22T00:59:12.945Z] GET /api/task-creation/sessions/83a7d841-8636-4067-9fc4-04011b32e501/task-description
[2026-02-22T00:59:12.945Z] GET /api/task-creation/sessions/83a7d841-8636-4067-9fc4-04011b32e501/execution-plan
[2026-02-22T00:59:12.945Z] GET /api/sandbox/environment
[2026-02-22T00:59:12.946Z] GET /api/task-creation/sessions
[2026-02-22T00:59:16.953Z] GET /api/task-creation/sessions/83a7d841-8636-4067-9fc4-04011b32e501
[2026-02-22T00:59:16.953Z] GET /api/task-creation/sessions/83a7d841-8636-4067-9fc4-04011b32e501/messages
[2026-02-22T00:59:16.954Z] GET /api/task-creation/sessions/83a7d841-8636-4067-9fc4-04011b32e501/task-description
[2026-02-22T00:59:16.954Z] GET /api/task-creation/sessions/83a7d841-8636-4067-9fc4-04011b32e501/intent
[2026-02-22T00:59:16.955Z] GET /api/task-creation/sessions/83a7d841-8636-4067-9fc4-04011b32e501/execution-plan
[2026-02-22T00:59:16.955Z] GET /api/sandbox/environment
[2026-02-22T00:59:16.955Z] GET /api/task-creation/sessions
[2026-02-22T00:59:20.945Z] GET /api/task-creation/sessions/83a7d841-8636-4067-9fc4-04011b32e501
[2026-02-22T00:59:20.945Z] GET /api/task-creation/sessions/83a7d841-8636-4067-9fc4-04011b32e501/messages
[2026-02-22T00:59:20.945Z] GET /api/task-creation/sessions/83a7d841-8636-4067-9fc4-04011b32e501/task-description
[2026-02-22T00:59:20.946Z] GET /api/task-creation/sessions/83a7d841-8636-4067-9fc4-04011b32e501/intent
[2026-02-22T00:59:20.946Z] GET /api/task-creation/sessions/83a7d841-8636-4067-9fc4-04011b32e501/execution-plan
[2026-02-22T00:59:20.946Z] GET /api/sandbox/environment
[2026-02-22T00:59:20.947Z] GET /api/task-creation/sessions
✅ 数据库连接成功
[2026-02-22T00:59:24.955Z] GET /api/task-creation/sessions/83a7d841-8636-4067-9fc4-04011b32e501
[2026-02-22T00:59:24.956Z] GET /api/task-creation/sessions/83a7d841-8636-4067-9fc4-04011b32e501/messages
[2026-02-22T00:59:24.956Z] GET /api/task-creation/sessions/83a7d841-8636-4067-9fc4-04011b32e501/intent
[2026-02-22T00:59:24.957Z] GET /api/task-creation/sessions/83a7d841-8636-4067-9fc4-04011b32e501/task-description
[2026-02-22T00:59:24.957Z] GET /api/task-creation/sessions/83a7d841-8636-4067-9fc4-04011b32e501/execution-plan
[2026-02-22T00:59:24.957Z] GET /api/sandbox/environment
[2026-02-22T00:59:24.958Z] GET /api/task-creation/sessions
[2026-02-22T00:59:28.948Z] GET /api/task-creation/sessions/83a7d841-8636-4067-9fc4-04011b32e501
[2026-02-22T00:59:28.948Z] GET /api/task-creation/sessions/83a7d841-8636-4067-9fc4-04011b32e501/messages
[2026-02-22T00:59:28.949Z] GET /api/task-creation/sessions/83a7d841-8636-4067-9fc4-04011b32e501/intent
[2026-02-22T00:59:28.949Z] GET /api/task-creation/sessions/83a7d841-8636-4067-9fc4-04011b32e501/task-description
[2026-02-22T00:59:28.949Z] GET /api/task-creation/sessions/83a7d841-8636-4067-9fc4-04011b32e501/execution-plan
[2026-02-22T00:59:28.950Z] GET /api/sandbox/environment
[2026-02-22T00:59:28.950Z] GET /api/task-creation/sessions
[2026-02-22T00:59:32.944Z] GET /api/task-creation/sessions/83a7d841-8636-4067-9fc4-04011b32e501
[2026-02-22T00:59:32.945Z] GET /api/task-creation/sessions/83a7d841-8636-4067-9fc4-04011b32e501/messages
[2026-02-22T00:59:32.945Z] GET /api/task-creation/sessions/83a7d841-8636-4067-9fc4-04011b32e501/intent
[2026-02-22T00:59:32.946Z] GET /api/task-creation/sessions/83a7d841-8636-4067-9fc4-04011b32e501/task-description
[2026-02-22T00:59:32.946Z] GET /api/task-creation/sessions/83a7d841-8636-4067-9fc4-04011b32e501/execution-plan
[2026-02-22T00:59:32.946Z] GET /api/sandbox/environment
[2026-02-22T00:59:32.946Z] GET /api/task-creation/sessions
[2026-02-22T00:59:36.943Z] GET /api/task-creation/sessions/83a7d841-8636-4067-9fc4-04011b32e501
[2026-02-22T00:59:36.944Z] GET /api/task-creation/sessions/83a7d841-8636-4067-9fc4-04011b32e501/messages
[2026-02-22T00:59:36.944Z] GET /api/task-creation/sessions/83a7d841-8636-4067-9fc4-04011b32e501/intent
[2026-02-22T00:59:36.944Z] GET /api/task-creation/sessions/83a7d841-8636-4067-9fc4-04011b32e501/execution-plan
[2026-02-22T00:59:36.944Z] GET /api/task-creation/sessions/83a7d841-8636-4067-9fc4-04011b32e501/task-description
[2026-02-22T00:59:36.945Z] GET /api/sandbox/environment
[2026-02-22T00:59:36.945Z] GET /api/task-creation/sessions
✅ 数据库连接成功
[2026-02-22T00:59:40.951Z] GET /api/task-creation/sessions/83a7d841-8636-4067-9fc4-04011b32e501
[2026-02-22T00:59:40.952Z] GET /api/task-creation/sessions/83a7d841-8636-4067-9fc4-04011b32e501/messages
[2026-02-22T00:59:40.952Z] GET /api/task-creation/sessions/83a7d841-8636-4067-9fc4-04011b32e501/intent
[2026-02-22T00:59:40.953Z] GET /api/task-creation/sessions/83a7d841-8636-4067-9fc4-04011b32e501/execution-plan
[2026-02-22T00:59:40.953Z] GET /api/task-creation/sessions/83a7d841-8636-4067-9fc4-04011b32e501/task-description
[2026-02-22T00:59:40.953Z] GET /api/sandbox/environment
[2026-02-22T00:59:40.954Z] GET /api/task-creation/sessions
[2026-02-22T00:59:44.948Z] GET /api/task-creation/sessions/83a7d841-8636-4067-9fc4-04011b32e501
[2026-02-22T00:59:44.948Z] GET /api/task-creation/sessions/83a7d841-8636-4067-9fc4-04011b32e501/messages
[2026-02-22T00:59:44.949Z] GET /api/task-creation/sessions/83a7d841-8636-4067-9fc4-04011b32e501/intent
[2026-02-22T00:59:44.949Z] GET /api/task-creation/sessions/83a7d841-8636-4067-9fc4-04011b32e501/task-description
[2026-02-22T00:59:44.949Z] GET /api/sandbox/environment
[2026-02-22T00:59:44.950Z] GET /api/task-creation/sessions/83a7d841-8636-4067-9fc4-04011b32e501/execution-plan
[2026-02-22T00:59:44.950Z] GET /api/task-creation/sessions
[2026-02-22T00:59:48.945Z] GET /api/task-creation/sessions/83a7d841-8636-4067-9fc4-04011b32e501
[2026-02-22T00:59:48.945Z] GET /api/task-creation/sessions/83a7d841-8636-4067-9fc4-04011b32e501/messages
[2026-02-22T00:59:48.946Z] GET /api/task-creation/sessions/83a7d841-8636-4067-9fc4-04011b32e501/intent
[2026-02-22T00:59:48.946Z] GET /api/task-creation/sessions/83a7d841-8636-4067-9fc4-04011b32e501/task-description
[2026-02-22T00:59:48.947Z] GET /api/task-creation/sessions/83a7d841-8636-4067-9fc4-04011b32e501/execution-plan
[2026-02-22T00:59:48.947Z] GET /api/sandbox/environment
[2026-02-22T00:59:48.947Z] GET /api/task-creation/sessions
[2026-02-22T00:59:52.957Z] GET /api/task-creation/sessions/83a7d841-8636-4067-9fc4-04011b32e501
[2026-02-22T00:59:52.958Z] GET /api/task-creation/sessions/83a7d841-8636-4067-9fc4-04011b32e501/messages
[2026-02-22T00:59:52.958Z] GET /api/task-creation/sessions/83a7d841-8636-4067-9fc4-04011b32e501/intent
[2026-02-22T00:59:52.958Z] GET /api/task-creation/sessions/83a7d841-8636-4067-9fc4-04011b32e501/task-description
[2026-02-22T00:59:52.959Z] GET /api/task-creation/sessions/83a7d841-8636-4067-9fc4-04011b32e501/execution-plan
[2026-02-22T00:59:52.959Z] GET /api/sandbox/environment
[2026-02-22T00:59:52.959Z] GET /api/task-creation/sessions
✅ 数据库连接成功
[2026-02-22T00:59:56.952Z] GET /api/task-creation/sessions/83a7d841-8636-4067-9fc4-04011b32e501
[2026-02-22T00:59:56.952Z] GET /api/task-creation/sessions/83a7d841-8636-4067-9fc4-04011b32e501/messages
[2026-02-22T00:59:56.952Z] GET /api/task-creation/sessions/83a7d841-8636-4067-9fc4-04011b32e501/intent
[2026-02-22T00:59:56.953Z] GET /api/task-creation/sessions/83a7d841-8636-4067-9fc4-04011b32e501/task-description
[2026-02-22T00:59:56.953Z] GET /api/task-creation/sessions/83a7d841-8636-4067-9fc4-04011b32e501/execution-plan
[2026-02-22T00:59:56.954Z] GET /api/sandbox/environment
[2026-02-22T00:59:56.954Z] GET /api/task-creation/sessions
[2026-02-22T01:00:00.957Z] GET /api/task-creation/sessions/83a7d841-8636-4067-9fc4-04011b32e501
[2026-02-22T01:00:00.958Z] GET /api/task-creation/sessions/83a7d841-8636-4067-9fc4-04011b32e501/messages
[2026-02-22T01:00:00.958Z] GET /api/task-creation/sessions/83a7d841-8636-4067-9fc4-04011b32e501/intent
[2026-02-22T01:00:00.959Z] GET /api/task-creation/sessions/83a7d841-8636-4067-9fc4-04011b32e501/task-description
[2026-02-22T01:00:00.959Z] GET /api/task-creation/sessions/83a7d841-8636-4067-9fc4-04011b32e501/execution-plan
[2026-02-22T01:00:00.959Z] GET /api/sandbox/environment
[2026-02-22T01:00:00.959Z] GET /api/task-creation/sessions
[2026-02-22T01:00:04.952Z] GET /api/task-creation/sessions/83a7d841-8636-4067-9fc4-04011b32e501
[2026-02-22T01:00:04.952Z] GET /api/task-creation/sessions/83a7d841-8636-4067-9fc4-04011b32e501/intent
[2026-02-22T01:00:04.953Z] GET /api/task-creation/sessions/83a7d841-8636-4067-9fc4-04011b32e501/messages
[2026-02-22T01:00:04.953Z] GET /api/task-creation/sessions/83a7d841-8636-4067-9fc4-04011b32e501/task-description
[2026-02-22T01:00:04.954Z] GET /api/task-creation/sessions/83a7d841-8636-4067-9fc4-04011b32e501/execution-plan
[2026-02-22T01:00:04.954Z] GET /api/sandbox/environment
[2026-02-22T01:00:04.954Z] GET /api/task-creation/sessions
[2026-02-22T01:00:07.671Z] GET /api/task-creation/sessions
[2026-02-22T01:00:08.950Z] GET /api/task-creation/sessions/83a7d841-8636-4067-9fc4-04011b32e501
[2026-02-22T01:00:08.951Z] GET /api/task-creation/sessions/83a7d841-8636-4067-9fc4-04011b32e501/messages
[2026-02-22T01:00:08.951Z] GET /api/task-creation/sessions/83a7d841-8636-4067-9fc4-04011b32e501/intent
[2026-02-22T01:00:08.951Z] GET /api/task-creation/sessions/83a7d841-8636-4067-9fc4-04011b32e501/task-description
[2026-02-22T01:00:08.952Z] GET /api/task-creation/sessions/83a7d841-8636-4067-9fc4-04011b32e501/execution-plan
[2026-02-22T01:00:08.952Z] GET /api/sandbox/environment
[2026-02-22T01:00:08.952Z] GET /api/task-creation/sessions
✅ 数据库连接成功
[2026-02-22T01:00:12.956Z] GET /api/task-creation/sessions/83a7d841-8636-4067-9fc4-04011b32e501
[2026-02-22T01:00:12.956Z] GET /api/task-creation/sessions/83a7d841-8636-4067-9fc4-04011b32e501/intent
[2026-02-22T01:00:12.957Z] GET /api/task-creation/sessions/83a7d841-8636-4067-9fc4-04011b32e501/messages
[2026-02-22T01:00:12.957Z] GET /api/task-creation/sessions/83a7d841-8636-4067-9fc4-04011b32e501/task-description
[2026-02-22T01:00:12.958Z] GET /api/sandbox/environment
[2026-02-22T01:00:12.958Z] GET /api/task-creation/sessions/83a7d841-8636-4067-9fc4-04011b32e501/execution-plan
[2026-02-22T01:00:12.959Z] GET /api/task-creation/sessions
[2026-02-22T01:00:16.956Z] GET /api/task-creation/sessions/83a7d841-8636-4067-9fc4-04011b32e501
[2026-02-22T01:00:16.957Z] GET /api/task-creation/sessions/83a7d841-8636-4067-9fc4-04011b32e501/messages
[2026-02-22T01:00:16.957Z] GET /api/task-creation/sessions/83a7d841-8636-4067-9fc4-04011b32e501/intent
[2026-02-22T01:00:16.958Z] GET /api/task-creation/sessions/83a7d841-8636-4067-9fc4-04011b32e501/task-description
[2026-02-22T01:00:16.958Z] GET /api/task-creation/sessions/83a7d841-8636-4067-9fc4-04011b32e501/execution-plan
[2026-02-22T01:00:16.958Z] GET /api/sandbox/environment
[2026-02-22T01:00:16.959Z] GET /api/task-creation/sessions
[2026-02-22T01:00:20.950Z] GET /api/task-creation/sessions/83a7d841-8636-4067-9fc4-04011b32e501
[2026-02-22T01:00:20.951Z] GET /api/task-creation/sessions/83a7d841-8636-4067-9fc4-04011b32e501/messages
[2026-02-22T01:00:20.951Z] GET /api/task-creation/sessions/83a7d841-8636-4067-9fc4-04011b32e501/intent
[2026-02-22T01:00:20.951Z] GET /api/task-creation/sessions/83a7d841-8636-4067-9fc4-04011b32e501/task-description
[2026-02-22T01:00:20.951Z] GET /api/task-creation/sessions/83a7d841-8636-4067-9fc4-04011b32e501/execution-plan
[2026-02-22T01:00:20.952Z] GET /api/sandbox/environment
[2026-02-22T01:00:20.952Z] GET /api/task-creation/sessions
[2026-02-22T01:00:24.957Z] GET /api/task-creation/sessions/83a7d841-8636-4067-9fc4-04011b32e501
[2026-02-22T01:00:24.957Z] GET /api/task-creation/sessions/83a7d841-8636-4067-9fc4-04011b32e501/intent
[2026-02-22T01:00:24.958Z] GET /api/task-creation/sessions/83a7d841-8636-4067-9fc4-04011b32e501/messages
[2026-02-22T01:00:24.958Z] GET /api/task-creation/sessions/83a7d841-8636-4067-9fc4-04011b32e501/task-description
[2026-02-22T01:00:24.958Z] GET /api/task-creation/sessions/83a7d841-8636-4067-9fc4-04011b32e501/execution-plan
[2026-02-22T01:00:24.958Z] GET /api/sandbox/environment
[2026-02-22T01:00:24.959Z] GET /api/task-creation/sessions
✅ 数据库连接成功
[2026-02-22T01:00:28.954Z] GET /api/task-creation/sessions/83a7d841-8636-4067-9fc4-04011b32e501
[2026-02-22T01:00:28.955Z] GET /api/task-creation/sessions/83a7d841-8636-4067-9fc4-04011b32e501/messages
[2026-02-22T01:00:28.955Z] GET /api/task-creation/sessions/83a7d841-8636-4067-9fc4-04011b32e501/intent
[2026-02-22T01:00:28.956Z] GET /api/task-creation/sessions/83a7d841-8636-4067-9fc4-04011b32e501/task-description
[2026-02-22T01:00:28.956Z] GET /api/task-creation/sessions/83a7d841-8636-4067-9fc4-04011b32e501/execution-plan
[2026-02-22T01:00:28.956Z] GET /api/sandbox/environment
[2026-02-22T01:00:28.957Z] GET /api/task-creation/sessions
[2026-02-22T01:00:32.955Z] GET /api/task-creation/sessions/83a7d841-8636-4067-9fc4-04011b32e501
[2026-02-22T01:00:32.956Z] GET /api/task-creation/sessions/83a7d841-8636-4067-9fc4-04011b32e501/messages
[2026-02-22T01:00:32.956Z] GET /api/task-creation/sessions/83a7d841-8636-4067-9fc4-04011b32e501/intent
[2026-02-22T01:00:32.957Z] GET /api/task-creation/sessions/83a7d841-8636-4067-9fc4-04011b32e501/task-description
[2026-02-22T01:00:32.957Z] GET /api/task-creation/sessions/83a7d841-8636-4067-9fc4-04011b32e501/execution-plan
[2026-02-22T01:00:32.957Z] GET /api/sandbox/environment
[2026-02-22T01:00:32.958Z] GET /api/task-creation/sessions
[2026-02-22T01:00:36.948Z] GET /api/task-creation/sessions/83a7d841-8636-4067-9fc4-04011b32e501
[2026-02-22T01:00:36.948Z] GET /api/task-creation/sessions/83a7d841-8636-4067-9fc4-04011b32e501/messages
[2026-02-22T01:00:36.949Z] GET /api/task-creation/sessions/83a7d841-8636-4067-9fc4-04011b32e501/intent
[2026-02-22T01:00:36.949Z] GET /api/task-creation/sessions/83a7d841-8636-4067-9fc4-04011b32e501/execution-plan
[2026-02-22T01:00:36.949Z] GET /api/task-creation/sessions/83a7d841-8636-4067-9fc4-04011b32e501/task-description
[2026-02-22T01:00:36.950Z] GET /api/sandbox/environment
[2026-02-22T01:00:36.950Z] GET /api/task-creation/sessions
[2026-02-22T01:00:39.610Z] GET /api/task-creation/sessions/28b169e9-187d-4ffa-b00d-cd847cc3f406
[2026-02-22T01:00:39.611Z] GET /api/task-creation/sessions/28b169e9-187d-4ffa-b00d-cd847cc3f406/messages
[2026-02-22T01:00:39.611Z] GET /api/task-creation/sessions/28b169e9-187d-4ffa-b00d-cd847cc3f406/intent
[2026-02-22T01:00:39.612Z] GET /api/task-creation/sessions/28b169e9-187d-4ffa-b00d-cd847cc3f406/task-description
[2026-02-22T01:00:39.612Z] GET /api/task-creation/sessions/28b169e9-187d-4ffa-b00d-cd847cc3f406/execution-plan
[2026-02-22T01:00:39.612Z] GET /api/sandbox/environment
[2026-02-22T01:00:39.628Z] GET /api/task-creation/sessions
[2026-02-22T01:00:39.656Z] GET /api/task-creation/sessions
[2026-02-22T01:00:39.747Z] GET /api/task-creation/sessions/28b169e9-187d-4ffa-b00d-cd847cc3f406
[2026-02-22T01:00:39.747Z] GET /api/task-creation/sessions/28b169e9-187d-4ffa-b00d-cd847cc3f406/messages
[2026-02-22T01:00:39.748Z] GET /api/task-creation/sessions/28b169e9-187d-4ffa-b00d-cd847cc3f406/intent
[2026-02-22T01:00:39.748Z] GET /api/task-creation/sessions/28b169e9-187d-4ffa-b00d-cd847cc3f406/task-description
[2026-02-22T01:00:39.749Z] GET /api/task-creation/sessions/28b169e9-187d-4ffa-b00d-cd847cc3f406/execution-plan
[2026-02-22T01:00:39.749Z] GET /api/sandbox/environment
[2026-02-22T01:00:43.624Z] GET /api/task-creation/sessions/28b169e9-187d-4ffa-b00d-cd847cc3f406
[2026-02-22T01:00:43.625Z] GET /api/task-creation/sessions/28b169e9-187d-4ffa-b00d-cd847cc3f406/intent
[2026-02-22T01:00:43.625Z] GET /api/task-creation/sessions/28b169e9-187d-4ffa-b00d-cd847cc3f406/messages
[2026-02-22T01:00:43.626Z] GET /api/task-creation/sessions/28b169e9-187d-4ffa-b00d-cd847cc3f406/task-description
[2026-02-22T01:00:43.626Z] GET /api/task-creation/sessions/28b169e9-187d-4ffa-b00d-cd847cc3f406/execution-plan
[2026-02-22T01:00:43.626Z] GET /api/sandbox/environment
[2026-02-22T01:00:43.627Z] GET /api/task-creation/sessions
✅ 数据库连接成功
[2026-02-22T01:00:47.624Z] GET /api/task-creation/sessions/28b169e9-187d-4ffa-b00d-cd847cc3f406
[2026-02-22T01:00:47.625Z] GET /api/task-creation/sessions/28b169e9-187d-4ffa-b00d-cd847cc3f406/messages
[2026-02-22T01:00:47.625Z] GET /api/task-creation/sessions/28b169e9-187d-4ffa-b00d-cd847cc3f406/task-description
[2026-02-22T01:00:47.626Z] GET /api/task-creation/sessions/28b169e9-187d-4ffa-b00d-cd847cc3f406/intent
[2026-02-22T01:00:47.626Z] GET /api/sandbox/environment
[2026-02-22T01:00:47.626Z] GET /api/task-creation/sessions/28b169e9-187d-4ffa-b00d-cd847cc3f406/execution-plan
[2026-02-22T01:00:47.627Z] GET /api/task-creation/sessions
[2026-02-22T01:00:49.731Z] GET /api/task-creation/sessions/83a7d841-8636-4067-9fc4-04011b32e501
[2026-02-22T01:00:49.731Z] GET /api/task-creation/sessions/83a7d841-8636-4067-9fc4-04011b32e501/messages
[2026-02-22T01:00:49.731Z] GET /api/task-creation/sessions/83a7d841-8636-4067-9fc4-04011b32e501/intent
[2026-02-22T01:00:49.732Z] GET /api/task-creation/sessions/83a7d841-8636-4067-9fc4-04011b32e501/task-description
[2026-02-22T01:00:49.732Z] GET /api/task-creation/sessions/83a7d841-8636-4067-9fc4-04011b32e501/execution-plan
[2026-02-22T01:00:49.732Z] GET /api/sandbox/environment
[2026-02-22T01:00:49.749Z] GET /api/task-creation/sessions
[2026-02-22T01:00:49.776Z] GET /api/task-creation/sessions
[2026-02-22T01:00:50.002Z] GET /api/task-creation/sessions/83a7d841-8636-4067-9fc4-04011b32e501
[2026-02-22T01:00:50.003Z] GET /api/task-creation/sessions/83a7d841-8636-4067-9fc4-04011b32e501/messages
[2026-02-22T01:00:50.003Z] GET /api/task-creation/sessions/83a7d841-8636-4067-9fc4-04011b32e501/intent
[2026-02-22T01:00:50.004Z] GET /api/task-creation/sessions/83a7d841-8636-4067-9fc4-04011b32e501/task-description
[2026-02-22T01:00:50.004Z] GET /api/task-creation/sessions/83a7d841-8636-4067-9fc4-04011b32e501/execution-plan
[2026-02-22T01:00:50.004Z] GET /api/sandbox/environment
[2026-02-22T01:00:53.751Z] GET /api/task-creation/sessions/83a7d841-8636-4067-9fc4-04011b32e501
[2026-02-22T01:00:53.751Z] GET /api/task-creation/sessions/83a7d841-8636-4067-9fc4-04011b32e501/intent
[2026-02-22T01:00:53.752Z] GET /api/task-creation/sessions/83a7d841-8636-4067-9fc4-04011b32e501/messages
[2026-02-22T01:00:53.752Z] GET /api/task-creation/sessions/83a7d841-8636-4067-9fc4-04011b32e501/task-description
[2026-02-22T01:00:53.752Z] GET /api/task-creation/sessions/83a7d841-8636-4067-9fc4-04011b32e501/execution-plan
[2026-02-22T01:00:53.752Z] GET /api/sandbox/environment
[2026-02-22T01:00:53.753Z] GET /api/task-creation/sessions
[2026-02-22T01:00:57.752Z] GET /api/task-creation/sessions/83a7d841-8636-4067-9fc4-04011b32e501
[2026-02-22T01:00:57.752Z] GET /api/task-creation/sessions/83a7d841-8636-4067-9fc4-04011b32e501/messages
[2026-02-22T01:00:57.753Z] GET /api/task-creation/sessions/83a7d841-8636-4067-9fc4-04011b32e501/task-description
[2026-02-22T01:00:57.753Z] GET /api/task-creation/sessions/83a7d841-8636-4067-9fc4-04011b32e501/intent
[2026-02-22T01:00:57.753Z] GET /api/task-creation/sessions/83a7d841-8636-4067-9fc4-04011b32e501/execution-plan
[2026-02-22T01:00:57.754Z] GET /api/sandbox/environment
[2026-02-22T01:00:57.754Z] GET /api/task-creation/sessions
[2026-02-22T01:01:01.745Z] GET /api/task-creation/sessions/83a7d841-8636-4067-9fc4-04011b32e501
[2026-02-22T01:01:01.745Z] GET /api/task-creation/sessions/83a7d841-8636-4067-9fc4-04011b32e501/intent
[2026-02-22T01:01:01.746Z] GET /api/task-creation/sessions/83a7d841-8636-4067-9fc4-04011b32e501/task-description
[2026-02-22T01:01:01.746Z] GET /api/task-creation/sessions/83a7d841-8636-4067-9fc4-04011b32e501/execution-plan
[2026-02-22T01:01:01.746Z] GET /api/task-creation/sessions/83a7d841-8636-4067-9fc4-04011b32e501/messages
[2026-02-22T01:01:01.747Z] GET /api/sandbox/environment
[2026-02-22T01:01:01.747Z] GET /api/task-creation/sessions
✅ 数据库连接成功
[2026-02-22T01:01:05.743Z] GET /api/task-creation/sessions/83a7d841-8636-4067-9fc4-04011b32e501
[2026-02-22T01:01:05.744Z] GET /api/task-creation/sessions/83a7d841-8636-4067-9fc4-04011b32e501/messages
[2026-02-22T01:01:05.744Z] GET /api/task-creation/sessions/83a7d841-8636-4067-9fc4-04011b32e501/intent
[2026-02-22T01:01:05.744Z] GET /api/task-creation/sessions/83a7d841-8636-4067-9fc4-04011b32e501/task-description
[2026-02-22T01:01:05.745Z] GET /api/sandbox/environment
[2026-02-22T01:01:05.745Z] GET /api/task-creation/sessions/83a7d841-8636-4067-9fc4-04011b32e501/execution-plan
[2026-02-22T01:01:05.745Z] GET /api/task-creation/sessions
[2026-02-22T01:01:07.684Z] GET /api/task-creation/sessions
[2026-02-22T01:01:09.753Z] GET /api/task-creation/sessions/83a7d841-8636-4067-9fc4-04011b32e501
[2026-02-22T01:01:09.754Z] GET /api/task-creation/sessions/83a7d841-8636-4067-9fc4-04011b32e501/intent
[2026-02-22T01:01:09.754Z] GET /api/task-creation/sessions/83a7d841-8636-4067-9fc4-04011b32e501/messages
[2026-02-22T01:01:09.754Z] GET /api/task-creation/sessions/83a7d841-8636-4067-9fc4-04011b32e501/task-description
[2026-02-22T01:01:09.755Z] GET /api/task-creation/sessions/83a7d841-8636-4067-9fc4-04011b32e501/execution-plan
[2026-02-22T01:01:09.755Z] GET /api/sandbox/environment
[2026-02-22T01:01:09.755Z] GET /api/task-creation/sessions
[2026-02-22T01:01:13.757Z] GET /api/task-creation/sessions
[2026-02-22T01:01:13.758Z] GET /api/task-creation/sessions/83a7d841-8636-4067-9fc4-04011b32e501
[2026-02-22T01:01:13.758Z] GET /api/task-creation/sessions/83a7d841-8636-4067-9fc4-04011b32e501/intent
[2026-02-22T01:01:13.758Z] GET /api/task-creation/sessions/83a7d841-8636-4067-9fc4-04011b32e501/messages
[2026-02-22T01:01:13.758Z] GET /api/task-creation/sessions/83a7d841-8636-4067-9fc4-04011b32e501/task-description
[2026-02-22T01:01:13.759Z] GET /api/task-creation/sessions/83a7d841-8636-4067-9fc4-04011b32e501/execution-plan
[2026-02-22T01:01:13.759Z] GET /api/sandbox/environment
[2026-02-22T01:01:17.742Z] GET /api/task-creation/sessions/83a7d841-8636-4067-9fc4-04011b32e501
[2026-02-22T01:01:17.743Z] GET /api/task-creation/sessions/83a7d841-8636-4067-9fc4-04011b32e501/messages
[2026-02-22T01:01:17.743Z] GET /api/task-creation/sessions/83a7d841-8636-4067-9fc4-04011b32e501/intent
[2026-02-22T01:01:17.744Z] GET /api/task-creation/sessions/83a7d841-8636-4067-9fc4-04011b32e501/task-description
[2026-02-22T01:01:17.744Z] GET /api/task-creation/sessions/83a7d841-8636-4067-9fc4-04011b32e501/execution-plan
[2026-02-22T01:01:17.744Z] GET /api/sandbox/environment
[2026-02-22T01:01:17.744Z] GET /api/task-creation/sessions
✅ 数据库连接成功
[2026-02-22T01:01:21.754Z] GET /api/task-creation/sessions/83a7d841-8636-4067-9fc4-04011b32e501
[2026-02-22T01:01:21.755Z] GET /api/task-creation/sessions/83a7d841-8636-4067-9fc4-04011b32e501/messages
[2026-02-22T01:01:21.755Z] GET /api/task-creation/sessions/83a7d841-8636-4067-9fc4-04011b32e501/intent
[2026-02-22T01:01:21.756Z] GET /api/task-creation/sessions/83a7d841-8636-4067-9fc4-04011b32e501/task-description
[2026-02-22T01:01:21.756Z] GET /api/task-creation/sessions/83a7d841-8636-4067-9fc4-04011b32e501/execution-plan
[2026-02-22T01:01:21.756Z] GET /api/sandbox/environment
[2026-02-22T01:01:21.757Z] GET /api/task-creation/sessions
[2026-02-22T01:01:25.750Z] GET /api/task-creation/sessions/83a7d841-8636-4067-9fc4-04011b32e501
[2026-02-22T01:01:25.751Z] GET /api/task-creation/sessions/83a7d841-8636-4067-9fc4-04011b32e501/messages
[2026-02-22T01:01:25.751Z] GET /api/task-creation/sessions/83a7d841-8636-4067-9fc4-04011b32e501/intent
[2026-02-22T01:01:25.752Z] GET /api/task-creation/sessions/83a7d841-8636-4067-9fc4-04011b32e501/execution-plan
[2026-02-22T01:01:25.752Z] GET /api/task-creation/sessions/83a7d841-8636-4067-9fc4-04011b32e501/task-description
[2026-02-22T01:01:25.752Z] GET /api/sandbox/environment
[2026-02-22T01:01:25.753Z] GET /api/task-creation/sessions
[2026-02-22T01:01:29.751Z] GET /api/task-creation/sessions/83a7d841-8636-4067-9fc4-04011b32e501
[2026-02-22T01:01:29.752Z] GET /api/task-creation/sessions/83a7d841-8636-4067-9fc4-04011b32e501/messages
[2026-02-22T01:01:29.752Z] GET /api/task-creation/sessions/83a7d841-8636-4067-9fc4-04011b32e501/intent
[2026-02-22T01:01:29.753Z] GET /api/task-creation/sessions/83a7d841-8636-4067-9fc4-04011b32e501/task-description
[2026-02-22T01:01:29.753Z] GET /api/task-creation/sessions/83a7d841-8636-4067-9fc4-04011b32e501/execution-plan
[2026-02-22T01:01:29.753Z] GET /api/sandbox/environment
[2026-02-22T01:01:29.753Z] GET /api/task-creation/sessions
[2026-02-22T01:01:33.745Z] GET /api/task-creation/sessions/83a7d841-8636-4067-9fc4-04011b32e501
[2026-02-22T01:01:33.745Z] GET /api/task-creation/sessions/83a7d841-8636-4067-9fc4-04011b32e501/intent
[2026-02-22T01:01:33.746Z] GET /api/task-creation/sessions/83a7d841-8636-4067-9fc4-04011b32e501/messages
[2026-02-22T01:01:33.746Z] GET /api/task-creation/sessions/83a7d841-8636-4067-9fc4-04011b32e501/task-description
[2026-02-22T01:01:33.746Z] GET /api/task-creation/sessions/83a7d841-8636-4067-9fc4-04011b32e501/execution-plan
[2026-02-22T01:01:33.746Z] GET /api/sandbox/environment
[2026-02-22T01:01:33.746Z] GET /api/task-creation/sessions
✅ 数据库连接成功
[2026-02-22T01:01:37.753Z] GET /api/task-creation/sessions/83a7d841-8636-4067-9fc4-04011b32e501
[2026-02-22T01:01:37.754Z] GET /api/task-creation/sessions/83a7d841-8636-4067-9fc4-04011b32e501/messages
[2026-02-22T01:01:37.754Z] GET /api/task-creation/sessions/83a7d841-8636-4067-9fc4-04011b32e501/intent
[2026-02-22T01:01:37.754Z] GET /api/task-creation/sessions/83a7d841-8636-4067-9fc4-04011b32e501/task-description
[2026-02-22T01:01:37.754Z] GET /api/task-creation/sessions/83a7d841-8636-4067-9fc4-04011b32e501/execution-plan
[2026-02-22T01:01:37.755Z] GET /api/sandbox/environment
[2026-02-22T01:01:37.755Z] GET /api/task-creation/sessions
[2026-02-22T01:01:41.755Z] GET /api/task-creation/sessions/83a7d841-8636-4067-9fc4-04011b32e501
[2026-02-22T01:01:41.756Z] GET /api/task-creation/sessions/83a7d841-8636-4067-9fc4-04011b32e501/messages
[2026-02-22T01:01:41.756Z] GET /api/task-creation/sessions/83a7d841-8636-4067-9fc4-04011b32e501/intent
[2026-02-22T01:01:41.757Z] GET /api/task-creation/sessions/83a7d841-8636-4067-9fc4-04011b32e501/task-description
[2026-02-22T01:01:41.757Z] GET /api/task-creation/sessions/83a7d841-8636-4067-9fc4-04011b32e501/execution-plan
[2026-02-22T01:01:41.757Z] GET /api/sandbox/environment
[2026-02-22T01:01:41.758Z] GET /api/task-creation/sessions
[2026-02-22T01:01:45.742Z] GET /api/task-creation/sessions/83a7d841-8636-4067-9fc4-04011b32e501
[2026-02-22T01:01:45.743Z] GET /api/task-creation/sessions/83a7d841-8636-4067-9fc4-04011b32e501/messages
[2026-02-22T01:01:45.743Z] GET /api/task-creation/sessions/83a7d841-8636-4067-9fc4-04011b32e501/intent
[2026-02-22T01:01:45.743Z] GET /api/task-creation/sessions/83a7d841-8636-4067-9fc4-04011b32e501/task-description
[2026-02-22T01:01:45.744Z] GET /api/task-creation/sessions/83a7d841-8636-4067-9fc4-04011b32e501/execution-plan
[2026-02-22T01:01:45.744Z] GET /api/sandbox/environment
[2026-02-22T01:01:45.744Z] GET /api/task-creation/sessions
[2026-02-22T01:01:49.743Z] GET /api/task-creation/sessions/83a7d841-8636-4067-9fc4-04011b32e501
[2026-02-22T01:01:49.744Z] GET /api/task-creation/sessions/83a7d841-8636-4067-9fc4-04011b32e501/messages
[2026-02-22T01:01:49.744Z] GET /api/task-creation/sessions/83a7d841-8636-4067-9fc4-04011b32e501/intent
[2026-02-22T01:01:49.745Z] GET /api/task-creation/sessions/83a7d841-8636-4067-9fc4-04011b32e501/task-description
[2026-02-22T01:01:49.745Z] GET /api/task-creation/sessions/83a7d841-8636-4067-9fc4-04011b32e501/execution-plan
[2026-02-22T01:01:49.745Z] GET /api/sandbox/environment
[2026-02-22T01:01:49.745Z] GET /api/task-creation/sessions
✅ 数据库连接成功
[2026-02-22T01:01:53.748Z] GET /api/task-creation/sessions/83a7d841-8636-4067-9fc4-04011b32e501
[2026-02-22T01:01:53.749Z] GET /api/task-creation/sessions/83a7d841-8636-4067-9fc4-04011b32e501/messages
[2026-02-22T01:01:53.749Z] GET /api/task-creation/sessions/83a7d841-8636-4067-9fc4-04011b32e501/intent
[2026-02-22T01:01:53.750Z] GET /api/task-creation/sessions/83a7d841-8636-4067-9fc4-04011b32e501/task-description
[2026-02-22T01:01:53.750Z] GET /api/task-creation/sessions/83a7d841-8636-4067-9fc4-04011b32e501/execution-plan
[2026-02-22T01:01:53.750Z] GET /api/sandbox/environment
[2026-02-22T01:01:53.750Z] GET /api/task-creation/sessions
[2026-02-22T01:01:57.750Z] GET /api/task-creation/sessions/83a7d841-8636-4067-9fc4-04011b32e501
[2026-02-22T01:01:57.750Z] GET /api/task-creation/sessions/83a7d841-8636-4067-9fc4-04011b32e501/intent
[2026-02-22T01:01:57.751Z] GET /api/task-creation/sessions/83a7d841-8636-4067-9fc4-04011b32e501/task-description
[2026-02-22T01:01:57.751Z] GET /api/task-creation/sessions/83a7d841-8636-4067-9fc4-04011b32e501/messages
[2026-02-22T01:01:57.751Z] GET /api/task-creation/sessions/83a7d841-8636-4067-9fc4-04011b32e501/execution-plan
[2026-02-22T01:01:57.751Z] GET /api/sandbox/environment
[2026-02-22T01:01:57.752Z] GET /api/task-creation/sessions
[2026-02-22T01:02:01.751Z] GET /api/task-creation/sessions/83a7d841-8636-4067-9fc4-04011b32e501
[2026-02-22T01:02:01.752Z] GET /api/task-creation/sessions/83a7d841-8636-4067-9fc4-04011b32e501/messages
[2026-02-22T01:02:01.752Z] GET /api/task-creation/sessions/83a7d841-8636-4067-9fc4-04011b32e501/intent
[2026-02-22T01:02:01.752Z] GET /api/task-creation/sessions/83a7d841-8636-4067-9fc4-04011b32e501/task-description
[2026-02-22T01:02:01.753Z] GET /api/sandbox/environment
[2026-02-22T01:02:01.753Z] GET /api/task-creation/sessions/83a7d841-8636-4067-9fc4-04011b32e501/execution-plan
[2026-02-22T01:02:01.753Z] GET /api/task-creation/sessions
[2026-02-22T01:02:05.756Z] GET /api/task-creation/sessions/83a7d841-8636-4067-9fc4-04011b32e501
[2026-02-22T01:02:05.757Z] GET /api/task-creation/sessions/83a7d841-8636-4067-9fc4-04011b32e501/messages
[2026-02-22T01:02:05.758Z] GET /api/task-creation/sessions/83a7d841-8636-4067-9fc4-04011b32e501/intent
[2026-02-22T01:02:05.758Z] GET /api/task-creation/sessions/83a7d841-8636-4067-9fc4-04011b32e501/task-description
[2026-02-22T01:02:05.758Z] GET /api/task-creation/sessions/83a7d841-8636-4067-9fc4-04011b32e501/execution-plan
[2026-02-22T01:02:05.759Z] GET /api/sandbox/environment
[2026-02-22T01:02:05.759Z] GET /api/task-creation/sessions
✅ 数据库连接成功
[2026-02-22T01:02:07.672Z] GET /api/task-creation/sessions
[2026-02-22T01:02:09.745Z] GET /api/task-creation/sessions/83a7d841-8636-4067-9fc4-04011b32e501
[2026-02-22T01:02:09.746Z] GET /api/task-creation/sessions/83a7d841-8636-4067-9fc4-04011b32e501/messages
[2026-02-22T01:02:09.746Z] GET /api/task-creation/sessions/83a7d841-8636-4067-9fc4-04011b32e501/intent
[2026-02-22T01:02:09.747Z] GET /api/task-creation/sessions/83a7d841-8636-4067-9fc4-04011b32e501/task-description
[2026-02-22T01:02:09.747Z] GET /api/task-creation/sessions/83a7d841-8636-4067-9fc4-04011b32e501/execution-plan
[2026-02-22T01:02:09.747Z] GET /api/sandbox/environment
[2026-02-22T01:02:09.747Z] GET /api/task-creation/sessions
[2026-02-22T01:02:13.753Z] GET /api/task-creation/sessions/83a7d841-8636-4067-9fc4-04011b32e501
[2026-02-22T01:02:13.753Z] GET /api/task-creation/sessions/83a7d841-8636-4067-9fc4-04011b32e501/messages
[2026-02-22T01:02:13.753Z] GET /api/task-creation/sessions/83a7d841-8636-4067-9fc4-04011b32e501/intent
[2026-02-22T01:02:13.754Z] GET /api/task-creation/sessions/83a7d841-8636-4067-9fc4-04011b32e501/task-description
[2026-02-22T01:02:13.754Z] GET /api/task-creation/sessions/83a7d841-8636-4067-9fc4-04011b32e501/execution-plan
[2026-02-22T01:02:13.754Z] GET /api/sandbox/environment
[2026-02-22T01:02:13.755Z] GET /api/task-creation/sessions
[2026-02-22T01:02:17.743Z] GET /api/task-creation/sessions/83a7d841-8636-4067-9fc4-04011b32e501
[2026-02-22T01:02:17.744Z] GET /api/task-creation/sessions/83a7d841-8636-4067-9fc4-04011b32e501/messages
[2026-02-22T01:02:17.744Z] GET /api/task-creation/sessions/83a7d841-8636-4067-9fc4-04011b32e501/intent
[2026-02-22T01:02:17.745Z] GET /api/task-creation/sessions/83a7d841-8636-4067-9fc4-04011b32e501/task-description
[2026-02-22T01:02:17.745Z] GET /api/task-creation/sessions/83a7d841-8636-4067-9fc4-04011b32e501/execution-plan
[2026-02-22T01:02:17.745Z] GET /api/sandbox/environment
[2026-02-22T01:02:17.746Z] GET /api/task-creation/sessions
[2026-02-22T01:02:21.747Z] GET /api/task-creation/sessions/83a7d841-8636-4067-9fc4-04011b32e501
[2026-02-22T01:02:21.748Z] GET /api/task-creation/sessions/83a7d841-8636-4067-9fc4-04011b32e501/intent
[2026-02-22T01:02:21.749Z] GET /api/task-creation/sessions/83a7d841-8636-4067-9fc4-04011b32e501/messages
[2026-02-22T01:02:21.749Z] GET /api/task-creation/sessions/83a7d841-8636-4067-9fc4-04011b32e501/task-description
[2026-02-22T01:02:21.749Z] GET /api/sandbox/environment
[2026-02-22T01:02:21.750Z] GET /api/task-creation/sessions/83a7d841-8636-4067-9fc4-04011b32e501/execution-plan
[2026-02-22T01:02:21.750Z] GET /api/task-creation/sessions
✅ 数据库连接成功
[2026-02-22T01:02:25.742Z] GET /api/task-creation/sessions/83a7d841-8636-4067-9fc4-04011b32e501
[2026-02-22T01:02:25.743Z] GET /api/task-creation/sessions/83a7d841-8636-4067-9fc4-04011b32e501/messages
[2026-02-22T01:02:25.743Z] GET /api/task-creation/sessions/83a7d841-8636-4067-9fc4-04011b32e501/intent
[2026-02-22T01:02:25.744Z] GET /api/task-creation/sessions/83a7d841-8636-4067-9fc4-04011b32e501/task-description
[2026-02-22T01:02:25.744Z] GET /api/task-creation/sessions/83a7d841-8636-4067-9fc4-04011b32e501/execution-plan
[2026-02-22T01:02:25.744Z] GET /api/sandbox/environment
[2026-02-22T01:02:25.745Z] GET /api/task-creation/sessions
[2026-02-22T01:02:29.754Z] GET /api/task-creation/sessions/83a7d841-8636-4067-9fc4-04011b32e501
[2026-02-22T01:02:29.755Z] GET /api/task-creation/sessions/83a7d841-8636-4067-9fc4-04011b32e501/messages
[2026-02-22T01:02:29.755Z] GET /api/task-creation/sessions/83a7d841-8636-4067-9fc4-04011b32e501/intent
[2026-02-22T01:02:29.756Z] GET /api/task-creation/sessions/83a7d841-8636-4067-9fc4-04011b32e501/execution-plan
[2026-02-22T01:02:29.756Z] GET /api/task-creation/sessions/83a7d841-8636-4067-9fc4-04011b32e501/task-description
[2026-02-22T01:02:29.757Z] GET /api/sandbox/environment
[2026-02-22T01:02:29.757Z] GET /api/task-creation/sessions
[2026-02-22T01:02:33.749Z] GET /api/task-creation/sessions/83a7d841-8636-4067-9fc4-04011b32e501
[2026-02-22T01:02:33.750Z] GET /api/task-creation/sessions/83a7d841-8636-4067-9fc4-04011b32e501/messages
[2026-02-22T01:02:33.750Z] GET /api/task-creation/sessions/83a7d841-8636-4067-9fc4-04011b32e501/intent
[2026-02-22T01:02:33.751Z] GET /api/task-creation/sessions/83a7d841-8636-4067-9fc4-04011b32e501/task-description
[2026-02-22T01:02:33.751Z] GET /api/task-creation/sessions/83a7d841-8636-4067-9fc4-04011b32e501/execution-plan
[2026-02-22T01:02:33.752Z] GET /api/sandbox/environment
[2026-02-22T01:02:33.752Z] GET /api/task-creation/sessions
[2026-02-22T01:02:37.755Z] GET /api/task-creation/sessions/83a7d841-8636-4067-9fc4-04011b32e501/messages
[2026-02-22T01:02:37.756Z] GET /api/task-creation/sessions/83a7d841-8636-4067-9fc4-04011b32e501
[2026-02-22T01:02:37.756Z] GET /api/task-creation/sessions/83a7d841-8636-4067-9fc4-04011b32e501/intent
[2026-02-22T01:02:37.757Z] GET /api/task-creation/sessions/83a7d841-8636-4067-9fc4-04011b32e501/task-description
[2026-02-22T01:02:37.757Z] GET /api/task-creation/sessions/83a7d841-8636-4067-9fc4-04011b32e501/execution-plan
[2026-02-22T01:02:37.758Z] GET /api/sandbox/environment
[2026-02-22T01:02:37.758Z] GET /api/task-creation/sessions
✅ 数据库连接成功
[2026-02-22T01:02:41.743Z] GET /api/task-creation/sessions/83a7d841-8636-4067-9fc4-04011b32e501
[2026-02-22T01:02:41.744Z] GET /api/task-creation/sessions/83a7d841-8636-4067-9fc4-04011b32e501/messages
[2026-02-22T01:02:41.744Z] GET /api/task-creation/sessions/83a7d841-8636-4067-9fc4-04011b32e501/intent
[2026-02-22T01:02:41.745Z] GET /api/task-creation/sessions/83a7d841-8636-4067-9fc4-04011b32e501/task-description
[2026-02-22T01:02:41.745Z] GET /api/task-creation/sessions/83a7d841-8636-4067-9fc4-04011b32e501/execution-plan
[2026-02-22T01:02:41.745Z] GET /api/sandbox/environment
[2026-02-22T01:02:41.746Z] GET /api/task-creation/sessions
[2026-02-22T01:02:45.756Z] GET /api/task-creation/sessions/83a7d841-8636-4067-9fc4-04011b32e501
[2026-02-22T01:02:45.757Z] GET /api/task-creation/sessions/83a7d841-8636-4067-9fc4-04011b32e501/messages
[2026-02-22T01:02:45.757Z] GET /api/task-creation/sessions/83a7d841-8636-4067-9fc4-04011b32e501/intent
[2026-02-22T01:02:45.758Z] GET /api/task-creation/sessions/83a7d841-8636-4067-9fc4-04011b32e501/task-description
[2026-02-22T01:02:45.758Z] GET /api/task-creation/sessions
[2026-02-22T01:02:45.758Z] GET /api/task-creation/sessions/83a7d841-8636-4067-9fc4-04011b32e501/execution-plan
[2026-02-22T01:02:45.758Z] GET /api/sandbox/environment
[2026-02-22T01:02:49.745Z] GET /api/task-creation/sessions/83a7d841-8636-4067-9fc4-04011b32e501
[2026-02-22T01:02:49.746Z] GET /api/task-creation/sessions/83a7d841-8636-4067-9fc4-04011b32e501/messages
[2026-02-22T01:02:49.746Z] GET /api/task-creation/sessions/83a7d841-8636-4067-9fc4-04011b32e501/intent
[2026-02-22T01:02:49.747Z] GET /api/task-creation/sessions/83a7d841-8636-4067-9fc4-04011b32e501/task-description
[2026-02-22T01:02:49.747Z] GET /api/task-creation/sessions/83a7d841-8636-4067-9fc4-04011b32e501/execution-plan
[2026-02-22T01:02:49.747Z] GET /api/sandbox/environment
[2026-02-22T01:02:49.748Z] GET /api/task-creation/sessions
[2026-02-22T01:02:53.756Z] GET /api/task-creation/sessions/83a7d841-8636-4067-9fc4-04011b32e501
[2026-02-22T01:02:53.756Z] GET /api/task-creation/sessions/83a7d841-8636-4067-9fc4-04011b32e501/intent
[2026-02-22T01:02:53.757Z] GET /api/task-creation/sessions/83a7d841-8636-4067-9fc4-04011b32e501/messages
[2026-02-22T01:02:53.757Z] GET /api/task-creation/sessions/83a7d841-8636-4067-9fc4-04011b32e501/task-description
[2026-02-22T01:02:53.757Z] GET /api/task-creation/sessions/83a7d841-8636-4067-9fc4-04011b32e501/execution-plan
[2026-02-22T01:02:53.758Z] GET /api/sandbox/environment
[2026-02-22T01:02:53.758Z] GET /api/task-creation/sessions
✅ 数据库连接成功
[2026-02-22T01:02:57.743Z] GET /api/task-creation/sessions/83a7d841-8636-4067-9fc4-04011b32e501
[2026-02-22T01:02:57.744Z] GET /api/task-creation/sessions/83a7d841-8636-4067-9fc4-04011b32e501/messages
[2026-02-22T01:02:57.744Z] GET /api/task-creation/sessions/83a7d841-8636-4067-9fc4-04011b32e501/intent
[2026-02-22T01:02:57.744Z] GET /api/task-creation/sessions/83a7d841-8636-4067-9fc4-04011b32e501/task-description
[2026-02-22T01:02:57.745Z] GET /api/task-creation/sessions/83a7d841-8636-4067-9fc4-04011b32e501/execution-plan
[2026-02-22T01:02:57.746Z] GET /api/sandbox/environment
[2026-02-22T01:02:57.746Z] GET /api/task-creation/sessions
[2026-02-22T01:03:01.746Z] GET /api/task-creation/sessions/83a7d841-8636-4067-9fc4-04011b32e501
[2026-02-22T01:03:01.747Z] GET /api/task-creation/sessions/83a7d841-8636-4067-9fc4-04011b32e501/messages
[2026-02-22T01:03:01.747Z] GET /api/task-creation/sessions/83a7d841-8636-4067-9fc4-04011b32e501/intent
[2026-02-22T01:03:01.748Z] GET /api/task-creation/sessions/83a7d841-8636-4067-9fc4-04011b32e501/task-description
[2026-02-22T01:03:01.748Z] GET /api/task-creation/sessions/83a7d841-8636-4067-9fc4-04011b32e501/execution-plan
[2026-02-22T01:03:01.748Z] GET /api/sandbox/environment
[2026-02-22T01:03:01.748Z] GET /api/task-creation/sessions
[2026-02-22T01:03:05.751Z] GET /api/task-creation/sessions/83a7d841-8636-4067-9fc4-04011b32e501
[2026-02-22T01:03:05.751Z] GET /api/task-creation/sessions/83a7d841-8636-4067-9fc4-04011b32e501/intent
[2026-02-22T01:03:05.752Z] GET /api/task-creation/sessions/83a7d841-8636-4067-9fc4-04011b32e501/messages
[2026-02-22T01:03:05.752Z] GET /api/task-creation/sessions/83a7d841-8636-4067-9fc4-04011b32e501/task-description
[2026-02-22T01:03:05.752Z] GET /api/task-creation/sessions/83a7d841-8636-4067-9fc4-04011b32e501/execution-plan
[2026-02-22T01:03:05.752Z] GET /api/sandbox/environment
[2026-02-22T01:03:05.752Z] GET /api/task-creation/sessions
[2026-02-22T01:03:07.680Z] GET /api/task-creation/sessions
[2026-02-22T01:03:09.757Z] GET /api/task-creation/sessions/83a7d841-8636-4067-9fc4-04011b32e501
[2026-02-22T01:03:09.757Z] GET /api/task-creation/sessions/83a7d841-8636-4067-9fc4-04011b32e501/messages
[2026-02-22T01:03:09.758Z] GET /api/task-creation/sessions/83a7d841-8636-4067-9fc4-04011b32e501/intent
[2026-02-22T01:03:09.758Z] GET /api/task-creation/sessions/83a7d841-8636-4067-9fc4-04011b32e501/task-description
[2026-02-22T01:03:09.758Z] GET /api/task-creation/sessions/83a7d841-8636-4067-9fc4-04011b32e501/execution-plan
[2026-02-22T01:03:09.759Z] GET /api/sandbox/environment
[2026-02-22T01:03:09.759Z] GET /api/task-creation/sessions
✅ 数据库连接成功
[2026-02-22T01:03:13.755Z] GET /api/task-creation/sessions/83a7d841-8636-4067-9fc4-04011b32e501
[2026-02-22T01:03:13.756Z] GET /api/task-creation/sessions/83a7d841-8636-4067-9fc4-04011b32e501/intent
[2026-02-22T01:03:13.756Z] GET /api/task-creation/sessions/83a7d841-8636-4067-9fc4-04011b32e501/messages
[2026-02-22T01:03:13.756Z] GET /api/task-creation/sessions/83a7d841-8636-4067-9fc4-04011b32e501/task-description
[2026-02-22T01:03:13.756Z] GET /api/task-creation/sessions/83a7d841-8636-4067-9fc4-04011b32e501/execution-plan
[2026-02-22T01:03:13.757Z] GET /api/sandbox/environment
[2026-02-22T01:03:13.757Z] GET /api/task-creation/sessions
[2026-02-22T01:03:17.746Z] GET /api/task-creation/sessions/83a7d841-8636-4067-9fc4-04011b32e501
[2026-02-22T01:03:17.746Z] GET /api/task-creation/sessions/83a7d841-8636-4067-9fc4-04011b32e501/messages
[2026-02-22T01:03:17.747Z] GET /api/task-creation/sessions/83a7d841-8636-4067-9fc4-04011b32e501/intent
[2026-02-22T01:03:17.747Z] GET /api/task-creation/sessions/83a7d841-8636-4067-9fc4-04011b32e501/task-description
[2026-02-22T01:03:17.748Z] GET /api/task-creation/sessions/83a7d841-8636-4067-9fc4-04011b32e501/execution-plan
[2026-02-22T01:03:17.748Z] GET /api/sandbox/environment
[2026-02-22T01:03:17.749Z] GET /api/task-creation/sessions
[2026-02-22T01:03:19.034Z] GET /api/task-creation/sessions
[2026-02-22T01:03:22.679Z] GET /api/task-creation/sessions/83a7d841-8636-4067-9fc4-04011b32e501
[2026-02-22T01:03:22.679Z] GET /api/task-creation/sessions/83a7d841-8636-4067-9fc4-04011b32e501/messages
[2026-02-22T01:03:22.679Z] GET /api/task-creation/sessions/83a7d841-8636-4067-9fc4-04011b32e501/intent
[2026-02-22T01:03:22.680Z] GET /api/task-creation/sessions/83a7d841-8636-4067-9fc4-04011b32e501/execution-plan
[2026-02-22T01:03:22.680Z] GET /api/task-creation/sessions/83a7d841-8636-4067-9fc4-04011b32e501/task-description
[2026-02-22T01:03:22.681Z] GET /api/sandbox/environment
[2026-02-22T01:03:22.681Z] GET /api/task-creation/sessions
[2026-02-22T01:03:24.380Z] GET /api/task-creation/sessions
[2026-02-22T01:03:26.674Z] GET /api/task-creation/sessions/83a7d841-8636-4067-9fc4-04011b32e501
[2026-02-22T01:03:26.675Z] GET /api/task-creation/sessions/83a7d841-8636-4067-9fc4-04011b32e501/messages
[2026-02-22T01:03:26.675Z] GET /api/task-creation/sessions/83a7d841-8636-4067-9fc4-04011b32e501/intent
[2026-02-22T01:03:26.675Z] GET /api/task-creation/sessions/83a7d841-8636-4067-9fc4-04011b32e501/task-description
[2026-02-22T01:03:26.676Z] GET /api/task-creation/sessions/83a7d841-8636-4067-9fc4-04011b32e501/execution-plan
[2026-02-22T01:03:26.676Z] GET /api/sandbox/environment
[2026-02-22T01:03:26.676Z] GET /api/task-creation/sessions
✅ 数据库连接成功
[2026-02-22T01:03:30.393Z] GET /api/task-creation/sessions
[2026-02-22T01:03:30.686Z] GET /api/task-creation/sessions/83a7d841-8636-4067-9fc4-04011b32e501
[2026-02-22T01:03:30.686Z] GET /api/task-creation/sessions/83a7d841-8636-4067-9fc4-04011b32e501/messages
[2026-02-22T01:03:30.687Z] GET /api/task-creation/sessions/83a7d841-8636-4067-9fc4-04011b32e501/intent
[2026-02-22T01:03:30.687Z] GET /api/task-creation/sessions/83a7d841-8636-4067-9fc4-04011b32e501/task-description
[2026-02-22T01:03:30.688Z] GET /api/sandbox/environment
[2026-02-22T01:03:30.688Z] GET /api/task-creation/sessions/83a7d841-8636-4067-9fc4-04011b32e501/execution-plan
[2026-02-22T01:03:30.688Z] GET /api/task-creation/sessions
[2026-02-22T01:03:34.686Z] GET /api/task-creation/sessions/83a7d841-8636-4067-9fc4-04011b32e501
[2026-02-22T01:03:34.686Z] GET /api/task-creation/sessions/83a7d841-8636-4067-9fc4-04011b32e501/messages
[2026-02-22T01:03:34.687Z] GET /api/task-creation/sessions/83a7d841-8636-4067-9fc4-04011b32e501/intent
[2026-02-22T01:03:34.687Z] GET /api/task-creation/sessions/83a7d841-8636-4067-9fc4-04011b32e501/task-description
[2026-02-22T01:03:34.688Z] GET /api/task-creation/sessions/83a7d841-8636-4067-9fc4-04011b32e501/execution-plan
[2026-02-22T01:03:34.688Z] GET /api/sandbox/environment
[2026-02-22T01:03:34.688Z] GET /api/task-creation/sessions
[2026-02-22T01:03:36.383Z] GET /api/task-creation/sessions
[2026-02-22T01:03:38.674Z] GET /api/task-creation/sessions/83a7d841-8636-4067-9fc4-04011b32e501
[2026-02-22T01:03:38.675Z] GET /api/task-creation/sessions/83a7d841-8636-4067-9fc4-04011b32e501/intent
[2026-02-22T01:03:38.675Z] GET /api/task-creation/sessions/83a7d841-8636-4067-9fc4-04011b32e501/messages
[2026-02-22T01:03:38.675Z] GET /api/task-creation/sessions/83a7d841-8636-4067-9fc4-04011b32e501/task-description
[2026-02-22T01:03:38.675Z] GET /api/task-creation/sessions/83a7d841-8636-4067-9fc4-04011b32e501/execution-plan
[2026-02-22T01:03:38.676Z] GET /api/sandbox/environment
[2026-02-22T01:03:38.676Z] GET /api/task-creation/sessions
[2026-02-22T01:03:42.387Z] GET /api/task-creation/sessions
[2026-02-22T01:03:42.676Z] GET /api/task-creation/sessions/83a7d841-8636-4067-9fc4-04011b32e501
[2026-02-22T01:03:42.676Z] GET /api/task-creation/sessions/83a7d841-8636-4067-9fc4-04011b32e501/messages
[2026-02-22T01:03:42.677Z] GET /api/task-creation/sessions/83a7d841-8636-4067-9fc4-04011b32e501/intent
[2026-02-22T01:03:42.677Z] GET /api/task-creation/sessions/83a7d841-8636-4067-9fc4-04011b32e501/task-description
[2026-02-22T01:03:42.678Z] GET /api/task-creation/sessions/83a7d841-8636-4067-9fc4-04011b32e501/execution-plan
[2026-02-22T01:03:42.678Z] GET /api/sandbox/environment
[2026-02-22T01:03:42.678Z] GET /api/task-creation/sessions
✅ 数据库连接成功
[2026-02-22T01:03:46.679Z] GET /api/task-creation/sessions/83a7d841-8636-4067-9fc4-04011b32e501
[2026-02-22T01:03:46.680Z] GET /api/task-creation/sessions/83a7d841-8636-4067-9fc4-04011b32e501/messages
[2026-02-22T01:03:46.680Z] GET /api/task-creation/sessions/83a7d841-8636-4067-9fc4-04011b32e501/intent
[2026-02-22T01:03:46.681Z] GET /api/task-creation/sessions/83a7d841-8636-4067-9fc4-04011b32e501/task-description
[2026-02-22T01:03:46.681Z] GET /api/task-creation/sessions/83a7d841-8636-4067-9fc4-04011b32e501/execution-plan
[2026-02-22T01:03:46.682Z] GET /api/sandbox/environment
[2026-02-22T01:03:46.682Z] GET /api/task-creation/sessions
[2026-02-22T01:03:48.384Z] GET /api/task-creation/sessions
[2026-02-22T01:03:50.683Z] GET /api/task-creation/sessions/83a7d841-8636-4067-9fc4-04011b32e501
[2026-02-22T01:03:50.684Z] GET /api/task-creation/sessions/83a7d841-8636-4067-9fc4-04011b32e501/messages
[2026-02-22T01:03:50.684Z] GET /api/task-creation/sessions/83a7d841-8636-4067-9fc4-04011b32e501/intent
[2026-02-22T01:03:50.684Z] GET /api/task-creation/sessions/83a7d841-8636-4067-9fc4-04011b32e501/task-description
[2026-02-22T01:03:50.685Z] GET /api/task-creation/sessions/83a7d841-8636-4067-9fc4-04011b32e501/execution-plan
[2026-02-22T01:03:50.685Z] GET /api/sandbox/environment
[2026-02-22T01:03:50.685Z] GET /api/task-creation/sessions
[2026-02-22T01:03:54.383Z] GET /api/task-creation/sessions
[2026-02-22T01:03:54.674Z] GET /api/task-creation/sessions/83a7d841-8636-4067-9fc4-04011b32e501
[2026-02-22T01:03:54.675Z] GET /api/task-creation/sessions/83a7d841-8636-4067-9fc4-04011b32e501/messages
[2026-02-22T01:03:54.675Z] GET /api/task-creation/sessions/83a7d841-8636-4067-9fc4-04011b32e501/intent
[2026-02-22T01:03:54.675Z] GET /api/task-creation/sessions/83a7d841-8636-4067-9fc4-04011b32e501/task-description
[2026-02-22T01:03:54.675Z] GET /api/task-creation/sessions/83a7d841-8636-4067-9fc4-04011b32e501/execution-plan
[2026-02-22T01:03:54.676Z] GET /api/sandbox/environment
[2026-02-22T01:03:54.676Z] GET /api/task-creation/sessions
[2026-02-22T01:03:58.683Z] GET /api/task-creation/sessions/83a7d841-8636-4067-9fc4-04011b32e501
[2026-02-22T01:03:58.684Z] GET /api/task-creation/sessions/83a7d841-8636-4067-9fc4-04011b32e501/messages
[2026-02-22T01:03:58.684Z] GET /api/task-creation/sessions/83a7d841-8636-4067-9fc4-04011b32e501/task-description
[2026-02-22T01:03:58.684Z] GET /api/task-creation/sessions/83a7d841-8636-4067-9fc4-04011b32e501/intent
[2026-02-22T01:03:58.685Z] GET /api/task-creation/sessions/83a7d841-8636-4067-9fc4-04011b32e501/execution-plan
[2026-02-22T01:03:58.685Z] GET /api/sandbox/environment
[2026-02-22T01:03:58.685Z] GET /api/task-creation/sessions
✅ 数据库连接成功
[2026-02-22T01:04:00.387Z] GET /api/task-creation/sessions
[2026-02-22T01:04:02.686Z] GET /api/task-creation/sessions/83a7d841-8636-4067-9fc4-04011b32e501
[2026-02-22T01:04:02.687Z] GET /api/task-creation/sessions/83a7d841-8636-4067-9fc4-04011b32e501/messages
[2026-02-22T01:04:02.687Z] GET /api/task-creation/sessions/83a7d841-8636-4067-9fc4-04011b32e501/intent
[2026-02-22T01:04:02.688Z] GET /api/task-creation/sessions/83a7d841-8636-4067-9fc4-04011b32e501/task-description
[2026-02-22T01:04:02.688Z] GET /api/task-creation/sessions/83a7d841-8636-4067-9fc4-04011b32e501/execution-plan
[2026-02-22T01:04:02.689Z] GET /api/sandbox/environment
[2026-02-22T01:04:02.689Z] GET /api/task-creation/sessions
[2026-02-22T01:04:06.383Z] GET /api/task-creation/sessions
[2026-02-22T01:04:06.673Z] GET /api/task-creation/sessions/83a7d841-8636-4067-9fc4-04011b32e501
[2026-02-22T01:04:06.674Z] GET /api/task-creation/sessions/83a7d841-8636-4067-9fc4-04011b32e501/messages
[2026-02-22T01:04:06.674Z] GET /api/task-creation/sessions/83a7d841-8636-4067-9fc4-04011b32e501/intent
[2026-02-22T01:04:06.675Z] GET /api/task-creation/sessions/83a7d841-8636-4067-9fc4-04011b32e501/task-description
[2026-02-22T01:04:06.675Z] GET /api/task-creation/sessions/83a7d841-8636-4067-9fc4-04011b32e501/execution-plan
[2026-02-22T01:04:06.675Z] GET /api/sandbox/environment
[2026-02-22T01:04:06.676Z] GET /api/task-creation/sessions
[2026-02-22T01:04:10.686Z] GET /api/task-creation/sessions/83a7d841-8636-4067-9fc4-04011b32e501
[2026-02-22T01:04:10.686Z] GET /api/task-creation/sessions/83a7d841-8636-4067-9fc4-04011b32e501/messages
[2026-02-22T01:04:10.687Z] GET /api/task-creation/sessions/83a7d841-8636-4067-9fc4-04011b32e501/intent
[2026-02-22T01:04:10.687Z] GET /api/task-creation/sessions/83a7d841-8636-4067-9fc4-04011b32e501/task-description
[2026-02-22T01:04:10.687Z] GET /api/task-creation/sessions/83a7d841-8636-4067-9fc4-04011b32e501/execution-plan
[2026-02-22T01:04:10.688Z] GET /api/sandbox/environment
[2026-02-22T01:04:10.688Z] GET /api/task-creation/sessions
[2026-02-22T01:04:12.389Z] GET /api/task-creation/sessions
[2026-02-22T01:04:14.672Z] GET /api/task-creation/sessions/83a7d841-8636-4067-9fc4-04011b32e501
[2026-02-22T01:04:14.673Z] GET /api/task-creation/sessions/83a7d841-8636-4067-9fc4-04011b32e501/intent
[2026-02-22T01:04:14.673Z] GET /api/task-creation/sessions/83a7d841-8636-4067-9fc4-04011b32e501/task-description
[2026-02-22T01:04:14.673Z] GET /api/task-creation/sessions/83a7d841-8636-4067-9fc4-04011b32e501/messages
[2026-02-22T01:04:14.673Z] GET /api/task-creation/sessions/83a7d841-8636-4067-9fc4-04011b32e501/execution-plan
[2026-02-22T01:04:14.674Z] GET /api/sandbox/environment
[2026-02-22T01:04:14.674Z] GET /api/task-creation/sessions
✅ 数据库连接成功
[2026-02-22T01:04:18.382Z] GET /api/task-creation/sessions
[2026-02-22T01:04:18.674Z] GET /api/task-creation/sessions/83a7d841-8636-4067-9fc4-04011b32e501
[2026-02-22T01:04:18.674Z] GET /api/task-creation/sessions/83a7d841-8636-4067-9fc4-04011b32e501/messages
[2026-02-22T01:04:18.675Z] GET /api/task-creation/sessions/83a7d841-8636-4067-9fc4-04011b32e501/intent
[2026-02-22T01:04:18.675Z] GET /api/task-creation/sessions/83a7d841-8636-4067-9fc4-04011b32e501/task-description
[2026-02-22T01:04:18.676Z] GET /api/task-creation/sessions/83a7d841-8636-4067-9fc4-04011b32e501/execution-plan
[2026-02-22T01:04:18.676Z] GET /api/sandbox/environment
[2026-02-22T01:04:18.676Z] GET /api/task-creation/sessions
[2026-02-22T01:04:24.390Z] GET /api/task-creation/sessions
[2026-02-22T01:04:30.387Z] GET /api/task-creation/sessions
[2026-02-22T01:04:36.394Z] GET /api/task-creation/sessions
[2026-02-22T01:04:42.382Z] GET /api/task-creation/sessions
[2026-02-22T01:04:48.392Z] GET /api/task-creation/sessions
[2026-02-22T01:04:54.387Z] GET /api/task-creation/sessions
[2026-02-22T01:05:00.390Z] GET /api/task-creation/sessions
[2026-02-22T01:05:06.379Z] GET /api/task-creation/sessions
[2026-02-22T01:05:07.676Z] GET /api/task-creation/sessions/83a7d841-8636-4067-9fc4-04011b32e501
[2026-02-22T01:05:07.676Z] GET /api/task-creation/sessions/83a7d841-8636-4067-9fc4-04011b32e501/messages
[2026-02-22T01:05:07.677Z] GET /api/task-creation/sessions/83a7d841-8636-4067-9fc4-04011b32e501/intent
[2026-02-22T01:05:07.678Z] GET /api/task-creation/sessions/83a7d841-8636-4067-9fc4-04011b32e501/execution-plan
[2026-02-22T01:05:07.679Z] GET /api/task-creation/sessions/83a7d841-8636-4067-9fc4-04011b32e501/task-description
[2026-02-22T01:05:07.679Z] GET /api/sandbox/environment
[2026-02-22T01:05:07.680Z] GET /api/task-creation/sessions
✅ 数据库连接成功
[2026-02-22T01:05:12.385Z] GET /api/task-creation/sessions
[2026-02-22T01:05:18.393Z] GET /api/task-creation/sessions
[2026-02-22T01:05:24.388Z] GET /api/task-creation/sessions
[2026-02-22T01:05:30.384Z] GET /api/task-creation/sessions
[2026-02-22T01:05:36.383Z] GET /api/task-creation/sessions
[2026-02-22T01:05:42.380Z] GET /api/task-creation/sessions
[2026-02-22T01:05:48.383Z] GET /api/task-creation/sessions
[2026-02-22T01:05:54.390Z] GET /api/task-creation/sessions
[2026-02-22T01:06:00.383Z] GET /api/task-creation/sessions
[2026-02-22T01:06:06.385Z] GET /api/task-creation/sessions
[2026-02-22T01:06:07.679Z] GET /api/task-creation/sessions/83a7d841-8636-4067-9fc4-04011b32e501
[2026-02-22T01:06:07.679Z] GET /api/task-creation/sessions/83a7d841-8636-4067-9fc4-04011b32e501/messages
[2026-02-22T01:06:07.680Z] GET /api/task-creation/sessions/83a7d841-8636-4067-9fc4-04011b32e501/intent
[2026-02-22T01:06:07.681Z] GET /api/task-creation/sessions/83a7d841-8636-4067-9fc4-04011b32e501/task-description
[2026-02-22T01:06:07.682Z] GET /api/task-creation/sessions/83a7d841-8636-4067-9fc4-04011b32e501/execution-plan
[2026-02-22T01:06:07.682Z] GET /api/sandbox/environment
[2026-02-22T01:06:07.683Z] GET /api/task-creation/sessions
✅ 数据库连接成功
[2026-02-22T01:06:12.379Z] GET /api/task-creation/sessions
[2026-02-22T01:06:18.385Z] GET /api/task-creation/sessions
[2026-02-22T01:06:24.379Z] GET /api/task-creation/sessions
[2026-02-22T01:06:30.378Z] GET /api/task-creation/sessions
[2026-02-22T01:06:36.378Z] GET /api/task-creation/sessions
[2026-02-22T01:06:42.380Z] GET /api/task-creation/sessions
[2026-02-22T01:06:48.380Z] GET /api/task-creation/sessions
[2026-02-22T01:06:54.393Z] GET /api/task-creation/sessions
[2026-02-22T01:07:00.382Z] GET /api/task-creation/sessions
[2026-02-22T01:07:06.391Z] GET /api/task-creation/sessions
[2026-02-22T01:07:07.687Z] GET /api/task-creation/sessions/83a7d841-8636-4067-9fc4-04011b32e501
[2026-02-22T01:07:07.688Z] GET /api/task-creation/sessions/83a7d841-8636-4067-9fc4-04011b32e501/messages
[2026-02-22T01:07:07.688Z] GET /api/task-creation/sessions/83a7d841-8636-4067-9fc4-04011b32e501/intent
[2026-02-22T01:07:07.690Z] GET /api/task-creation/sessions/83a7d841-8636-4067-9fc4-04011b32e501/task-description
[2026-02-22T01:07:07.690Z] GET /api/task-creation/sessions/83a7d841-8636-4067-9fc4-04011b32e501/execution-plan
[2026-02-22T01:07:07.691Z] GET /api/sandbox/environment
[2026-02-22T01:07:07.691Z] GET /api/task-creation/sessions
✅ 数据库连接成功
[2026-02-22T01:07:12.385Z] GET /api/task-creation/sessions
[2026-02-22T01:07:18.389Z] GET /api/task-creation/sessions
[2026-02-22T01:07:24.392Z] GET /api/task-creation/sessions
[2026-02-22T01:07:30.388Z] GET /api/task-creation/sessions
[2026-02-22T01:07:36.389Z] GET /api/task-creation/sessions
[2026-02-22T01:07:42.380Z] GET /api/task-creation/sessions
[2026-02-22T01:07:48.387Z] GET /api/task-creation/sessions
[2026-02-22T01:07:54.391Z] GET /api/task-creation/sessions
[2026-02-22T01:08:00.387Z] GET /api/task-creation/sessions
[2026-02-22T01:08:06.378Z] GET /api/task-creation/sessions
[2026-02-22T01:08:07.674Z] GET /api/task-creation/sessions/83a7d841-8636-4067-9fc4-04011b32e501
[2026-02-22T01:08:07.675Z] GET /api/task-creation/sessions/83a7d841-8636-4067-9fc4-04011b32e501/messages
[2026-02-22T01:08:07.675Z] GET /api/task-creation/sessions/83a7d841-8636-4067-9fc4-04011b32e501/intent
[2026-02-22T01:08:07.677Z] GET /api/task-creation/sessions/83a7d841-8636-4067-9fc4-04011b32e501/task-description
[2026-02-22T01:08:07.677Z] GET /api/task-creation/sessions/83a7d841-8636-4067-9fc4-04011b32e501/execution-plan
[2026-02-22T01:08:07.678Z] GET /api/sandbox/environment
[2026-02-22T01:08:07.678Z] GET /api/task-creation/sessions
✅ 数据库连接成功
[2026-02-22T01:08:12.377Z] GET /api/task-creation/sessions
[2026-02-22T01:08:18.387Z] GET /api/task-creation/sessions
[2026-02-22T01:08:24.386Z] GET /api/task-creation/sessions
[2026-02-22T01:08:30.377Z] GET /api/task-creation/sessions
[2026-02-22T01:08:36.380Z] GET /api/task-creation/sessions
[2026-02-22T01:08:42.381Z] GET /api/task-creation/sessions
[2026-02-22T01:08:48.390Z] GET /api/task-creation/sessions
[2026-02-22T01:08:54.379Z] GET /api/task-creation/sessions
[2026-02-22T01:09:00.387Z] GET /api/task-creation/sessions
[2026-02-22T01:09:06.391Z] GET /api/task-creation/sessions
[2026-02-22T01:09:07.681Z] GET /api/task-creation/sessions/83a7d841-8636-4067-9fc4-04011b32e501
[2026-02-22T01:09:07.681Z] GET /api/task-creation/sessions/83a7d841-8636-4067-9fc4-04011b32e501/messages
[2026-02-22T01:09:07.681Z] GET /api/task-creation/sessions/83a7d841-8636-4067-9fc4-04011b32e501/intent
[2026-02-22T01:09:07.683Z] GET /api/task-creation/sessions/83a7d841-8636-4067-9fc4-04011b32e501/execution-plan
[2026-02-22T01:09:07.684Z] GET /api/task-creation/sessions/83a7d841-8636-4067-9fc4-04011b32e501/task-description
[2026-02-22T01:09:07.684Z] GET /api/sandbox/environment
[2026-02-22T01:09:07.685Z] GET /api/task-creation/sessions
✅ 数据库连接成功
[2026-02-22T01:09:12.383Z] GET /api/task-creation/sessions
[2026-02-22T01:09:18.389Z] GET /api/task-creation/sessions
[2026-02-22T01:09:24.381Z] GET /api/task-creation/sessions
[2026-02-22T01:09:30.383Z] GET /api/task-creation/sessions
[2026-02-22T01:09:36.382Z] GET /api/task-creation/sessions
[2026-02-22T01:09:42.382Z] GET /api/task-creation/sessions
[2026-02-22T01:09:48.392Z] GET /api/task-creation/sessions
[2026-02-22T01:09:54.389Z] GET /api/task-creation/sessions
[2026-02-22T01:10:00.383Z] GET /api/task-creation/sessions
[2026-02-22T01:10:06.382Z] GET /api/task-creation/sessions
[2026-02-22T01:10:07.672Z] GET /api/task-creation/sessions/83a7d841-8636-4067-9fc4-04011b32e501
[2026-02-22T01:10:07.673Z] GET /api/task-creation/sessions/83a7d841-8636-4067-9fc4-04011b32e501/messages
[2026-02-22T01:10:07.673Z] GET /api/task-creation/sessions/83a7d841-8636-4067-9fc4-04011b32e501/task-description
[2026-02-22T01:10:07.675Z] GET /api/task-creation/sessions/83a7d841-8636-4067-9fc4-04011b32e501/intent
[2026-02-22T01:10:07.676Z] GET /api/task-creation/sessions/83a7d841-8636-4067-9fc4-04011b32e501/execution-plan
[2026-02-22T01:10:07.676Z] GET /api/sandbox/environment
[2026-02-22T01:10:07.677Z] GET /api/task-creation/sessions
✅ 数据库连接成功
[2026-02-22T01:10:12.387Z] GET /api/task-creation/sessions
[2026-02-22T01:10:18.378Z] GET /api/task-creation/sessions
[2026-02-22T01:10:24.378Z] GET /api/task-creation/sessions
[2026-02-22T01:10:30.389Z] GET /api/task-creation/sessions
[2026-02-22T01:10:36.380Z] GET /api/task-creation/sessions
[2026-02-22T01:10:42.388Z] GET /api/task-creation/sessions
[2026-02-22T01:10:48.382Z] GET /api/task-creation/sessions
[2026-02-22T01:10:54.385Z] GET /api/task-creation/sessions
[2026-02-22T01:11:00.386Z] GET /api/task-creation/sessions
[2026-02-22T01:11:06.380Z] GET /api/task-creation/sessions
[2026-02-22T01:11:07.685Z] GET /api/task-creation/sessions/83a7d841-8636-4067-9fc4-04011b32e501
[2026-02-22T01:11:07.685Z] GET /api/task-creation/sessions/83a7d841-8636-4067-9fc4-04011b32e501/messages
[2026-02-22T01:11:07.685Z] GET /api/task-creation/sessions/83a7d841-8636-4067-9fc4-04011b32e501/intent
[2026-02-22T01:11:07.687Z] GET /api/task-creation/sessions/83a7d841-8636-4067-9fc4-04011b32e501/task-description
[2026-02-22T01:11:07.688Z] GET /api/task-creation/sessions/83a7d841-8636-4067-9fc4-04011b32e501/execution-plan
[2026-02-22T01:11:07.689Z] GET /api/sandbox/environment
[2026-02-22T01:11:07.689Z] GET /api/task-creation/sessions
✅ 数据库连接成功
[2026-02-22T01:11:12.393Z] GET /api/task-creation/sessions
[2026-02-22T01:11:18.380Z] GET /api/task-creation/sessions
[2026-02-22T01:11:24.393Z] GET /api/task-creation/sessions
[2026-02-22T01:11:30.391Z] GET /api/task-creation/sessions
[2026-02-22T01:11:36.380Z] GET /api/task-creation/sessions
[2026-02-22T01:11:42.381Z] GET /api/task-creation/sessions
[2026-02-22T01:11:48.386Z] GET /api/task-creation/sessions
[2026-02-22T01:11:54.387Z] GET /api/task-creation/sessions
[2026-02-22T01:12:00.381Z] GET /api/task-creation/sessions
[2026-02-22T01:12:06.382Z] GET /api/task-creation/sessions
[2026-02-22T01:12:07.674Z] GET /api/task-creation/sessions/83a7d841-8636-4067-9fc4-04011b32e501
[2026-02-22T01:12:07.675Z] GET /api/task-creation/sessions/83a7d841-8636-4067-9fc4-04011b32e501/messages
[2026-02-22T01:12:07.675Z] GET /api/task-creation/sessions/83a7d841-8636-4067-9fc4-04011b32e501/intent
[2026-02-22T01:12:07.677Z] GET /api/task-creation/sessions/83a7d841-8636-4067-9fc4-04011b32e501/execution-plan
[2026-02-22T01:12:07.678Z] GET /api/task-creation/sessions/83a7d841-8636-4067-9fc4-04011b32e501/task-description
[2026-02-22T01:12:07.678Z] GET /api/sandbox/environment
[2026-02-22T01:12:07.678Z] GET /api/task-creation/sessions
✅ 数据库连接成功
[2026-02-22T01:12:12.391Z] GET /api/task-creation/sessions
[2026-02-22T01:12:18.388Z] GET /api/task-creation/sessions
[2026-02-22T01:12:24.392Z] GET /api/task-creation/sessions
[2026-02-22T01:12:30.389Z] GET /api/task-creation/sessions
[2026-02-22T01:12:36.390Z] GET /api/task-creation/sessions
[2026-02-22T01:12:42.391Z] GET /api/task-creation/sessions
[2026-02-22T01:12:48.388Z] GET /api/task-creation/sessions
[2026-02-22T01:12:54.392Z] GET /api/task-creation/sessions
[2026-02-22T01:13:00.381Z] GET /api/task-creation/sessions
[2026-02-22T01:13:06.392Z] GET /api/task-creation/sessions
[2026-02-22T01:13:07.676Z] GET /api/task-creation/sessions/83a7d841-8636-4067-9fc4-04011b32e501
[2026-02-22T01:13:07.677Z] GET /api/task-creation/sessions/83a7d841-8636-4067-9fc4-04011b32e501/messages
[2026-02-22T01:13:07.677Z] GET /api/task-creation/sessions/83a7d841-8636-4067-9fc4-04011b32e501/intent
[2026-02-22T01:13:07.678Z] GET /api/task-creation/sessions/83a7d841-8636-4067-9fc4-04011b32e501/task-description
[2026-02-22T01:13:07.679Z] GET /api/task-creation/sessions/83a7d841-8636-4067-9fc4-04011b32e501/execution-plan
[2026-02-22T01:13:07.679Z] GET /api/sandbox/environment
[2026-02-22T01:13:07.680Z] GET /api/task-creation/sessions
✅ 数据库连接成功
[2026-02-22T01:13:12.384Z] GET /api/task-creation/sessions
[2026-02-22T01:13:18.389Z] GET /api/task-creation/sessions
[2026-02-22T01:13:24.392Z] GET /api/task-creation/sessions
[2026-02-22T01:13:30.391Z] GET /api/task-creation/sessions
[2026-02-22T01:13:36.388Z] GET /api/task-creation/sessions
[2026-02-22T01:13:42.388Z] GET /api/task-creation/sessions
[2026-02-22T01:13:48.385Z] GET /api/task-creation/sessions
[2026-02-22T01:13:54.390Z] GET /api/task-creation/sessions
[2026-02-22T01:14:00.388Z] GET /api/task-creation/sessions
[2026-02-22T01:14:06.379Z] GET /api/task-creation/sessions
[2026-02-22T01:14:07.679Z] GET /api/task-creation/sessions/83a7d841-8636-4067-9fc4-04011b32e501
[2026-02-22T01:14:07.680Z] GET /api/task-creation/sessions/83a7d841-8636-4067-9fc4-04011b32e501/messages
[2026-02-22T01:14:07.680Z] GET /api/task-creation/sessions/83a7d841-8636-4067-9fc4-04011b32e501/intent
[2026-02-22T01:14:07.682Z] GET /api/task-creation/sessions/83a7d841-8636-4067-9fc4-04011b32e501/task-description
[2026-02-22T01:14:07.682Z] GET /api/task-creation/sessions/83a7d841-8636-4067-9fc4-04011b32e501/execution-plan
[2026-02-22T01:14:07.683Z] GET /api/sandbox/environment
[2026-02-22T01:14:07.683Z] GET /api/task-creation/sessions
✅ 数据库连接成功
[2026-02-22T01:14:12.380Z] GET /api/task-creation/sessions
[2026-02-22T01:14:18.386Z] GET /api/task-creation/sessions
[2026-02-22T01:14:24.383Z] GET /api/task-creation/sessions
[2026-02-22T01:14:30.383Z] GET /api/task-creation/sessions
[2026-02-22T01:14:36.383Z] GET /api/task-creation/sessions
[2026-02-22T01:14:42.391Z] GET /api/task-creation/sessions
[2026-02-22T01:14:48.387Z] GET /api/task-creation/sessions
[2026-02-22T01:14:54.381Z] GET /api/task-creation/sessions
[2026-02-22T01:15:00.387Z] GET /api/task-creation/sessions
[2026-02-22T01:15:06.380Z] GET /api/task-creation/sessions
[2026-02-22T01:15:07.673Z] GET /api/task-creation/sessions/83a7d841-8636-4067-9fc4-04011b32e501
[2026-02-22T01:15:07.674Z] GET /api/task-creation/sessions/83a7d841-8636-4067-9fc4-04011b32e501/messages
[2026-02-22T01:15:07.674Z] GET /api/task-creation/sessions/83a7d841-8636-4067-9fc4-04011b32e501/intent
[2026-02-22T01:15:07.676Z] GET /api/task-creation/sessions/83a7d841-8636-4067-9fc4-04011b32e501/task-description
[2026-02-22T01:15:07.676Z] GET /api/task-creation/sessions/83a7d841-8636-4067-9fc4-04011b32e501/execution-plan
[2026-02-22T01:15:07.677Z] GET /api/sandbox/environment
[2026-02-22T01:15:07.677Z] GET /api/task-creation/sessions
✅ 数据库连接成功
[2026-02-22T01:15:12.389Z] GET /api/task-creation/sessions
[2026-02-22T01:15:18.383Z] GET /api/task-creation/sessions
[2026-02-22T01:15:24.382Z] GET /api/task-creation/sessions
[2026-02-22T01:15:30.389Z] GET /api/task-creation/sessions
[2026-02-22T01:15:36.386Z] GET /api/task-creation/sessions
[2026-02-22T01:15:42.387Z] GET /api/task-creation/sessions
[2026-02-22T01:15:48.381Z] GET /api/task-creation/sessions
[2026-02-22T01:15:54.389Z] GET /api/task-creation/sessions
[2026-02-22T01:16:00.380Z] GET /api/task-creation/sessions
[2026-02-22T01:16:06.386Z] GET /api/task-creation/sessions
[2026-02-22T01:16:07.680Z] GET /api/task-creation/sessions/83a7d841-8636-4067-9fc4-04011b32e501
[2026-02-22T01:16:07.681Z] GET /api/task-creation/sessions/83a7d841-8636-4067-9fc4-04011b32e501/messages
[2026-02-22T01:16:07.681Z] GET /api/task-creation/sessions/83a7d841-8636-4067-9fc4-04011b32e501/intent
[2026-02-22T01:16:07.683Z] GET /api/task-creation/sessions/83a7d841-8636-4067-9fc4-04011b32e501/task-description
[2026-02-22T01:16:07.683Z] GET /api/task-creation/sessions/83a7d841-8636-4067-9fc4-04011b32e501/execution-plan
[2026-02-22T01:16:07.684Z] GET /api/sandbox/environment
[2026-02-22T01:16:07.684Z] GET /api/task-creation/sessions
✅ 数据库连接成功
[2026-02-22T01:16:12.393Z] GET /api/task-creation/sessions
[2026-02-22T01:16:18.381Z] GET /api/task-creation/sessions
[2026-02-22T01:16:24.391Z] GET /api/task-creation/sessions
[2026-02-22T01:16:30.383Z] GET /api/task-creation/sessions
[2026-02-22T01:16:36.386Z] GET /api/task-creation/sessions
[2026-02-22T01:16:42.389Z] GET /api/task-creation/sessions
[2026-02-22T01:16:48.392Z] GET /api/task-creation/sessions
[2026-02-22T01:16:54.379Z] GET /api/task-creation/sessions
[2026-02-22T01:17:00.387Z] GET /api/task-creation/sessions
[2026-02-22T01:17:06.385Z] GET /api/task-creation/sessions
[2026-02-22T01:17:07.675Z] GET /api/task-creation/sessions/83a7d841-8636-4067-9fc4-04011b32e501
[2026-02-22T01:17:07.676Z] GET /api/task-creation/sessions/83a7d841-8636-4067-9fc4-04011b32e501/messages
[2026-02-22T01:17:07.676Z] GET /api/task-creation/sessions/83a7d841-8636-4067-9fc4-04011b32e501/intent
[2026-02-22T01:17:07.678Z] GET /api/task-creation/sessions/83a7d841-8636-4067-9fc4-04011b32e501/task-description
[2026-02-22T01:17:07.678Z] GET /api/task-creation/sessions/83a7d841-8636-4067-9fc4-04011b32e501/execution-plan
[2026-02-22T01:17:07.679Z] GET /api/sandbox/environment
[2026-02-22T01:17:07.679Z] GET /api/task-creation/sessions
✅ 数据库连接成功
[2026-02-22T01:17:12.387Z] GET /api/task-creation/sessions
[2026-02-22T01:17:18.379Z] GET /api/task-creation/sessions
[2026-02-22T01:17:24.380Z] GET /api/task-creation/sessions
[2026-02-22T01:17:30.387Z] GET /api/task-creation/sessions
[2026-02-22T01:17:36.387Z] GET /api/task-creation/sessions
[2026-02-22T01:17:42.385Z] GET /api/task-creation/sessions
[2026-02-22T01:17:48.392Z] GET /api/task-creation/sessions
[2026-02-22T01:17:54.378Z] GET /api/task-creation/sessions
[2026-02-22T01:18:00.386Z] GET /api/task-creation/sessions
[2026-02-22T01:18:06.389Z] GET /api/task-creation/sessions
[2026-02-22T01:18:07.683Z] GET /api/task-creation/sessions/83a7d841-8636-4067-9fc4-04011b32e501
[2026-02-22T01:18:07.684Z] GET /api/task-creation/sessions/83a7d841-8636-4067-9fc4-04011b32e501/messages
[2026-02-22T01:18:07.684Z] GET /api/task-creation/sessions/83a7d841-8636-4067-9fc4-04011b32e501/intent
[2026-02-22T01:18:07.686Z] GET /api/task-creation/sessions/83a7d841-8636-4067-9fc4-04011b32e501/task-description
[2026-02-22T01:18:07.686Z] GET /api/task-creation/sessions/83a7d841-8636-4067-9fc4-04011b32e501/execution-plan
[2026-02-22T01:18:07.687Z] GET /api/sandbox/environment
[2026-02-22T01:18:07.687Z] GET /api/task-creation/sessions
✅ 数据库连接成功
[2026-02-22T01:18:12.380Z] GET /api/task-creation/sessions
[2026-02-22T01:18:18.378Z] GET /api/task-creation/sessions
[2026-02-22T01:18:24.386Z] GET /api/task-creation/sessions
[2026-02-22T01:18:30.388Z] GET /api/task-creation/sessions
[2026-02-22T01:18:36.393Z] GET /api/task-creation/sessions
[2026-02-22T01:18:42.386Z] GET /api/task-creation/sessions
[2026-02-22T01:18:48.391Z] GET /api/task-creation/sessions
[2026-02-22T01:18:54.394Z] GET /api/task-creation/sessions
[2026-02-22T01:19:00.391Z] GET /api/task-creation/sessions
[2026-02-22T01:19:06.388Z] GET /api/task-creation/sessions
[2026-02-22T01:19:07.681Z] GET /api/task-creation/sessions/83a7d841-8636-4067-9fc4-04011b32e501
[2026-02-22T01:19:07.682Z] GET /api/task-creation/sessions/83a7d841-8636-4067-9fc4-04011b32e501/intent
[2026-02-22T01:19:07.684Z] GET /api/task-creation/sessions/83a7d841-8636-4067-9fc4-04011b32e501/messages
[2026-02-22T01:19:07.684Z] GET /api/task-creation/sessions/83a7d841-8636-4067-9fc4-04011b32e501/task-description
[2026-02-22T01:19:07.685Z] GET /api/task-creation/sessions/83a7d841-8636-4067-9fc4-04011b32e501/execution-plan
[2026-02-22T01:19:07.685Z] GET /api/sandbox/environment
[2026-02-22T01:19:07.686Z] GET /api/task-creation/sessions
✅ 数据库连接成功
[2026-02-22T01:19:12.389Z] GET /api/task-creation/sessions
[2026-02-22T01:19:18.379Z] GET /api/task-creation/sessions
[2026-02-22T01:19:24.383Z] GET /api/task-creation/sessions
[2026-02-22T01:19:30.379Z] GET /api/task-creation/sessions
[2026-02-22T01:19:36.383Z] GET /api/task-creation/sessions
[2026-02-22T01:19:42.380Z] GET /api/task-creation/sessions
[2026-02-22T01:19:48.391Z] GET /api/task-creation/sessions
[2026-02-22T01:19:54.387Z] GET /api/task-creation/sessions
[2026-02-22T01:20:00.387Z] GET /api/task-creation/sessions
[2026-02-22T01:20:06.387Z] GET /api/task-creation/sessions
[2026-02-22T01:20:07.678Z] GET /api/task-creation/sessions/83a7d841-8636-4067-9fc4-04011b32e501
[2026-02-22T01:20:07.678Z] GET /api/task-creation/sessions/83a7d841-8636-4067-9fc4-04011b32e501/messages
[2026-02-22T01:20:07.678Z] GET /api/task-creation/sessions/83a7d841-8636-4067-9fc4-04011b32e501/intent
[2026-02-22T01:20:07.680Z] GET /api/task-creation/sessions/83a7d841-8636-4067-9fc4-04011b32e501/task-description
[2026-02-22T01:20:07.681Z] GET /api/task-creation/sessions/83a7d841-8636-4067-9fc4-04011b32e501/execution-plan
[2026-02-22T01:20:07.681Z] GET /api/sandbox/environment
[2026-02-22T01:20:07.681Z] GET /api/task-creation/sessions
✅ 数据库连接成功
[2026-02-22T01:20:12.381Z] GET /api/task-creation/sessions
[2026-02-22T01:20:18.390Z] GET /api/task-creation/sessions
[2026-02-22T01:20:24.383Z] GET /api/task-creation/sessions
[2026-02-22T01:20:30.381Z] GET /api/task-creation/sessions
[2026-02-22T01:20:36.380Z] GET /api/task-creation/sessions
[2026-02-22T01:20:42.385Z] GET /api/task-creation/sessions
[2026-02-22T01:20:48.385Z] GET /api/task-creation/sessions
[2026-02-22T01:20:54.392Z] GET /api/task-creation/sessions
[2026-02-22T01:21:00.383Z] GET /api/task-creation/sessions
[2026-02-22T01:21:06.389Z] GET /api/task-creation/sessions
[2026-02-22T01:21:07.683Z] GET /api/task-creation/sessions/83a7d841-8636-4067-9fc4-04011b32e501
[2026-02-22T01:21:07.684Z] GET /api/task-creation/sessions/83a7d841-8636-4067-9fc4-04011b32e501/messages
[2026-02-22T01:21:07.684Z] GET /api/task-creation/sessions/83a7d841-8636-4067-9fc4-04011b32e501/intent
[2026-02-22T01:21:07.686Z] GET /api/task-creation/sessions/83a7d841-8636-4067-9fc4-04011b32e501/task-description
[2026-02-22T01:21:07.686Z] GET /api/task-creation/sessions/83a7d841-8636-4067-9fc4-04011b32e501/execution-plan
[2026-02-22T01:21:07.687Z] GET /api/sandbox/environment
[2026-02-22T01:21:07.687Z] GET /api/task-creation/sessions
✅ 数据库连接成功
[2026-02-22T01:21:12.391Z] GET /api/task-creation/sessions
[2026-02-22T01:21:18.391Z] GET /api/task-creation/sessions
[2026-02-22T01:21:24.392Z] GET /api/task-creation/sessions
[2026-02-22T01:21:30.382Z] GET /api/task-creation/sessions
[2026-02-22T01:21:36.387Z] GET /api/task-creation/sessions
[2026-02-22T01:21:42.386Z] GET /api/task-creation/sessions
[2026-02-22T01:21:48.386Z] GET /api/task-creation/sessions
[2026-02-22T01:21:54.377Z] GET /api/task-creation/sessions
[2026-02-22T01:22:00.386Z] GET /api/task-creation/sessions
[2026-02-22T01:22:06.385Z] GET /api/task-creation/sessions
[2026-02-22T01:22:07.684Z] GET /api/task-creation/sessions/83a7d841-8636-4067-9fc4-04011b32e501
[2026-02-22T01:22:07.685Z] GET /api/task-creation/sessions/83a7d841-8636-4067-9fc4-04011b32e501/messages
[2026-02-22T01:22:07.685Z] GET /api/task-creation/sessions/83a7d841-8636-4067-9fc4-04011b32e501/intent
[2026-02-22T01:22:07.687Z] GET /api/task-creation/sessions/83a7d841-8636-4067-9fc4-04011b32e501/task-description
[2026-02-22T01:22:07.688Z] GET /api/task-creation/sessions/83a7d841-8636-4067-9fc4-04011b32e501/execution-plan
[2026-02-22T01:22:07.689Z] GET /api/sandbox/environment
[2026-02-22T01:22:07.689Z] GET /api/task-creation/sessions
✅ 数据库连接成功
[2026-02-22T01:22:12.380Z] GET /api/task-creation/sessions
[2026-02-22T01:22:18.379Z] GET /api/task-creation/sessions
[2026-02-22T01:22:24.390Z] GET /api/task-creation/sessions
[2026-02-22T01:22:30.383Z] GET /api/task-creation/sessions
[2026-02-22T01:22:36.389Z] GET /api/task-creation/sessions
[2026-02-22T01:22:42.381Z] GET /api/task-creation/sessions
[2026-02-22T01:22:48.379Z] GET /api/task-creation/sessions
[2026-02-22T01:22:54.390Z] GET /api/task-creation/sessions
[2026-02-22T01:23:00.381Z] GET /api/task-creation/sessions
[2026-02-22T01:23:06.389Z] GET /api/task-creation/sessions
[2026-02-22T01:23:07.686Z] GET /api/task-creation/sessions/83a7d841-8636-4067-9fc4-04011b32e501
[2026-02-22T01:23:07.687Z] GET /api/task-creation/sessions/83a7d841-8636-4067-9fc4-04011b32e501/messages
[2026-02-22T01:23:07.687Z] GET /api/task-creation/sessions/83a7d841-8636-4067-9fc4-04011b32e501/task-description
[2026-02-22T01:23:07.689Z] GET /api/task-creation/sessions/83a7d841-8636-4067-9fc4-04011b32e501/intent
[2026-02-22T01:23:07.690Z] GET /api/task-creation/sessions/83a7d841-8636-4067-9fc4-04011b32e501/execution-plan
[2026-02-22T01:23:07.690Z] GET /api/sandbox/environment
[2026-02-22T01:23:07.690Z] GET /api/task-creation/sessions
✅ 数据库连接成功
[2026-02-22T01:23:12.381Z] GET /api/task-creation/sessions
[2026-02-22T01:23:18.380Z] GET /api/task-creation/sessions
[2026-02-22T01:23:24.378Z] GET /api/task-creation/sessions
[2026-02-22T01:23:30.381Z] GET /api/task-creation/sessions
[2026-02-22T01:23:36.386Z] GET /api/task-creation/sessions
[2026-02-22T01:23:42.389Z] GET /api/task-creation/sessions
[2026-02-22T01:23:48.391Z] GET /api/task-creation/sessions
[2026-02-22T01:23:54.379Z] GET /api/task-creation/sessions
[2026-02-22T01:24:00.383Z] GET /api/task-creation/sessions
[2026-02-22T01:24:06.386Z] GET /api/task-creation/sessions
[2026-02-22T01:24:07.678Z] GET /api/task-creation/sessions/83a7d841-8636-4067-9fc4-04011b32e501
[2026-02-22T01:24:07.679Z] GET /api/task-creation/sessions/83a7d841-8636-4067-9fc4-04011b32e501/messages
[2026-02-22T01:24:07.679Z] GET /api/task-creation/sessions/83a7d841-8636-4067-9fc4-04011b32e501/intent
[2026-02-22T01:24:07.681Z] GET /api/task-creation/sessions/83a7d841-8636-4067-9fc4-04011b32e501/task-description
[2026-02-22T01:24:07.682Z] GET /api/task-creation/sessions/83a7d841-8636-4067-9fc4-04011b32e501/execution-plan
[2026-02-22T01:24:07.682Z] GET /api/sandbox/environment
[2026-02-22T01:24:07.683Z] GET /api/task-creation/sessions
✅ 数据库连接成功
[2026-02-22T01:24:12.392Z] GET /api/task-creation/sessions
[2026-02-22T01:24:18.380Z] GET /api/task-creation/sessions
[2026-02-22T01:24:24.385Z] GET /api/task-creation/sessions
[2026-02-22T01:24:30.390Z] GET /api/task-creation/sessions
[2026-02-22T01:24:36.388Z] GET /api/task-creation/sessions
[2026-02-22T01:24:42.379Z] GET /api/task-creation/sessions
[2026-02-22T01:24:48.389Z] GET /api/task-creation/sessions
[2026-02-22T01:24:54.389Z] GET /api/task-creation/sessions
[2026-02-22T01:25:00.383Z] GET /api/task-creation/sessions
[2026-02-22T01:25:06.387Z] GET /api/task-creation/sessions
[2026-02-22T01:25:07.677Z] GET /api/task-creation/sessions/83a7d841-8636-4067-9fc4-04011b32e501
[2026-02-22T01:25:07.678Z] GET /api/task-creation/sessions/83a7d841-8636-4067-9fc4-04011b32e501/messages
[2026-02-22T01:25:07.678Z] GET /api/task-creation/sessions/83a7d841-8636-4067-9fc4-04011b32e501/intent
[2026-02-22T01:25:07.679Z] GET /api/task-creation/sessions/83a7d841-8636-4067-9fc4-04011b32e501/execution-plan
[2026-02-22T01:25:07.680Z] GET /api/task-creation/sessions/83a7d841-8636-4067-9fc4-04011b32e501/task-description
[2026-02-22T01:25:07.680Z] GET /api/sandbox/environment
[2026-02-22T01:25:07.681Z] GET /api/task-creation/sessions
✅ 数据库连接成功
[2026-02-22T01:25:12.393Z] GET /api/task-creation/sessions
[2026-02-22T01:25:18.389Z] GET /api/task-creation/sessions
[2026-02-22T01:25:24.379Z] GET /api/task-creation/sessions
[2026-02-22T01:25:30.386Z] GET /api/task-creation/sessions
[2026-02-22T01:25:36.387Z] GET /api/task-creation/sessions
[2026-02-22T01:25:42.390Z] GET /api/task-creation/sessions
[2026-02-22T01:25:48.378Z] GET /api/task-creation/sessions
[2026-02-22T01:25:54.381Z] GET /api/task-creation/sessions
[2026-02-22T01:26:00.383Z] GET /api/task-creation/sessions
[2026-02-22T01:26:06.388Z] GET /api/task-creation/sessions
[2026-02-22T01:26:07.686Z] GET /api/task-creation/sessions/83a7d841-8636-4067-9fc4-04011b32e501
[2026-02-22T01:26:07.687Z] GET /api/task-creation/sessions/83a7d841-8636-4067-9fc4-04011b32e501/messages
[2026-02-22T01:26:07.687Z] GET /api/task-creation/sessions/83a7d841-8636-4067-9fc4-04011b32e501/intent
[2026-02-22T01:26:07.689Z] GET /api/task-creation/sessions/83a7d841-8636-4067-9fc4-04011b32e501/task-description
[2026-02-22T01:26:07.689Z] GET /api/task-creation/sessions/83a7d841-8636-4067-9fc4-04011b32e501/execution-plan
[2026-02-22T01:26:07.690Z] GET /api/sandbox/environment
[2026-02-22T01:26:07.690Z] GET /api/task-creation/sessions
✅ 数据库连接成功
[2026-02-22T01:26:12.388Z] GET /api/task-creation/sessions
[2026-02-22T01:26:18.391Z] GET /api/task-creation/sessions
[2026-02-22T01:26:24.392Z] GET /api/task-creation/sessions
[2026-02-22T01:26:30.392Z] GET /api/task-creation/sessions
[2026-02-22T01:26:36.380Z] GET /api/task-creation/sessions
[2026-02-22T01:26:42.386Z] GET /api/task-creation/sessions
[2026-02-22T01:26:48.385Z] GET /api/task-creation/sessions
[2026-02-22T01:26:54.393Z] GET /api/task-creation/sessions
[2026-02-22T01:27:00.402Z] GET /api/task-creation/sessions
[2026-02-22T01:27:06.384Z] GET /api/task-creation/sessions
[2026-02-22T01:27:07.680Z] GET /api/task-creation/sessions/83a7d841-8636-4067-9fc4-04011b32e501
[2026-02-22T01:27:07.680Z] GET /api/task-creation/sessions/83a7d841-8636-4067-9fc4-04011b32e501/messages
[2026-02-22T01:27:07.681Z] GET /api/task-creation/sessions/83a7d841-8636-4067-9fc4-04011b32e501/intent
[2026-02-22T01:27:07.683Z] GET /api/task-creation/sessions/83a7d841-8636-4067-9fc4-04011b32e501/task-description
[2026-02-22T01:27:07.683Z] GET /api/task-creation/sessions/83a7d841-8636-4067-9fc4-04011b32e501/execution-plan
[2026-02-22T01:27:07.684Z] GET /api/sandbox/environment
[2026-02-22T01:27:07.684Z] GET /api/task-creation/sessions
✅ 数据库连接成功
[2026-02-22T01:27:12.381Z] GET /api/task-creation/sessions
[2026-02-22T01:27:18.393Z] GET /api/task-creation/sessions
[2026-02-22T01:27:24.392Z] GET /api/task-creation/sessions
[2026-02-22T01:27:30.386Z] GET /api/task-creation/sessions
[2026-02-22T01:27:36.389Z] GET /api/task-creation/sessions
[2026-02-22T01:27:42.383Z] GET /api/task-creation/sessions
[2026-02-22T01:27:48.388Z] GET /api/task-creation/sessions
[2026-02-22T01:27:54.384Z] GET /api/task-creation/sessions
[2026-02-22T01:28:00.392Z] GET /api/task-creation/sessions
[2026-02-22T01:28:06.393Z] GET /api/task-creation/sessions
[2026-02-22T01:28:07.673Z] GET /api/task-creation/sessions/83a7d841-8636-4067-9fc4-04011b32e501
[2026-02-22T01:28:07.674Z] GET /api/task-creation/sessions/83a7d841-8636-4067-9fc4-04011b32e501/messages
[2026-02-22T01:28:07.674Z] GET /api/task-creation/sessions/83a7d841-8636-4067-9fc4-04011b32e501/intent
[2026-02-22T01:28:07.676Z] GET /api/task-creation/sessions/83a7d841-8636-4067-9fc4-04011b32e501/task-description
[2026-02-22T01:28:07.676Z] GET /api/task-creation/sessions/83a7d841-8636-4067-9fc4-04011b32e501/execution-plan
[2026-02-22T01:28:07.677Z] GET /api/sandbox/environment
[2026-02-22T01:28:07.677Z] GET /api/task-creation/sessions
✅ 数据库连接成功
[2026-02-22T01:28:12.384Z] GET /api/task-creation/sessions
[2026-02-22T01:28:18.392Z] GET /api/task-creation/sessions
[2026-02-22T01:28:24.382Z] GET /api/task-creation/sessions
[2026-02-22T01:28:30.390Z] GET /api/task-creation/sessions
[2026-02-22T01:28:36.379Z] GET /api/task-creation/sessions
[2026-02-22T01:28:42.379Z] GET /api/task-creation/sessions
[2026-02-22T01:28:48.391Z] GET /api/task-creation/sessions
[2026-02-22T01:28:54.387Z] GET /api/task-creation/sessions
[2026-02-22T01:29:00.379Z] GET /api/task-creation/sessions
[2026-02-22T01:29:06.388Z] GET /api/task-creation/sessions
[2026-02-22T01:29:07.681Z] GET /api/task-creation/sessions/83a7d841-8636-4067-9fc4-04011b32e501
[2026-02-22T01:29:07.681Z] GET /api/task-creation/sessions/83a7d841-8636-4067-9fc4-04011b32e501/intent
[2026-02-22T01:29:07.683Z] GET /api/task-creation/sessions/83a7d841-8636-4067-9fc4-04011b32e501/messages
[2026-02-22T01:29:07.683Z] GET /api/task-creation/sessions/83a7d841-8636-4067-9fc4-04011b32e501/task-description
[2026-02-22T01:29:07.684Z] GET /api/task-creation/sessions/83a7d841-8636-4067-9fc4-04011b32e501/execution-plan
[2026-02-22T01:29:07.685Z] GET /api/sandbox/environment
[2026-02-22T01:29:07.685Z] GET /api/task-creation/sessions
✅ 数据库连接成功
[2026-02-22T01:29:12.387Z] GET /api/task-creation/sessions
[2026-02-22T01:29:18.379Z] GET /api/task-creation/sessions
[2026-02-22T01:29:24.381Z] GET /api/task-creation/sessions
[2026-02-22T01:29:30.377Z] GET /api/task-creation/sessions
[2026-02-22T01:29:36.385Z] GET /api/task-creation/sessions
[2026-02-22T01:29:42.386Z] GET /api/task-creation/sessions
[2026-02-22T01:29:48.387Z] GET /api/task-creation/sessions
[2026-02-22T01:29:54.391Z] GET /api/task-creation/sessions
[2026-02-22T01:30:00.389Z] GET /api/task-creation/sessions
[2026-02-22T01:30:06.381Z] GET /api/task-creation/sessions
[2026-02-22T01:30:07.677Z] GET /api/task-creation/sessions/83a7d841-8636-4067-9fc4-04011b32e501
[2026-02-22T01:30:07.678Z] GET /api/task-creation/sessions/83a7d841-8636-4067-9fc4-04011b32e501/messages
[2026-02-22T01:30:07.678Z] GET /api/task-creation/sessions/83a7d841-8636-4067-9fc4-04011b32e501/intent
[2026-02-22T01:30:07.680Z] GET /api/task-creation/sessions/83a7d841-8636-4067-9fc4-04011b32e501/task-description
[2026-02-22T01:30:07.681Z] GET /api/task-creation/sessions/83a7d841-8636-4067-9fc4-04011b32e501/execution-plan
[2026-02-22T01:30:07.681Z] GET /api/sandbox/environment
[2026-02-22T01:30:07.682Z] GET /api/task-creation/sessions
✅ 数据库连接成功
[2026-02-22T01:30:12.381Z] GET /api/task-creation/sessions
[2026-02-22T01:30:18.393Z] GET /api/task-creation/sessions
[2026-02-22T01:30:24.392Z] GET /api/task-creation/sessions
[2026-02-22T01:30:30.388Z] GET /api/task-creation/sessions
[2026-02-22T01:30:36.379Z] GET /api/task-creation/sessions
[2026-02-22T01:30:42.385Z] GET /api/task-creation/sessions
[2026-02-22T01:30:48.381Z] GET /api/task-creation/sessions
[2026-02-22T01:30:54.389Z] GET /api/task-creation/sessions
[2026-02-22T01:31:00.387Z] GET /api/task-creation/sessions
[2026-02-22T01:31:06.380Z] GET /api/task-creation/sessions
[2026-02-22T01:31:07.676Z] GET /api/task-creation/sessions/83a7d841-8636-4067-9fc4-04011b32e501
[2026-02-22T01:31:07.677Z] GET /api/task-creation/sessions/83a7d841-8636-4067-9fc4-04011b32e501/messages
[2026-02-22T01:31:07.677Z] GET /api/task-creation/sessions/83a7d841-8636-4067-9fc4-04011b32e501/intent
[2026-02-22T01:31:07.679Z] GET /api/task-creation/sessions/83a7d841-8636-4067-9fc4-04011b32e501/task-description
[2026-02-22T01:31:07.679Z] GET /api/task-creation/sessions/83a7d841-8636-4067-9fc4-04011b32e501/execution-plan
[2026-02-22T01:31:07.680Z] GET /api/sandbox/environment
[2026-02-22T01:31:07.680Z] GET /api/task-creation/sessions
✅ 数据库连接成功
[2026-02-22T01:31:12.388Z] GET /api/task-creation/sessions
[2026-02-22T01:31:18.383Z] GET /api/task-creation/sessions
[2026-02-22T01:31:24.388Z] GET /api/task-creation/sessions
[2026-02-22T01:31:30.378Z] GET /api/task-creation/sessions
[2026-02-22T01:31:36.381Z] GET /api/task-creation/sessions
[2026-02-22T01:31:42.391Z] GET /api/task-creation/sessions
[2026-02-22T01:31:48.393Z] GET /api/task-creation/sessions
[2026-02-22T01:31:54.386Z] GET /api/task-creation/sessions
[2026-02-22T01:32:00.384Z] GET /api/task-creation/sessions
[2026-02-22T01:32:06.385Z] GET /api/task-creation/sessions
[2026-02-22T01:32:07.683Z] GET /api/task-creation/sessions/83a7d841-8636-4067-9fc4-04011b32e501
[2026-02-22T01:32:07.684Z] GET /api/task-creation/sessions/83a7d841-8636-4067-9fc4-04011b32e501/messages
[2026-02-22T01:32:07.684Z] GET /api/task-creation/sessions/83a7d841-8636-4067-9fc4-04011b32e501/intent
[2026-02-22T01:32:07.685Z] GET /api/task-creation/sessions/83a7d841-8636-4067-9fc4-04011b32e501/task-description
[2026-02-22T01:32:07.686Z] GET /api/task-creation/sessions/83a7d841-8636-4067-9fc4-04011b32e501/execution-plan
[2026-02-22T01:32:07.686Z] GET /api/sandbox/environment
[2026-02-22T01:32:07.687Z] GET /api/task-creation/sessions
✅ 数据库连接成功
[2026-02-22T01:32:12.385Z] GET /api/task-creation/sessions
[2026-02-22T01:32:18.393Z] GET /api/task-creation/sessions
[2026-02-22T01:32:24.388Z] GET /api/task-creation/sessions
[2026-02-22T01:32:30.380Z] GET /api/task-creation/sessions
[2026-02-22T01:32:36.390Z] GET /api/task-creation/sessions
[2026-02-22T01:32:42.386Z] GET /api/task-creation/sessions
[2026-02-22T01:32:48.379Z] GET /api/task-creation/sessions
[2026-02-22T01:32:54.381Z] GET /api/task-creation/sessions
[2026-02-22T01:33:00.380Z] GET /api/task-creation/sessions
[2026-02-22T01:33:06.382Z] GET /api/task-creation/sessions
[2026-02-22T01:33:07.672Z] GET /api/task-creation/sessions/83a7d841-8636-4067-9fc4-04011b32e501
[2026-02-22T01:33:07.673Z] GET /api/task-creation/sessions/83a7d841-8636-4067-9fc4-04011b32e501/intent
[2026-02-22T01:33:07.675Z] GET /api/task-creation/sessions/83a7d841-8636-4067-9fc4-04011b32e501/messages
[2026-02-22T01:33:07.675Z] GET /api/task-creation/sessions/83a7d841-8636-4067-9fc4-04011b32e501/task-description
[2026-02-22T01:33:07.676Z] GET /api/sandbox/environment
[2026-02-22T01:33:07.676Z] GET /api/task-creation/sessions/83a7d841-8636-4067-9fc4-04011b32e501/execution-plan
[2026-02-22T01:33:07.677Z] GET /api/task-creation/sessions
✅ 数据库连接成功
[2026-02-22T01:33:12.389Z] GET /api/task-creation/sessions
[2026-02-22T01:33:18.391Z] GET /api/task-creation/sessions
[2026-02-22T01:33:24.382Z] GET /api/task-creation/sessions
[2026-02-22T01:33:30.387Z] GET /api/task-creation/sessions
[2026-02-22T01:33:36.384Z] GET /api/task-creation/sessions
[2026-02-22T01:33:42.388Z] GET /api/task-creation/sessions
[2026-02-22T01:33:48.380Z] GET /api/task-creation/sessions
[2026-02-22T01:33:54.391Z] GET /api/task-creation/sessions
[2026-02-22T01:34:00.388Z] GET /api/task-creation/sessions
[2026-02-22T01:34:06.385Z] GET /api/task-creation/sessions
[2026-02-22T01:34:07.674Z] GET /api/task-creation/sessions/83a7d841-8636-4067-9fc4-04011b32e501
[2026-02-22T01:34:07.675Z] GET /api/task-creation/sessions/83a7d841-8636-4067-9fc4-04011b32e501/messages
[2026-02-22T01:34:07.675Z] GET /api/task-creation/sessions/83a7d841-8636-4067-9fc4-04011b32e501/intent
[2026-02-22T01:34:07.677Z] GET /api/task-creation/sessions/83a7d841-8636-4067-9fc4-04011b32e501/task-description
[2026-02-22T01:34:07.677Z] GET /api/task-creation/sessions/83a7d841-8636-4067-9fc4-04011b32e501/execution-plan
[2026-02-22T01:34:07.678Z] GET /api/sandbox/environment
[2026-02-22T01:34:07.678Z] GET /api/task-creation/sessions
✅ 数据库连接成功
[2026-02-22T01:34:12.381Z] GET /api/task-creation/sessions
[2026-02-22T01:34:18.394Z] GET /api/task-creation/sessions
[2026-02-22T01:34:24.382Z] GET /api/task-creation/sessions
[2026-02-22T01:34:30.393Z] GET /api/task-creation/sessions
[2026-02-22T01:34:36.389Z] GET /api/task-creation/sessions
[2026-02-22T01:34:42.383Z] GET /api/task-creation/sessions
[2026-02-22T01:34:48.383Z] GET /api/task-creation/sessions
[2026-02-22T01:34:54.387Z] GET /api/task-creation/sessions
[2026-02-22T01:35:00.385Z] GET /api/task-creation/sessions
[2026-02-22T01:35:06.380Z] GET /api/task-creation/sessions
[2026-02-22T01:35:07.672Z] GET /api/task-creation/sessions/83a7d841-8636-4067-9fc4-04011b32e501
[2026-02-22T01:35:07.673Z] GET /api/task-creation/sessions/83a7d841-8636-4067-9fc4-04011b32e501/messages
[2026-02-22T01:35:07.673Z] GET /api/task-creation/sessions/83a7d841-8636-4067-9fc4-04011b32e501/intent
[2026-02-22T01:35:07.675Z] GET /api/task-creation/sessions/83a7d841-8636-4067-9fc4-04011b32e501/task-description
[2026-02-22T01:35:07.675Z] GET /api/task-creation/sessions/83a7d841-8636-4067-9fc4-04011b32e501/execution-plan
[2026-02-22T01:35:07.676Z] GET /api/sandbox/environment
[2026-02-22T01:35:07.676Z] GET /api/task-creation/sessions
✅ 数据库连接成功
[2026-02-22T01:35:12.382Z] GET /api/task-creation/sessions
[2026-02-22T01:35:18.380Z] GET /api/task-creation/sessions
[2026-02-22T01:35:24.389Z] GET /api/task-creation/sessions
[2026-02-22T01:35:30.387Z] GET /api/task-creation/sessions
[2026-02-22T01:35:36.387Z] GET /api/task-creation/sessions
[2026-02-22T01:35:42.379Z] GET /api/task-creation/sessions
[2026-02-22T01:35:48.389Z] GET /api/task-creation/sessions
[2026-02-22T01:35:54.385Z] GET /api/task-creation/sessions
[2026-02-22T01:36:00.379Z] GET /api/task-creation/sessions
[2026-02-22T01:36:06.384Z] GET /api/task-creation/sessions
[2026-02-22T01:36:07.683Z] GET /api/task-creation/sessions/83a7d841-8636-4067-9fc4-04011b32e501
[2026-02-22T01:36:07.683Z] GET /api/task-creation/sessions/83a7d841-8636-4067-9fc4-04011b32e501/intent
[2026-02-22T01:36:07.685Z] GET /api/task-creation/sessions/83a7d841-8636-4067-9fc4-04011b32e501/messages
[2026-02-22T01:36:07.685Z] GET /api/task-creation/sessions/83a7d841-8636-4067-9fc4-04011b32e501/task-description
[2026-02-22T01:36:07.686Z] GET /api/task-creation/sessions/83a7d841-8636-4067-9fc4-04011b32e501/execution-plan
[2026-02-22T01:36:07.687Z] GET /api/sandbox/environment
[2026-02-22T01:36:07.687Z] GET /api/task-creation/sessions
✅ 数据库连接成功
[2026-02-22T01:36:12.388Z] GET /api/task-creation/sessions
[2026-02-22T01:36:18.388Z] GET /api/task-creation/sessions
[2026-02-22T01:36:24.384Z] GET /api/task-creation/sessions
[2026-02-22T01:36:30.381Z] GET /api/task-creation/sessions
[2026-02-22T01:36:36.378Z] GET /api/task-creation/sessions
[2026-02-22T01:36:42.379Z] GET /api/task-creation/sessions
[2026-02-22T01:36:48.380Z] GET /api/task-creation/sessions
[2026-02-22T01:36:54.391Z] GET /api/task-creation/sessions
[2026-02-22T01:37:00.380Z] GET /api/task-creation/sessions
[2026-02-22T01:37:06.384Z] GET /api/task-creation/sessions
[2026-02-22T01:37:07.676Z] GET /api/task-creation/sessions/83a7d841-8636-4067-9fc4-04011b32e501/messages
[2026-02-22T01:37:07.677Z] GET /api/task-creation/sessions/83a7d841-8636-4067-9fc4-04011b32e501
[2026-02-22T01:37:07.677Z] GET /api/task-creation/sessions/83a7d841-8636-4067-9fc4-04011b32e501/intent
[2026-02-22T01:37:07.680Z] GET /api/task-creation/sessions/83a7d841-8636-4067-9fc4-04011b32e501/execution-plan
[2026-02-22T01:37:07.680Z] GET /api/task-creation/sessions/83a7d841-8636-4067-9fc4-04011b32e501/task-description
[2026-02-22T01:37:07.681Z] GET /api/sandbox/environment
[2026-02-22T01:37:07.681Z] GET /api/task-creation/sessions
✅ 数据库连接成功
[2026-02-22T01:37:12.389Z] GET /api/task-creation/sessions
[2026-02-22T01:37:18.384Z] GET /api/task-creation/sessions
[2026-02-22T01:37:24.387Z] GET /api/task-creation/sessions
[2026-02-22T01:37:30.392Z] GET /api/task-creation/sessions
[2026-02-22T01:37:36.389Z] GET /api/task-creation/sessions
[2026-02-22T01:37:42.380Z] GET /api/task-creation/sessions
[2026-02-22T01:37:48.384Z] GET /api/task-creation/sessions
[2026-02-22T01:37:54.389Z] GET /api/task-creation/sessions
[2026-02-22T01:38:00.380Z] GET /api/task-creation/sessions
[2026-02-22T01:38:06.391Z] GET /api/task-creation/sessions
[2026-02-22T01:38:07.671Z] GET /api/task-creation/sessions/83a7d841-8636-4067-9fc4-04011b32e501
[2026-02-22T01:38:07.672Z] GET /api/task-creation/sessions/83a7d841-8636-4067-9fc4-04011b32e501/intent
[2026-02-22T01:38:07.674Z] GET /api/task-creation/sessions/83a7d841-8636-4067-9fc4-04011b32e501/messages
[2026-02-22T01:38:07.674Z] GET /api/task-creation/sessions/83a7d841-8636-4067-9fc4-04011b32e501/task-description
[2026-02-22T01:38:07.675Z] GET /api/task-creation/sessions/83a7d841-8636-4067-9fc4-04011b32e501/execution-plan
[2026-02-22T01:38:07.675Z] GET /api/sandbox/environment
[2026-02-22T01:38:07.675Z] GET /api/task-creation/sessions
✅ 数据库连接成功
[2026-02-22T01:38:12.381Z] GET /api/task-creation/sessions
[2026-02-22T01:38:18.382Z] GET /api/task-creation/sessions
[2026-02-22T01:38:24.385Z] GET /api/task-creation/sessions
[2026-02-22T01:38:30.384Z] GET /api/task-creation/sessions
[2026-02-22T01:38:36.386Z] GET /api/task-creation/sessions
[2026-02-22T01:38:42.379Z] GET /api/task-creation/sessions
[2026-02-22T01:38:48.392Z] GET /api/task-creation/sessions
[2026-02-22T01:38:54.385Z] GET /api/task-creation/sessions
[2026-02-22T01:39:00.388Z] GET /api/task-creation/sessions
[2026-02-22T01:39:06.380Z] GET /api/task-creation/sessions
[2026-02-22T01:39:07.672Z] GET /api/task-creation/sessions/83a7d841-8636-4067-9fc4-04011b32e501/messages
[2026-02-22T01:39:07.672Z] GET /api/task-creation/sessions/83a7d841-8636-4067-9fc4-04011b32e501
[2026-02-22T01:39:07.673Z] GET /api/task-creation/sessions/83a7d841-8636-4067-9fc4-04011b32e501/intent
[2026-02-22T01:39:07.674Z] GET /api/task-creation/sessions/83a7d841-8636-4067-9fc4-04011b32e501/task-description
[2026-02-22T01:39:07.675Z] GET /api/task-creation/sessions/83a7d841-8636-4067-9fc4-04011b32e501/execution-plan
[2026-02-22T01:39:07.675Z] GET /api/sandbox/environment
[2026-02-22T01:39:07.676Z] GET /api/task-creation/sessions
✅ 数据库连接成功
[2026-02-22T01:39:12.389Z] GET /api/task-creation/sessions
[2026-02-22T01:39:18.386Z] GET /api/task-creation/sessions
[2026-02-22T01:39:24.386Z] GET /api/task-creation/sessions
[2026-02-22T01:39:30.390Z] GET /api/task-creation/sessions
[2026-02-22T01:39:36.382Z] GET /api/task-creation/sessions
[2026-02-22T01:39:42.385Z] GET /api/task-creation/sessions
[2026-02-22T01:39:48.378Z] GET /api/task-creation/sessions
[2026-02-22T01:39:54.384Z] GET /api/task-creation/sessions
[2026-02-22T01:40:00.379Z] GET /api/task-creation/sessions
[2026-02-22T01:40:06.385Z] GET /api/task-creation/sessions
[2026-02-22T01:40:07.679Z] GET /api/task-creation/sessions/83a7d841-8636-4067-9fc4-04011b32e501/messages
[2026-02-22T01:40:07.679Z] GET /api/task-creation/sessions/83a7d841-8636-4067-9fc4-04011b32e501
[2026-02-22T01:40:07.679Z] GET /api/task-creation/sessions/83a7d841-8636-4067-9fc4-04011b32e501/intent
[2026-02-22T01:40:07.681Z] GET /api/task-creation/sessions/83a7d841-8636-4067-9fc4-04011b32e501/task-description
[2026-02-22T01:40:07.682Z] GET /api/task-creation/sessions/83a7d841-8636-4067-9fc4-04011b32e501/execution-plan
[2026-02-22T01:40:07.682Z] GET /api/sandbox/environment
[2026-02-22T01:40:07.683Z] GET /api/task-creation/sessions
✅ 数据库连接成功
09:40:08 [tsx] change in ./src\agents\task-creation\types\intent.ts Restarting...
c[OSAC_CONNECTION_MANAGER] fixed_session_mode: disable background health check
09:40:19 [tsx] change in ./src\agents\task-creation\file-memory-store.ts Rerunning...
c[OSAC_CONNECTION_MANAGER] fixed_session_mode: disable background health check

🚀 oneceo.ai API Server
━━━━━━━━━━━━━━━━━━━━━━━━━━━━━━━━━━━━━━━━━━━━━
📡 API server running on http://localhost:4000
🔌 WebSocket server running on ws://localhost:4000
🔌 Task Creation WebSocket: ws://localhost:4000/ws/task-creation
🏥 Health check: http://localhost:4000/health
━━━━━━━━━━━━━━━━━━━━━━━━━━━━━━━━━━━━━━━━━━━━━
[OSAC_PERSISTENT_RECOVER_SKIP] fixed_session_mode

✅ 数据库连接成功
[2026-02-22T01:40:24.382Z] GET /api/task-creation/sessions
[2026-02-22T01:40:30.380Z] GET /api/task-creation/sessions
[2026-02-22T01:40:36.379Z] GET /api/task-creation/sessions
[2026-02-22T01:40:42.405Z] GET /api/task-creation/sessions
[2026-02-22T01:40:48.380Z] GET /api/task-creation/sessions
09:40:53 [tsx] change in ./src\agents\task-creation\task-creation-service.ts Restarting...
c[OSAC_CONNECTION_MANAGER] fixed_session_mode: disable background health check
09:41:11 [tsx] change in ./src\agents\task-creation\task-creation-service.ts Rerunning...
c[OSAC_CONNECTION_MANAGER] fixed_session_mode: disable background health check
09:41:36 [tsx] change in ./src\agents\task-creation\task-creation-service.ts Rerunning...
c[OSAC_CONNECTION_MANAGER] fixed_session_mode: disable background health check
09:41:45 [tsx] change in ./src\agents\task-creation\task-creation-service.ts Rerunning...
c[OSAC_CONNECTION_MANAGER] fixed_session_mode: disable background health check
09:41:56 [tsx] change in ./src\agents\task-creation\task-creation-service.ts Rerunning...
c[OSAC_CONNECTION_MANAGER] fixed_session_mode: disable background health check
09:43:55 [tsx] change in ./src\services\opencode-remote-service.ts Rerunning...
c[OSAC_CONNECTION_MANAGER] fixed_session_mode: disable background health check
09:44:06 [tsx] change in ./src\services\opencode-remote-service.ts Rerunning...
c[OSAC_CONNECTION_MANAGER] fixed_session_mode: disable background health check

🚀 oneceo.ai API Server
━━━━━━━━━━━━━━━━━━━━━━━━━━━━━━━━━━━━━━━━━━━━━
📡 API server running on http://localhost:4000
🔌 WebSocket server running on ws://localhost:4000
🔌 Task Creation WebSocket: ws://localhost:4000/ws/task-creation
🏥 Health check: http://localhost:4000/health
━━━━━━━━━━━━━━━━━━━━━━━━━━━━━━━━━━━━━━━━━━━━━
[OSAC_PERSISTENT_RECOVER_SKIP] fixed_session_mode

[2026-02-22T01:44:08.163Z] GET /api/task-creation/sessions
✅ 数据库连接成功
[2026-02-22T01:44:12.382Z] GET /api/task-creation/sessions
[2026-02-22T01:44:18.382Z] GET /api/task-creation/sessions
[2026-02-22T01:44:24.383Z] GET /api/task-creation/sessions
09:44:30 [tsx] change in ./src\services\opencode-remote-service.ts Restarting...
c[OSAC_CONNECTION_MANAGER] fixed_session_mode: disable background health check

🚀 oneceo.ai API Server
━━━━━━━━━━━━━━━━━━━━━━━━━━━━━━━━━━━━━━━━━━━━━
📡 API server running on http://localhost:4000
🔌 WebSocket server running on ws://localhost:4000
🔌 Task Creation WebSocket: ws://localhost:4000/ws/task-creation
🏥 Health check: http://localhost:4000/health
━━━━━━━━━━━━━━━━━━━━━━━━━━━━━━━━━━━━━━━━━━━━━
[OSAC_PERSISTENT_RECOVER_SKIP] fixed_session_mode

[2026-02-22T01:44:32.425Z] GET /api/task-creation/sessions
✅ 数据库连接成功
[2026-02-22T01:44:36.384Z] GET /api/task-creation/sessions
09:44:41 [tsx] change in ./src\services\opencode-remote-service.ts Restarting...
c[OSAC_CONNECTION_MANAGER] fixed_session_mode: disable background health check
09:45:02 [tsx] change in ./src\agents\task-creation\task-creation-service.ts Rerunning...
c[OSAC_CONNECTION_MANAGER] fixed_session_mode: disable background health check
09:45:30 [tsx] change in ./src\services\opencode-remote-service.ts Rerunning...
c[OSAC_CONNECTION_MANAGER] fixed_session_mode: disable background health check
09:45:42 [tsx] change in ./src\services\opencode-remote-service.ts Rerunning...
c[OSAC_CONNECTION_MANAGER] fixed_session_mode: disable background health check
09:47:44 [tsx] change in ./src\agents\task-creation\task-creation-service.ts Rerunning...
c[OSAC_CONNECTION_MANAGER] fixed_session_mode: disable background health check
09:48:45 [tsx] change in ./src\agents\task-creation\websocket-service.ts Rerunning...
c[OSAC_CONNECTION_MANAGER] fixed_session_mode: disable background health check

🚀 oneceo.ai API Server
━━━━━━━━━━━━━━━━━━━━━━━━━━━━━━━━━━━━━━━━━━━━━
📡 API server running on http://localhost:4000
🔌 WebSocket server running on ws://localhost:4000
🔌 Task Creation WebSocket: ws://localhost:4000/ws/task-creation
🏥 Health check: http://localhost:4000/health
━━━━━━━━━━━━━━━━━━━━━━━━━━━━━━━━━━━━━━━━━━━━━
[OSAC_PERSISTENT_RECOVER_SKIP] fixed_session_mode

✅ 数据库连接成功
[2026-02-22T01:48:48.382Z] GET /api/task-creation/sessions
[2026-02-22T01:48:54.379Z] GET /api/task-creation/sessions
[2026-02-22T01:49:00.385Z] GET /api/task-creation/sessions
[2026-02-22T01:49:06.392Z] GET /api/task-creation/sessions
[2026-02-22T01:49:07.685Z] GET /api/task-creation/sessions/83a7d841-8636-4067-9fc4-04011b32e501
[2026-02-22T01:49:07.686Z] GET /api/task-creation/sessions/83a7d841-8636-4067-9fc4-04011b32e501/intent
[2026-02-22T01:49:07.688Z] GET /api/task-creation/sessions/83a7d841-8636-4067-9fc4-04011b32e501/messages
[2026-02-22T01:49:07.689Z] GET /api/task-creation/sessions/83a7d841-8636-4067-9fc4-04011b32e501/task-description
[2026-02-22T01:49:07.690Z] GET /api/task-creation/sessions/83a7d841-8636-4067-9fc4-04011b32e501/execution-plan
[2026-02-22T01:49:07.691Z] GET /api/sandbox/environment
[2026-02-22T01:49:07.691Z] GET /api/task-creation/sessions
✅ 数据库连接成功
[2026-02-22T01:49:12.384Z] GET /api/task-creation/sessions
[2026-02-22T01:49:18.379Z] GET /api/task-creation/sessions
[2026-02-22T01:49:24.388Z] GET /api/task-creation/sessions
[2026-02-22T01:49:30.386Z] GET /api/task-creation/sessions
[2026-02-22T01:49:36.376Z] GET /api/task-creation/sessions
09:49:38 [tsx] change in ./src\services\opencode-remote-service.ts Restarting...
c[OSAC_CONNECTION_MANAGER] fixed_session_mode: disable background health check
10:12:47 [tsx] change in ./src\services\opencode-remote-service.ts Rerunning...
c[OSAC_CONNECTION_MANAGER] fixed_session_mode: disable background health check

🚀 oneceo.ai API Server
━━━━━━━━━━━━━━━━━━━━━━━━━━━━━━━━━━━━━━━━━━━━━
📡 API server running on http://localhost:4000
🔌 WebSocket server running on ws://localhost:4000
🔌 Task Creation WebSocket: ws://localhost:4000/ws/task-creation
🏥 Health check: http://localhost:4000/health
━━━━━━━━━━━━━━━━━━━━━━━━━━━━━━━━━━━━━━━━━━━━━
[OSAC_PERSISTENT_RECOVER_SKIP] fixed_session_mode

[2026-02-22T02:12:49.658Z] GET /api/task-creation/sessions
✅ 数据库连接成功
[2026-02-22T02:12:54.390Z] GET /api/task-creation/sessions
[2026-02-22T02:13:00.382Z] GET /api/task-creation/sessions
[2026-02-22T02:13:06.385Z] GET /api/task-creation/sessions
[WebSocket] 客户端连接: client_1771726386998_fuu2ao492
[WebSocket] 发送消息 to client_1771726386998_fuu2ao492: agent_message
[WebSocket] 收到消息 from client_1771726386998_fuu2ao492: {
  type: 'user_input',
  content: '请在当前工作区创建一个hello2.txt文件，内容为Hello Again。'
}
[WebSocket] 开始处理任务创建: 请在当前工作区创建一个hello2.txt文件，内容为Hello Again。
[TaskCreationService] 开始创建任务: 请在当前工作区创建一个hello2.txt文件，内容为Hello Again。
✅ 数据库连接成功
[TaskCreationService] 开始 Layer 1: 意图识别
[WebSocket] 发送消息 to client_1771726386998_fuu2ao492: status_update
[2026-02-22T02:13:12.382Z] GET /api/task-creation/sessions
[2026-02-22T02:13:18.379Z] GET /api/task-creation/sessions
[2026-02-22T02:13:24.391Z] GET /api/task-creation/sessions
[TaskCreationService] 意图识别完成: {
  intent_type: 'software_development',
  confidence: 0.95,
  key_info: {
    target: '创建文本文件',
    scope: '当前工作区',
    action: '创建 hello2.txt',
    content: 'Hello Again',
    constraints: '无'
  },
  clarification_needed: false,
  next_agent: 'execution_agent'
}
[WebSocket] 发送消息 to client_1771726386998_fuu2ao492: agent_message
[WebSocket] 发送消息 to client_1771726386998_fuu2ao492: status_update
[2026-02-22T02:13:30.390Z] GET /api/task-creation/sessions
[WebSocket] 发送消息 to client_1771726386998_fuu2ao492: agent_message
[WebSocket] 发送消息 to client_1771726386998_fuu2ao492: status_update
[2026-02-22T02:13:36.393Z] GET /api/task-creation/sessions
[TaskCreationService] 执行计划生成完成
[TaskCreationService] 执行计划已保存到数据库
[WebSocket] 发送消息 to client_1771726386998_fuu2ao492: plan_generated
[WebSocket] 发送消息 to client_1771726386998_fuu2ao492: status_update
[WebSocket] 发送消息 to client_1771726386998_fuu2ao492: status_update
✅ 数据库连接成功
[2026-02-22T02:13:42.383Z] GET /api/task-creation/sessions
[WebSocket] 发送消息 to client_1771726386998_fuu2ao492: agent_message
[OSAC_AUDIT] {"action":"OPENCODE_SERVER_ENSURE","at":"2026-02-22T02:13:44.837Z","sessionId":"sess_35ff684915754d7c","workspacePath":"/opt/.altus/opencode/workspaces/970cbade-0813-4eed-87d8-a61219a743e6"}
[2026-02-22T02:13:48.387Z] GET /api/task-creation/sessions
[2026-02-22T02:13:54.392Z] GET /api/task-creation/sessions
[2026-02-22T02:14:00.388Z] GET /api/task-creation/sessions
[OSAC_AUDIT] {"action":"OPENCODE_BOOTSTRAP_FALLBACK","at":"2026-02-22T02:14:04.848Z","sessionId":"sess_35ff684915754d7c","messageType":"OPENCODE_SERVER_ENSURE","expectedType":"OPENCODE_SERVER_READY","requestId":"oc_ensure_1771726424837_xxq2fy"}
✅ 数据库连接成功
[2026-02-22T02:14:06.387Z] GET /api/task-creation/sessions
[2026-02-22T02:14:12.392Z] GET /api/task-creation/sessions
[2026-02-22T02:14:18.381Z] GET /api/task-creation/sessions
[OSAC_AUDIT] {"action":"OPENCODE_SESSION_CREATE","at":"2026-02-22T02:14:21.232Z","sessionId":"sess_35ff684915754d7c","workspacePath":"/opt/.altus/opencode/workspaces/970cbade-0813-4eed-87d8-a61219a743e6"}
✅ 数据库连接成功
[2026-02-22T02:14:24.391Z] GET /api/task-creation/sessions
[2026-02-22T02:14:30.384Z] GET /api/task-creation/sessions
[2026-02-22T02:14:36.388Z] GET /api/task-creation/sessions
[2026-02-22T02:14:42.388Z] GET /api/task-creation/sessions
[2026-02-22T02:14:48.392Z] GET /api/task-creation/sessions
[2026-02-22T02:14:54.378Z] GET /api/task-creation/sessions
[2026-02-22T02:15:00.388Z] GET /api/task-creation/sessions
[2026-02-22T02:15:06.376Z] GET /api/task-creation/sessions
[WebSocket] 客户端断开: client_1771726386998_fuu2ao492
[2026-02-22T02:15:12.390Z] GET /api/task-creation/sessions
[OSAC_AUDIT] {"action":"OPENCODE_BOOTSTRAP_FALLBACK","at":"2026-02-22T02:15:16.893Z","sessionId":"sess_35ff684915754d7c","messageType":"OPENCODE_SESSION_CREATE","expectedType":"OPENCODE_SESSION_READY","requestId":"oc_create_1771726461232_v6w45n"}
✅ 数据库连接成功
[2026-02-22T02:15:18.383Z] GET /api/task-creation/sessions
[2026-02-22T02:15:24.384Z] GET /api/task-creation/sessions
[2026-02-22T02:15:30.381Z] GET /api/task-creation/sessions
[OSAC_AUDIT] {"action":"OPENCODE_PROMPT_SEND","at":"2026-02-22T02:15:33.469Z","sessionId":"sess_35ff684915754d7c","opencodeSessionId":"ses_37cde9c51ffeMtz7lwQqTZUOEE","partsCount":1}
✅ 数据库连接成功
[2026-02-22T02:15:36.378Z] GET /api/task-creation/sessions
[2026-02-22T02:15:42.385Z] GET /api/task-creation/sessions
[2026-02-22T02:15:48.388Z] GET /api/task-creation/sessions
[2026-02-22T02:15:54.384Z] GET /api/task-creation/sessions
[2026-02-22T02:16:00.380Z] GET /api/task-creation/sessions
[2026-02-22T02:16:06.393Z] GET /api/task-creation/sessions
[2026-02-22T02:16:12.385Z] GET /api/task-creation/sessions
[2026-02-22T02:16:18.389Z] GET /api/task-creation/sessions
[2026-02-22T02:16:24.379Z] GET /api/task-creation/sessions
[OSAC_AUDIT] {"action":"OPENCODE_BOOTSTRAP_FALLBACK","at":"2026-02-22T02:16:29.181Z","sessionId":"sess_35ff684915754d7c","messageType":"OPENCODE_PROMPT_SEND","expectedType":"OPENCODE_PROMPT_ACCEPTED","requestId":"oc_prompt_1771726533469_jcba4s"}
✅ 数据库连接成功
[2026-02-22T02:16:30.385Z] GET /api/task-creation/sessions
[2026-02-22T02:16:36.384Z] GET /api/task-creation/sessions
[2026-02-22T02:16:42.385Z] GET /api/task-creation/sessions
[2026-02-22T02:16:48.385Z] GET /api/task-creation/sessions
[2026-02-22T02:16:54.388Z] GET /api/task-creation/sessions
[2026-02-22T02:17:00.380Z] GET /api/task-creation/sessions
[2026-02-22T02:17:06.388Z] GET /api/task-creation/sessions
[OSAC_AUDIT] {"action":"OPENCODE_BOOTSTRAP_STREAM_START","at":"2026-02-22T02:17:11.935Z","sessionId":"sess_35ff684915754d7c","requestId":"oc_prompt_1771726533469_jcba4s"}
[OSAC_AUDIT] {"action":"OPENCODE_BOOTSTRAP_STREAM_STOP","at":"2026-02-22T02:17:11.943Z","sessionId":"sess_35ff684915754d7c","reason":"terminal_completed"}
[OSAC_AUDIT] {"action":"OPENCODE_USER_INPUT","at":"2026-02-22T02:17:11.994Z","taskSessionId":"970cbade-0813-4eed-87d8-a61219a743e6","orchestratorSessionId":"sess_35ff684915754d7c","opencodeSessionId":"ses_37cde9c51ffeMtz7lwQqTZUOEE"}
[WebSocket] 任务创建完成
[2026-02-22T02:17:12.381Z] GET /api/task-creation/sessions
[2026-02-22T02:17:18.379Z] GET /api/task-creation/sessions
[2026-02-22T02:17:24.377Z] GET /api/task-creation/sessions
[2026-02-22T02:17:30.391Z] GET /api/task-creation/sessions
[2026-02-22T02:17:36.390Z] GET /api/task-creation/sessions
[2026-02-22T02:17:42.393Z] GET /api/task-creation/sessions
[WebSocket] 客户端连接: client_1771726662552_mrrx4lj81
[WebSocket] 发送消息 to client_1771726662552_mrrx4lj81: agent_message
[WebSocket] 收到消息 from client_1771726662552_mrrx4lj81: {
  type: 'user_input',
  content: '请在当前工作区创建一个hello3.txt文件，内容为Hello Stream.'
}
[WebSocket] 开始处理任务创建: 请在当前工作区创建一个hello3.txt文件，内容为Hello Stream.
[TaskCreationService] 开始创建任务: 请在当前工作区创建一个hello3.txt文件，内容为Hello Stream.
✅ 数据库连接成功
[TaskCreationService] 开始 Layer 1: 意图识别
[WebSocket] 发送消息 to client_1771726662552_mrrx4lj81: status_update
[2026-02-22T02:17:48.381Z] GET /api/task-creation/sessions
[2026-02-22T02:17:54.383Z] GET /api/task-creation/sessions
[2026-02-22T02:18:00.382Z] GET /api/task-creation/sessions
[TaskCreationService] 意图识别完成: {
  intent_type: 'software_development',
  confidence: 0.98,
  key_info: {
    target: '创建文本文件',
    file_name: 'hello3.txt',
    file_content: 'Hello Stream',
    location: '当前工作区',
    operation: '文件创建'
  },
  clarification_needed: false,
  next_agent: 'execution_agent',
  task_description: "在当前工作目录创建名为 hello3.txt 的文件，内容为 'Hello Stream'"
}
[WebSocket] 发送消息 to client_1771726662552_mrrx4lj81: agent_message
[WebSocket] 发送消息 to client_1771726662552_mrrx4lj81: status_update
[2026-02-22T02:18:06.387Z] GET /api/task-creation/sessions
[WebSocket] 发送消息 to client_1771726662552_mrrx4lj81: agent_message
[WebSocket] 发送消息 to client_1771726662552_mrrx4lj81: status_update
[2026-02-22T02:18:12.392Z] GET /api/task-creation/sessions
[TaskCreationService] 执行计划生成完成
[TaskCreationService] 执行计划已保存到数据库
[WebSocket] 发送消息 to client_1771726662552_mrrx4lj81: plan_generated
[WebSocket] 发送消息 to client_1771726662552_mrrx4lj81: status_update
[WebSocket] 发送消息 to client_1771726662552_mrrx4lj81: status_update
✅ 数据库连接成功
[2026-02-22T02:18:18.385Z] GET /api/task-creation/sessions
[WebSocket] 发送消息 to client_1771726662552_mrrx4lj81: agent_message
[OSAC_AUDIT] {"action":"OPENCODE_SERVER_ENSURE","at":"2026-02-22T02:18:24.257Z","sessionId":"sess_35ff684915754d7c","workspacePath":"/opt/.altus/opencode/workspaces/0b27f98a-290f-4541-b130-2f7301a4c874"}
[2026-02-22T02:18:24.389Z] GET /api/task-creation/sessions
[2026-02-22T02:18:30.388Z] GET /api/task-creation/sessions
[2026-02-22T02:18:36.388Z] GET /api/task-creation/sessions
[2026-02-22T02:18:42.387Z] GET /api/task-creation/sessions
[OSAC_AUDIT] {"action":"OPENCODE_BOOTSTRAP_FALLBACK","at":"2026-02-22T02:18:44.272Z","sessionId":"sess_35ff684915754d7c","messageType":"OPENCODE_SERVER_ENSURE","expectedType":"OPENCODE_SERVER_READY","requestId":"oc_ensure_1771726704257_9fmtpn"}
✅ 数据库连接成功
[2026-02-22T02:18:48.391Z] GET /api/task-creation/sessions
[2026-02-22T02:18:54.384Z] GET /api/task-creation/sessions
[2026-02-22T02:19:00.388Z] GET /api/task-creation/sessions
[OSAC_AUDIT] {"action":"OPENCODE_SESSION_CREATE","at":"2026-02-22T02:19:00.657Z","sessionId":"sess_35ff684915754d7c","workspacePath":"/opt/.altus/opencode/workspaces/0b27f98a-290f-4541-b130-2f7301a4c874"}
✅ 数据库连接成功
[2026-02-22T02:19:06.385Z] GET /api/task-creation/sessions
[2026-02-22T02:19:12.384Z] GET /api/task-creation/sessions
[2026-02-22T02:19:18.387Z] GET /api/task-creation/sessions
[2026-02-22T02:19:24.390Z] GET /api/task-creation/sessions
[2026-02-22T02:19:30.379Z] GET /api/task-creation/sessions
[2026-02-22T02:19:36.385Z] GET /api/task-creation/sessions
[2026-02-22T02:19:42.382Z] GET /api/task-creation/sessions
[2026-02-22T02:19:48.392Z] GET /api/task-creation/sessions
[2026-02-22T02:19:54.384Z] GET /api/task-creation/sessions
[OSAC_AUDIT] {"action":"OPENCODE_BOOTSTRAP_FALLBACK","at":"2026-02-22T02:19:56.354Z","sessionId":"sess_35ff684915754d7c","messageType":"OPENCODE_SESSION_CREATE","expectedType":"OPENCODE_SESSION_READY","requestId":"oc_create_1771726740657_cg4vdn"}
✅ 数据库连接成功
[2026-02-22T02:20:00.378Z] GET /api/task-creation/sessions
[2026-02-22T02:20:06.379Z] GET /api/task-creation/sessions
[2026-02-22T02:20:12.388Z] GET /api/task-creation/sessions
[OSAC_AUDIT] {"action":"OPENCODE_PROMPT_SEND","at":"2026-02-22T02:20:12.864Z","sessionId":"sess_35ff684915754d7c","opencodeSessionId":"ses_37cda58ffffeZ2Uu0FUejdunpF","partsCount":1}
✅ 数据库连接成功
[2026-02-22T02:20:18.385Z] GET /api/task-creation/sessions
[2026-02-22T02:20:24.382Z] GET /api/task-creation/sessions
[2026-02-22T02:20:30.382Z] GET /api/task-creation/sessions
[2026-02-22T02:20:36.379Z] GET /api/task-creation/sessions
[2026-02-22T02:20:42.379Z] GET /api/task-creation/sessions
[2026-02-22T02:20:48.379Z] GET /api/task-creation/sessions
[2026-02-22T02:20:54.387Z] GET /api/task-creation/sessions
[2026-02-22T02:21:00.391Z] GET /api/task-creation/sessions
[2026-02-22T02:21:06.379Z] GET /api/task-creation/sessions
[OSAC_AUDIT] {"action":"OPENCODE_BOOTSTRAP_FALLBACK","at":"2026-02-22T02:21:08.576Z","sessionId":"sess_35ff684915754d7c","messageType":"OPENCODE_PROMPT_SEND","expectedType":"OPENCODE_PROMPT_ACCEPTED","requestId":"oc_prompt_1771726812864_fhclt0"}
✅ 数据库连接成功
[2026-02-22T02:21:12.387Z] GET /api/task-creation/sessions
[2026-02-22T02:21:18.381Z] GET /api/task-creation/sessions
[2026-02-22T02:21:24.380Z] GET /api/task-creation/sessions
[2026-02-22T02:21:30.377Z] GET /api/task-creation/sessions
[2026-02-22T02:21:36.387Z] GET /api/task-creation/sessions
[2026-02-22T02:21:42.378Z] GET /api/task-creation/sessions
[WebSocket] 客户端断开: client_1771726662552_mrrx4lj81
[2026-02-22T02:21:48.391Z] GET /api/task-creation/sessions
[2026-02-22T02:21:54.386Z] GET /api/task-creation/sessions
[2026-02-22T02:22:00.379Z] GET /api/task-creation/sessions
[OSAC_AUDIT] {"action":"OPENCODE_BOOTSTRAP_STREAM_START","at":"2026-02-22T02:22:05.451Z","sessionId":"sess_35ff684915754d7c","requestId":"oc_prompt_1771726812864_fhclt0"}
[OSAC_AUDIT] {"action":"OPENCODE_BOOTSTRAP_STREAM_STOP","at":"2026-02-22T02:22:05.534Z","sessionId":"sess_35ff684915754d7c","reason":"terminal_completed"}
[OSAC_AUDIT] {"action":"OPENCODE_USER_INPUT","at":"2026-02-22T02:22:05.604Z","taskSessionId":"0b27f98a-290f-4541-b130-2f7301a4c874","orchestratorSessionId":"sess_35ff684915754d7c","opencodeSessionId":"ses_37cda58ffffeZ2Uu0FUejdunpF"}
[WebSocket] 任务创建完成
[2026-02-22T02:22:06.386Z] GET /api/task-creation/sessions
[2026-02-22T02:22:12.383Z] GET /api/task-creation/sessions
[2026-02-22T02:22:18.388Z] GET /api/task-creation/sessions
[2026-02-22T02:22:24.390Z] GET /api/task-creation/sessions
[2026-02-22T02:22:30.384Z] GET /api/task-creation/sessions
[2026-02-22T02:22:36.383Z] GET /api/task-creation/sessions
[2026-02-22T02:22:42.386Z] GET /api/task-creation/sessions
[2026-02-22T02:22:48.386Z] GET /api/task-creation/sessions
[2026-02-22T02:22:54.393Z] GET /api/task-creation/sessions
[2026-02-22T02:23:00.392Z] GET /api/task-creation/sessions
[2026-02-22T02:23:06.378Z] GET /api/task-creation/sessions
[2026-02-22T02:23:12.389Z] GET /api/task-creation/sessions
[2026-02-22T02:23:18.388Z] GET /api/task-creation/sessions
[2026-02-22T02:23:24.390Z] GET /api/task-creation/sessions
[2026-02-22T02:23:30.389Z] GET /api/task-creation/sessions
[2026-02-22T02:23:36.382Z] GET /api/task-creation/sessions
[2026-02-22T02:23:42.385Z] GET /api/task-creation/sessions
[2026-02-22T02:23:48.388Z] GET /api/task-creation/sessions
[2026-02-22T02:23:54.389Z] GET /api/task-creation/sessions
[2026-02-22T02:24:00.383Z] GET /api/task-creation/sessions
[2026-02-22T02:24:06.388Z] GET /api/task-creation/sessions
[2026-02-22T02:24:12.388Z] GET /api/task-creation/sessions
[2026-02-22T02:24:18.392Z] GET /api/task-creation/sessions
[2026-02-22T02:24:24.384Z] GET /api/task-creation/sessions
[2026-02-22T02:24:30.378Z] GET /api/task-creation/sessions
[2026-02-22T02:24:36.384Z] GET /api/task-creation/sessions
[2026-02-22T02:24:42.383Z] GET /api/task-creation/sessions
[WebSocket] 客户端连接: client_1771727082742_syfmd8ceh
[WebSocket] 发送消息 to client_1771727082742_syfmd8ceh: agent_message
[2026-02-22T02:24:42.761Z] GET /api/task-creation/sessions/28b169e9-187d-4ffa-b00d-cd847cc3f406/messages
[2026-02-22T02:24:48.380Z] GET /api/task-creation/sessions
[WebSocket] 客户端断开: client_1771727082742_syfmd8ceh
[WebSocket] 客户端连接: client_1771727093304_qmc2ce82n
[WebSocket] 发送消息 to client_1771727093304_qmc2ce82n: agent_message
[2026-02-22T02:24:53.304Z] GET /api/task-creation/sessions/28b169e9-187d-4ffa-b00d-cd847cc3f406/messages
[2026-02-22T02:24:53.332Z] GET /api/task-creation/sessions/28b169e9-187d-4ffa-b00d-cd847cc3f406/messages
[2026-02-22T02:24:54.380Z] GET /api/task-creation/sessions
[2026-02-22T02:25:00.390Z] GET /api/task-creation/sessions
[WebSocket] 客户端断开: client_1771727093304_qmc2ce82n
[WebSocket] 客户端连接: client_1771727103906_ddfvwbfxr
[WebSocket] 发送消息 to client_1771727103906_ddfvwbfxr: agent_message
[2026-02-22T02:25:03.907Z] GET /api/task-creation/sessions/28b169e9-187d-4ffa-b00d-cd847cc3f406/messages
[2026-02-22T02:25:03.932Z] GET /api/task-creation/sessions/28b169e9-187d-4ffa-b00d-cd847cc3f406/messages
[2026-02-22T02:25:06.380Z] GET /api/task-creation/sessions
[2026-02-22T02:25:12.392Z] GET /api/task-creation/sessions
[WebSocket] 客户端断开: client_1771727103906_ddfvwbfxr
[WebSocket] 客户端连接: client_1771727116381_a3qgm02sj
[WebSocket] 发送消息 to client_1771727116381_a3qgm02sj: agent_message
[2026-02-22T02:25:16.382Z] GET /api/task-creation/sessions/28b169e9-187d-4ffa-b00d-cd847cc3f406/messages
[2026-02-22T02:25:16.406Z] GET /api/task-creation/sessions/28b169e9-187d-4ffa-b00d-cd847cc3f406/messages
[2026-02-22T02:25:18.387Z] GET /api/task-creation/sessions
[2026-02-22T02:25:24.475Z] GET /api/task-creation/sessions
[2026-02-22T02:25:30.393Z] GET /api/task-creation/sessions
[2026-02-22T02:25:36.379Z] GET /api/task-creation/sessions
[WebSocket] 客户端断开: client_1771727116381_a3qgm02sj
[WebSocket] 客户端连接: client_1771727141835_kfynonx82
[WebSocket] 发送消息 to client_1771727141835_kfynonx82: agent_message
[2026-02-22T02:25:41.835Z] GET /api/task-creation/sessions/28b169e9-187d-4ffa-b00d-cd847cc3f406/messages
[2026-02-22T02:25:41.855Z] GET /api/task-creation/sessions/28b169e9-187d-4ffa-b00d-cd847cc3f406/messages
[2026-02-22T02:25:42.381Z] GET /api/task-creation/sessions
[2026-02-22T02:25:48.388Z] GET /api/task-creation/sessions
[2026-02-22T02:25:54.390Z] GET /api/task-creation/sessions
[2026-02-22T02:26:00.389Z] GET /api/task-creation/sessions
[WebSocket] 客户端断开: client_1771727141835_kfynonx82
[WebSocket] 客户端连接: client_1771727162874_m3mefxpq4
[WebSocket] 发送消息 to client_1771727162874_m3mefxpq4: agent_message
[2026-02-22T02:26:02.875Z] GET /api/task-creation/sessions/28b169e9-187d-4ffa-b00d-cd847cc3f406/messages
[2026-02-22T02:26:02.901Z] GET /api/task-creation/sessions/28b169e9-187d-4ffa-b00d-cd847cc3f406/messages
[2026-02-22T02:26:06.387Z] GET /api/task-creation/sessions
[2026-02-22T02:26:12.392Z] GET /api/task-creation/sessions
[2026-02-22T02:26:18.378Z] GET /api/task-creation/sessions
[2026-02-22T02:26:24.392Z] GET /api/task-creation/sessions
[2026-02-22T02:26:30.391Z] GET /api/task-creation/sessions
[2026-02-22T02:26:36.386Z] GET /api/task-creation/sessions
[2026-02-22T02:26:42.384Z] GET /api/task-creation/sessions
[2026-02-22T02:26:48.380Z] GET /api/task-creation/sessions
[2026-02-22T02:26:54.384Z] GET /api/task-creation/sessions
[2026-02-22T02:27:00.378Z] GET /api/task-creation/sessions
[WebSocket] 客户端断开: client_1771727162874_m3mefxpq4
[WebSocket] 客户端连接: client_1771727224764_1p6sn3kos
[WebSocket] 发送消息 to client_1771727224764_1p6sn3kos: agent_message
[2026-02-22T02:27:04.766Z] GET /api/task-creation/sessions/28b169e9-187d-4ffa-b00d-cd847cc3f406/messages
[2026-02-22T02:27:04.790Z] GET /api/task-creation/sessions/28b169e9-187d-4ffa-b00d-cd847cc3f406/messages
[2026-02-22T02:27:06.397Z] GET /api/task-creation/sessions
[2026-02-22T02:27:12.379Z] GET /api/task-creation/sessions
[2026-02-22T02:27:18.386Z] GET /api/task-creation/sessions
[WebSocket] 客户端断开: client_1771727224764_1p6sn3kos
[WebSocket] 客户端连接: client_1771727241958_yr32mkau6
[WebSocket] 发送消息 to client_1771727241958_yr32mkau6: agent_message
[2026-02-22T02:27:21.959Z] GET /api/task-creation/sessions/28b169e9-187d-4ffa-b00d-cd847cc3f406/messages
[2026-02-22T02:27:21.988Z] GET /api/task-creation/sessions/28b169e9-187d-4ffa-b00d-cd847cc3f406/messages
[2026-02-22T02:27:24.381Z] GET /api/task-creation/sessions
[2026-02-22T02:27:30.380Z] GET /api/task-creation/sessions
[2026-02-22T02:27:36.385Z] GET /api/task-creation/sessions
[2026-02-22T02:27:42.387Z] GET /api/task-creation/sessions
[2026-02-22T02:27:48.383Z] GET /api/task-creation/sessions
[2026-02-22T02:27:54.378Z] GET /api/task-creation/sessions
[2026-02-22T02:28:00.378Z] GET /api/task-creation/sessions
[2026-02-22T02:28:06.382Z] GET /api/task-creation/sessions
[2026-02-22T02:28:12.385Z] GET /api/task-creation/sessions
[2026-02-22T02:28:18.380Z] GET /api/task-creation/sessions
[2026-02-22T02:28:24.380Z] GET /api/task-creation/sessions
[2026-02-22T02:28:30.390Z] GET /api/task-creation/sessions
[2026-02-22T02:28:36.383Z] GET /api/task-creation/sessions
[2026-02-22T02:28:42.392Z] GET /api/task-creation/sessions
[2026-02-22T02:28:48.384Z] GET /api/task-creation/sessions
[2026-02-22T02:28:54.390Z] GET /api/task-creation/sessions
[2026-02-22T02:29:00.389Z] GET /api/task-creation/sessions
[2026-02-22T02:29:06.383Z] GET /api/task-creation/sessions
[2026-02-22T02:29:12.388Z] GET /api/task-creation/sessions
[2026-02-22T02:29:18.383Z] GET /api/task-creation/sessions
[2026-02-22T02:29:24.387Z] GET /api/task-creation/sessions
[2026-02-22T02:29:30.384Z] GET /api/task-creation/sessions
[2026-02-22T02:29:36.390Z] GET /api/task-creation/sessions
[2026-02-22T02:29:42.380Z] GET /api/task-creation/sessions
[2026-02-22T02:29:48.381Z] GET /api/task-creation/sessions
[2026-02-22T02:29:54.388Z] GET /api/task-creation/sessions
[2026-02-22T02:30:00.381Z] GET /api/task-creation/sessions
[2026-02-22T02:30:06.385Z] GET /api/task-creation/sessions
[2026-02-22T02:30:12.377Z] GET /api/task-creation/sessions
[2026-02-22T02:30:18.382Z] GET /api/task-creation/sessions
[2026-02-22T02:30:24.382Z] GET /api/task-creation/sessions
[2026-02-22T02:30:30.388Z] GET /api/task-creation/sessions
[2026-02-22T02:30:36.387Z] GET /api/task-creation/sessions
[2026-02-22T02:30:42.380Z] GET /api/task-creation/sessions
[2026-02-22T02:30:48.382Z] GET /api/task-creation/sessions
[2026-02-22T02:30:54.385Z] GET /api/task-creation/sessions
[2026-02-22T02:31:00.388Z] GET /api/task-creation/sessions
[2026-02-22T02:31:06.388Z] GET /api/task-creation/sessions
[2026-02-22T02:31:12.380Z] GET /api/task-creation/sessions
[2026-02-22T02:31:18.380Z] GET /api/task-creation/sessions
[2026-02-22T02:31:24.384Z] GET /api/task-creation/sessions
[2026-02-22T02:31:30.386Z] GET /api/task-creation/sessions
[2026-02-22T02:31:36.386Z] GET /api/task-creation/sessions
[2026-02-22T02:31:42.389Z] GET /api/task-creation/sessions
[2026-02-22T02:31:48.392Z] GET /api/task-creation/sessions
[2026-02-22T02:31:54.379Z] GET /api/task-creation/sessions
[2026-02-22T02:32:00.385Z] GET /api/task-creation/sessions
[2026-02-22T02:32:06.379Z] GET /api/task-creation/sessions
[2026-02-22T02:32:12.388Z] GET /api/task-creation/sessions
[2026-02-22T02:32:18.388Z] GET /api/task-creation/sessions
[2026-02-22T02:32:24.391Z] GET /api/task-creation/sessions
[2026-02-22T02:32:30.390Z] GET /api/task-creation/sessions
[2026-02-22T02:32:36.379Z] GET /api/task-creation/sessions
[2026-02-22T02:32:42.389Z] GET /api/task-creation/sessions
[2026-02-22T02:32:48.381Z] GET /api/task-creation/sessions
[2026-02-22T02:32:54.388Z] GET /api/task-creation/sessions
[2026-02-22T02:33:00.381Z] GET /api/task-creation/sessions
[2026-02-22T02:33:06.396Z] GET /api/task-creation/sessions
[2026-02-22T02:33:12.385Z] GET /api/task-creation/sessions
[2026-02-22T02:33:18.378Z] GET /api/task-creation/sessions
[2026-02-22T02:33:24.390Z] GET /api/task-creation/sessions
[2026-02-22T02:33:30.391Z] GET /api/task-creation/sessions
[2026-02-22T02:33:36.387Z] GET /api/task-creation/sessions
[2026-02-22T02:33:42.389Z] GET /api/task-creation/sessions
[2026-02-22T02:33:48.383Z] GET /api/task-creation/sessions
[2026-02-22T02:33:54.380Z] GET /api/task-creation/sessions
[2026-02-22T02:34:00.384Z] GET /api/task-creation/sessions
[2026-02-22T02:34:06.385Z] GET /api/task-creation/sessions
[2026-02-22T02:34:12.377Z] GET /api/task-creation/sessions
[2026-02-22T02:34:18.388Z] GET /api/task-creation/sessions
[2026-02-22T02:34:24.383Z] GET /api/task-creation/sessions
[2026-02-22T02:34:30.384Z] GET /api/task-creation/sessions
[2026-02-22T02:34:36.380Z] GET /api/task-creation/sessions
[2026-02-22T02:34:42.386Z] GET /api/task-creation/sessions
[2026-02-22T02:34:48.389Z] GET /api/task-creation/sessions
[2026-02-22T02:34:54.390Z] GET /api/task-creation/sessions
[2026-02-22T02:35:00.389Z] GET /api/task-creation/sessions
[2026-02-22T02:35:06.381Z] GET /api/task-creation/sessions
[2026-02-22T02:35:12.379Z] GET /api/task-creation/sessions
[2026-02-22T02:35:18.385Z] GET /api/task-creation/sessions
[2026-02-22T02:35:24.388Z] GET /api/task-creation/sessions
[2026-02-22T02:35:30.382Z] GET /api/task-creation/sessions
[2026-02-22T02:35:36.384Z] GET /api/task-creation/sessions
[2026-02-22T02:35:42.391Z] GET /api/task-creation/sessions
[2026-02-22T02:35:48.381Z] GET /api/task-creation/sessions
[2026-02-22T02:35:54.379Z] GET /api/task-creation/sessions
[2026-02-22T02:36:00.379Z] GET /api/task-creation/sessions
[2026-02-22T02:36:06.383Z] GET /api/task-creation/sessions
[2026-02-22T02:36:12.382Z] GET /api/task-creation/sessions
[2026-02-22T02:36:18.381Z] GET /api/task-creation/sessions
[2026-02-22T02:36:24.390Z] GET /api/task-creation/sessions
[2026-02-22T02:36:30.384Z] GET /api/task-creation/sessions
[2026-02-22T02:36:36.386Z] GET /api/task-creation/sessions
[2026-02-22T02:36:42.383Z] GET /api/task-creation/sessions
[2026-02-22T02:36:48.390Z] GET /api/task-creation/sessions
[2026-02-22T02:36:54.384Z] GET /api/task-creation/sessions
[2026-02-22T02:37:00.383Z] GET /api/task-creation/sessions
[2026-02-22T02:37:06.391Z] GET /api/task-creation/sessions
[2026-02-22T02:37:12.383Z] GET /api/task-creation/sessions
[2026-02-22T02:37:18.383Z] GET /api/task-creation/sessions
[2026-02-22T02:37:24.388Z] GET /api/task-creation/sessions
[2026-02-22T02:37:30.379Z] GET /api/task-creation/sessions
[2026-02-22T02:37:36.387Z] GET /api/task-creation/sessions
[2026-02-22T02:37:42.382Z] GET /api/task-creation/sessions
[2026-02-22T02:37:48.382Z] GET /api/task-creation/sessions
[2026-02-22T02:37:54.385Z] GET /api/task-creation/sessions
[2026-02-22T02:38:00.380Z] GET /api/task-creation/sessions
[2026-02-22T02:38:06.378Z] GET /api/task-creation/sessions
[2026-02-22T02:38:12.379Z] GET /api/task-creation/sessions
[2026-02-22T02:38:18.378Z] GET /api/task-creation/sessions
[2026-02-22T02:38:24.388Z] GET /api/task-creation/sessions
[2026-02-22T02:38:30.386Z] GET /api/task-creation/sessions
[2026-02-22T02:38:36.383Z] GET /api/task-creation/sessions
[2026-02-22T02:38:42.384Z] GET /api/task-creation/sessions
[2026-02-22T02:38:48.386Z] GET /api/task-creation/sessions
[2026-02-22T02:38:54.389Z] GET /api/task-creation/sessions
[2026-02-22T02:39:00.380Z] GET /api/task-creation/sessions
[2026-02-22T02:39:06.387Z] GET /api/task-creation/sessions
[2026-02-22T02:39:12.376Z] GET /api/task-creation/sessions
[2026-02-22T02:39:18.388Z] GET /api/task-creation/sessions
[2026-02-22T02:39:24.389Z] GET /api/task-creation/sessions
[2026-02-22T02:39:30.379Z] GET /api/task-creation/sessions
[2026-02-22T02:39:36.384Z] GET /api/task-creation/sessions
[2026-02-22T02:39:42.386Z] GET /api/task-creation/sessions
[2026-02-22T02:39:48.388Z] GET /api/task-creation/sessions
[2026-02-22T02:39:54.378Z] GET /api/task-creation/sessions
[2026-02-22T02:40:00.377Z] GET /api/task-creation/sessions
[2026-02-22T02:40:06.389Z] GET /api/task-creation/sessions
[2026-02-22T02:40:12.389Z] GET /api/task-creation/sessions
[2026-02-22T02:40:18.381Z] GET /api/task-creation/sessions
[2026-02-22T02:40:24.391Z] GET /api/task-creation/sessions
[2026-02-22T02:40:30.385Z] GET /api/task-creation/sessions
[2026-02-22T02:40:36.378Z] GET /api/task-creation/sessions
[2026-02-22T02:40:42.385Z] GET /api/task-creation/sessions
[2026-02-22T02:40:48.392Z] GET /api/task-creation/sessions
[2026-02-22T02:40:54.382Z] GET /api/task-creation/sessions
[2026-02-22T02:41:00.381Z] GET /api/task-creation/sessions
[2026-02-22T02:41:06.391Z] GET /api/task-creation/sessions
[2026-02-22T02:41:12.386Z] GET /api/task-creation/sessions
[2026-02-22T02:41:18.388Z] GET /api/task-creation/sessions
[2026-02-22T02:41:24.385Z] GET /api/task-creation/sessions
[2026-02-22T02:41:30.378Z] GET /api/task-creation/sessions
[2026-02-22T02:41:36.377Z] GET /api/task-creation/sessions
[2026-02-22T02:41:42.380Z] GET /api/task-creation/sessions
[2026-02-22T02:41:48.378Z] GET /api/task-creation/sessions
[2026-02-22T02:41:54.381Z] GET /api/task-creation/sessions
[2026-02-22T02:42:00.382Z] GET /api/task-creation/sessions
[2026-02-22T02:42:06.389Z] GET /api/task-creation/sessions
[2026-02-22T02:42:12.380Z] GET /api/task-creation/sessions
[2026-02-22T02:42:18.384Z] GET /api/task-creation/sessions
[2026-02-22T02:42:24.389Z] GET /api/task-creation/sessions
[2026-02-22T02:42:30.390Z] GET /api/task-creation/sessions
[2026-02-22T02:42:36.375Z] GET /api/task-creation/sessions
[2026-02-22T02:42:42.380Z] GET /api/task-creation/sessions
[2026-02-22T02:42:48.376Z] GET /api/task-creation/sessions
[2026-02-22T02:42:54.376Z] GET /api/task-creation/sessions
[2026-02-22T02:43:00.376Z] GET /api/task-creation/sessions
[2026-02-22T02:43:06.379Z] GET /api/task-creation/sessions
[2026-02-22T02:43:12.385Z] GET /api/task-creation/sessions
[2026-02-22T02:43:18.383Z] GET /api/task-creation/sessions
[2026-02-22T02:43:24.380Z] GET /api/task-creation/sessions
[2026-02-22T02:43:30.387Z] GET /api/task-creation/sessions
[2026-02-22T02:43:36.387Z] GET /api/task-creation/sessions
[2026-02-22T02:43:42.383Z] GET /api/task-creation/sessions
[2026-02-22T02:43:48.383Z] GET /api/task-creation/sessions
[2026-02-22T02:43:54.389Z] GET /api/task-creation/sessions
[2026-02-22T02:44:00.381Z] GET /api/task-creation/sessions
[2026-02-22T02:44:06.384Z] GET /api/task-creation/sessions
[2026-02-22T02:44:12.390Z] GET /api/task-creation/sessions
[2026-02-22T02:44:18.382Z] GET /api/task-creation/sessions
[2026-02-22T02:44:24.388Z] GET /api/task-creation/sessions
[2026-02-22T02:44:30.390Z] GET /api/task-creation/sessions
 ELIFECYCLE  Command failed with exit code 3221225786.
