apps/web                                 |  WARN  The field "pnpm.patchedDependencies" was found in D:\project\oneceo.ai\oneceo\apps\web/package.json. This will not take effect. You should configure "pnpm.patchedDependencies" at the root of the workspace instead.
apps/web                                 |  WARN  The field "pnpm.overrides" was found in D:\project\oneceo.ai\oneceo\apps\web/package.json. This will not take effect. You should configure "pnpm.overrides" at the root of the workspace instead.

> api@1.0.0 dev D:\project\oneceo.ai\oneceo\apps\api
> tsx watch src/index.ts

[OSAC_CONNECTION_MANAGER] fixed_session_mode: disable background health check

🚀 oneceo.ai API Server
━━━━━━━━━━━━━━━━━━━━━━━━━━━━━━━━━━━━━━━━━━━━━
📡 API server running on http://localhost:4000
🔌 WebSocket server running on ws://localhost:4000
🔌 Task Creation WebSocket: ws://localhost:4000/ws/task-creation
🏥 Health check: http://localhost:4000/health
━━━━━━━━━━━━━━━━━━━━━━━━━━━━━━━━━━━━━━━━━━━━━
[OSAC_PERSISTENT_RECOVER_SKIP] fixed_session_mode

✅ 数据库连接成功
[2026-02-21T05:28:33.564Z] GET /api/task-creation/sessions/93d383a3-a923-4100-a3ae-da501cfcafad
[2026-02-21T05:28:33.566Z] GET /api/task-creation/sessions/93d383a3-a923-4100-a3ae-da501cfcafad/messages
[2026-02-21T05:28:33.567Z] GET /api/task-creation/sessions/93d383a3-a923-4100-a3ae-da501cfcafad/intent
[2026-02-21T05:28:33.569Z] GET /api/task-creation/sessions/93d383a3-a923-4100-a3ae-da501cfcafad/task-description
[2026-02-21T05:28:33.570Z] GET /api/task-creation/sessions/93d383a3-a923-4100-a3ae-da501cfcafad/execution-plan
[2026-02-21T05:28:33.571Z] GET /api/sandbox/environment
[2026-02-21T05:28:33.572Z] GET /api/task-creation/sessions
[2026-02-21T05:28:37.557Z] GET /api/task-creation/sessions/93d383a3-a923-4100-a3ae-da501cfcafad/messages
[2026-02-21T05:28:37.558Z] GET /api/task-creation/sessions/93d383a3-a923-4100-a3ae-da501cfcafad
[2026-02-21T05:28:37.558Z] GET /api/task-creation/sessions/93d383a3-a923-4100-a3ae-da501cfcafad/intent
[2026-02-21T05:28:37.559Z] GET /api/task-creation/sessions/93d383a3-a923-4100-a3ae-da501cfcafad/task-description
[2026-02-21T05:28:37.559Z] GET /api/task-creation/sessions/93d383a3-a923-4100-a3ae-da501cfcafad/execution-plan
[2026-02-21T05:28:37.560Z] GET /api/sandbox/environment
[2026-02-21T05:28:37.560Z] GET /api/task-creation/sessions
[2026-02-21T05:28:41.563Z] GET /api/task-creation/sessions/93d383a3-a923-4100-a3ae-da501cfcafad
[2026-02-21T05:28:41.564Z] GET /api/task-creation/sessions/93d383a3-a923-4100-a3ae-da501cfcafad/messages
[2026-02-21T05:28:41.564Z] GET /api/task-creation/sessions/93d383a3-a923-4100-a3ae-da501cfcafad/intent
[2026-02-21T05:28:41.565Z] GET /api/task-creation/sessions/93d383a3-a923-4100-a3ae-da501cfcafad/execution-plan
[2026-02-21T05:28:41.565Z] GET /api/task-creation/sessions/93d383a3-a923-4100-a3ae-da501cfcafad/task-description
[2026-02-21T05:28:41.566Z] GET /api/sandbox/environment
[2026-02-21T05:28:41.566Z] GET /api/task-creation/sessions
[2026-02-21T05:28:45.564Z] GET /api/task-creation/sessions/93d383a3-a923-4100-a3ae-da501cfcafad
[2026-02-21T05:28:45.564Z] GET /api/task-creation/sessions/93d383a3-a923-4100-a3ae-da501cfcafad/messages
[2026-02-21T05:28:45.564Z] GET /api/task-creation/sessions/93d383a3-a923-4100-a3ae-da501cfcafad/intent
[2026-02-21T05:28:45.565Z] GET /api/task-creation/sessions/93d383a3-a923-4100-a3ae-da501cfcafad/task-description
[2026-02-21T05:28:45.566Z] GET /api/task-creation/sessions/93d383a3-a923-4100-a3ae-da501cfcafad/execution-plan
[2026-02-21T05:28:45.566Z] GET /api/task-creation/sessions
[2026-02-21T05:28:45.567Z] GET /api/sandbox/environment
[2026-02-21T05:28:49.556Z] GET /api/task-creation/sessions/93d383a3-a923-4100-a3ae-da501cfcafad
[2026-02-21T05:28:49.557Z] GET /api/task-creation/sessions/93d383a3-a923-4100-a3ae-da501cfcafad/messages
[2026-02-21T05:28:49.557Z] GET /api/task-creation/sessions/93d383a3-a923-4100-a3ae-da501cfcafad/intent
[2026-02-21T05:28:49.558Z] GET /api/task-creation/sessions/93d383a3-a923-4100-a3ae-da501cfcafad/task-description
[2026-02-21T05:28:49.558Z] GET /api/task-creation/sessions/93d383a3-a923-4100-a3ae-da501cfcafad/execution-plan
[2026-02-21T05:28:49.558Z] GET /api/sandbox/environment
[2026-02-21T05:28:49.559Z] GET /api/task-creation/sessions
✅ 数据库连接成功
[2026-02-21T05:28:53.554Z] GET /api/task-creation/sessions/93d383a3-a923-4100-a3ae-da501cfcafad
[2026-02-21T05:28:53.555Z] GET /api/task-creation/sessions/93d383a3-a923-4100-a3ae-da501cfcafad/intent
[2026-02-21T05:28:53.555Z] GET /api/task-creation/sessions/93d383a3-a923-4100-a3ae-da501cfcafad/messages
[2026-02-21T05:28:53.555Z] GET /api/task-creation/sessions/93d383a3-a923-4100-a3ae-da501cfcafad/task-description
[2026-02-21T05:28:53.556Z] GET /api/task-creation/sessions/93d383a3-a923-4100-a3ae-da501cfcafad/execution-plan
[2026-02-21T05:28:53.556Z] GET /api/sandbox/environment
[2026-02-21T05:28:53.557Z] GET /api/task-creation/sessions
[2026-02-21T05:28:57.553Z] GET /api/task-creation/sessions/93d383a3-a923-4100-a3ae-da501cfcafad
[2026-02-21T05:28:57.554Z] GET /api/task-creation/sessions/93d383a3-a923-4100-a3ae-da501cfcafad/messages
[2026-02-21T05:28:57.554Z] GET /api/task-creation/sessions/93d383a3-a923-4100-a3ae-da501cfcafad/intent
[2026-02-21T05:28:57.555Z] GET /api/task-creation/sessions/93d383a3-a923-4100-a3ae-da501cfcafad/task-description
[2026-02-21T05:28:57.555Z] GET /api/task-creation/sessions/93d383a3-a923-4100-a3ae-da501cfcafad/execution-plan
[2026-02-21T05:28:57.555Z] GET /api/sandbox/environment
[2026-02-21T05:28:57.556Z] GET /api/task-creation/sessions
[WebSocket] 客户端连接: client_1771651740204_gh3vsva96
[WebSocket] 发送消息 to client_1771651740204_gh3vsva96: agent_message
[WebSocket] 收到消息 from client_1771651740204_gh3vsva96: { type: 'user_input', content: '帮我写个贪吃蛇的html' }
[WebSocket] 开始处理任务创建: 帮我写个贪吃蛇的html
[TaskCreationService] 开始创建任务: 帮我写个贪吃蛇的html
[TaskCreationService] 开始 Layer 1: 意图识别
[WebSocket] 发送消息 to client_1771651740204_gh3vsva96: status_update
[2026-02-21T05:29:01.558Z] GET /api/task-creation/sessions/93d383a3-a923-4100-a3ae-da501cfcafad
[2026-02-21T05:29:01.559Z] GET /api/task-creation/sessions/93d383a3-a923-4100-a3ae-da501cfcafad/messages
[2026-02-21T05:29:01.560Z] GET /api/task-creation/sessions/93d383a3-a923-4100-a3ae-da501cfcafad/intent
[2026-02-21T05:29:01.560Z] GET /api/task-creation/sessions/93d383a3-a923-4100-a3ae-da501cfcafad/task-description
[2026-02-21T05:29:01.560Z] GET /api/task-creation/sessions/93d383a3-a923-4100-a3ae-da501cfcafad/execution-plan
[2026-02-21T05:29:01.561Z] GET /api/task-creation/sessions
[2026-02-21T05:29:01.561Z] GET /api/sandbox/environment
[2026-02-21T05:29:05.561Z] GET /api/task-creation/sessions/93d383a3-a923-4100-a3ae-da501cfcafad
[2026-02-21T05:29:05.561Z] GET /api/task-creation/sessions/93d383a3-a923-4100-a3ae-da501cfcafad/messages
[2026-02-21T05:29:05.562Z] GET /api/task-creation/sessions/93d383a3-a923-4100-a3ae-da501cfcafad/intent
[2026-02-21T05:29:05.562Z] GET /api/task-creation/sessions/93d383a3-a923-4100-a3ae-da501cfcafad/task-description
[2026-02-21T05:29:05.562Z] GET /api/task-creation/sessions/93d383a3-a923-4100-a3ae-da501cfcafad/execution-plan
[2026-02-21T05:29:05.563Z] GET /api/sandbox/environment
[2026-02-21T05:29:05.563Z] GET /api/task-creation/sessions
✅ 数据库连接成功
[2026-02-21T05:29:09.002Z] GET /api/task-creation/sessions
[2026-02-21T05:29:09.552Z] GET /api/task-creation/sessions/93d383a3-a923-4100-a3ae-da501cfcafad/messages
[2026-02-21T05:29:09.553Z] GET /api/task-creation/sessions/93d383a3-a923-4100-a3ae-da501cfcafad
[2026-02-21T05:29:09.553Z] GET /api/task-creation/sessions/93d383a3-a923-4100-a3ae-da501cfcafad/intent
[2026-02-21T05:29:09.553Z] GET /api/task-creation/sessions/93d383a3-a923-4100-a3ae-da501cfcafad/task-description
[2026-02-21T05:29:09.554Z] GET /api/task-creation/sessions/93d383a3-a923-4100-a3ae-da501cfcafad/execution-plan
[2026-02-21T05:29:09.554Z] GET /api/sandbox/environment
[2026-02-21T05:29:09.554Z] GET /api/task-creation/sessions
[2026-02-21T05:29:13.563Z] GET /api/task-creation/sessions/93d383a3-a923-4100-a3ae-da501cfcafad
[2026-02-21T05:29:13.564Z] GET /api/task-creation/sessions/93d383a3-a923-4100-a3ae-da501cfcafad/intent
[2026-02-21T05:29:13.564Z] GET /api/task-creation/sessions/93d383a3-a923-4100-a3ae-da501cfcafad/messages
[2026-02-21T05:29:13.565Z] GET /api/task-creation/sessions/93d383a3-a923-4100-a3ae-da501cfcafad/task-description
[2026-02-21T05:29:13.565Z] GET /api/task-creation/sessions/93d383a3-a923-4100-a3ae-da501cfcafad/execution-plan
[2026-02-21T05:29:13.566Z] GET /api/sandbox/environment
[2026-02-21T05:29:13.566Z] GET /api/task-creation/sessions
[2026-02-21T05:29:17.555Z] GET /api/task-creation/sessions/93d383a3-a923-4100-a3ae-da501cfcafad
[2026-02-21T05:29:17.555Z] GET /api/task-creation/sessions/93d383a3-a923-4100-a3ae-da501cfcafad/messages
[2026-02-21T05:29:17.555Z] GET /api/task-creation/sessions/93d383a3-a923-4100-a3ae-da501cfcafad/intent
[2026-02-21T05:29:17.556Z] GET /api/task-creation/sessions/93d383a3-a923-4100-a3ae-da501cfcafad/task-description
[2026-02-21T05:29:17.556Z] GET /api/task-creation/sessions/93d383a3-a923-4100-a3ae-da501cfcafad/execution-plan
[2026-02-21T05:29:17.557Z] GET /api/sandbox/environment
[2026-02-21T05:29:17.557Z] GET /api/task-creation/sessions
[TaskCreationService] 意图识别完成: {
  intent_type: 'software_development',
  confidence: 0.98,
  key_info: {
    target: '贪吃蛇游戏',
    technology: 'HTML (包含 CSS 和 JavaScript)',
    deliverable: '单个 HTML 文件',
    language: '中文注释'
  },
  clarification_needed: false,
  next_agent: 'development_agent',
  additional_notes: '用户需要一个完整的、可直接运行的贪吃蛇游戏 HTML 文件，应包含游戏逻辑、界面和交互功能'
}
[WebSocket] 发送消息 to client_1771651740204_gh3vsva96: agent_message
[WebSocket] 发送消息 to client_1771651740204_gh3vsva96: status_update
[2026-02-21T05:29:21.560Z] GET /api/task-creation/sessions/93d383a3-a923-4100-a3ae-da501cfcafad
[2026-02-21T05:29:21.561Z] GET /api/task-creation/sessions/93d383a3-a923-4100-a3ae-da501cfcafad/messages
[2026-02-21T05:29:21.561Z] GET /api/task-creation/sessions/93d383a3-a923-4100-a3ae-da501cfcafad/intent
[2026-02-21T05:29:21.561Z] GET /api/task-creation/sessions/93d383a3-a923-4100-a3ae-da501cfcafad/task-description
[2026-02-21T05:29:21.562Z] GET /api/task-creation/sessions/93d383a3-a923-4100-a3ae-da501cfcafad/execution-plan
[2026-02-21T05:29:21.562Z] GET /api/sandbox/environment
[2026-02-21T05:29:21.562Z] GET /api/task-creation/sessions
✅ 数据库连接成功
[2026-02-21T05:29:25.553Z] GET /api/task-creation/sessions/93d383a3-a923-4100-a3ae-da501cfcafad/messages
[2026-02-21T05:29:25.553Z] GET /api/task-creation/sessions/93d383a3-a923-4100-a3ae-da501cfcafad
[2026-02-21T05:29:25.554Z] GET /api/task-creation/sessions/93d383a3-a923-4100-a3ae-da501cfcafad/intent
[2026-02-21T05:29:25.554Z] GET /api/task-creation/sessions/93d383a3-a923-4100-a3ae-da501cfcafad/execution-plan
[2026-02-21T05:29:25.554Z] GET /api/task-creation/sessions/93d383a3-a923-4100-a3ae-da501cfcafad/task-description
[2026-02-21T05:29:25.555Z] GET /api/sandbox/environment
[2026-02-21T05:29:25.555Z] GET /api/task-creation/sessions
[2026-02-21T05:29:29.566Z] GET /api/task-creation/sessions/93d383a3-a923-4100-a3ae-da501cfcafad
[2026-02-21T05:29:29.567Z] GET /api/task-creation/sessions/93d383a3-a923-4100-a3ae-da501cfcafad/messages
[2026-02-21T05:29:29.567Z] GET /api/task-creation/sessions/93d383a3-a923-4100-a3ae-da501cfcafad/intent
[2026-02-21T05:29:29.568Z] GET /api/task-creation/sessions/93d383a3-a923-4100-a3ae-da501cfcafad/task-description
[2026-02-21T05:29:29.568Z] GET /api/task-creation/sessions/93d383a3-a923-4100-a3ae-da501cfcafad/execution-plan
[2026-02-21T05:29:29.568Z] GET /api/sandbox/environment
[2026-02-21T05:29:29.569Z] GET /api/task-creation/sessions
[WebSocket] 发送消息 to client_1771651740204_gh3vsva96: agent_message
[WebSocket] 发送消息 to client_1771651740204_gh3vsva96: status_update
[2026-02-21T05:29:33.554Z] GET /api/task-creation/sessions/93d383a3-a923-4100-a3ae-da501cfcafad
[2026-02-21T05:29:33.555Z] GET /api/task-creation/sessions/93d383a3-a923-4100-a3ae-da501cfcafad/messages
[2026-02-21T05:29:33.555Z] GET /api/task-creation/sessions/93d383a3-a923-4100-a3ae-da501cfcafad/intent
[2026-02-21T05:29:33.555Z] GET /api/task-creation/sessions/93d383a3-a923-4100-a3ae-da501cfcafad/task-description
[2026-02-21T05:29:33.556Z] GET /api/sandbox/environment
[2026-02-21T05:29:33.556Z] GET /api/task-creation/sessions/93d383a3-a923-4100-a3ae-da501cfcafad/execution-plan
[2026-02-21T05:29:33.556Z] GET /api/task-creation/sessions
[2026-02-21T05:29:37.558Z] GET /api/task-creation/sessions/93d383a3-a923-4100-a3ae-da501cfcafad
[2026-02-21T05:29:37.558Z] GET /api/task-creation/sessions/93d383a3-a923-4100-a3ae-da501cfcafad/intent
[2026-02-21T05:29:37.559Z] GET /api/task-creation/sessions/93d383a3-a923-4100-a3ae-da501cfcafad/messages
[2026-02-21T05:29:37.559Z] GET /api/task-creation/sessions/93d383a3-a923-4100-a3ae-da501cfcafad/task-description
[2026-02-21T05:29:37.559Z] GET /api/task-creation/sessions/93d383a3-a923-4100-a3ae-da501cfcafad/execution-plan
[2026-02-21T05:29:37.560Z] GET /api/sandbox/environment
[2026-02-21T05:29:37.560Z] GET /api/task-creation/sessions
✅ 数据库连接成功
[2026-02-21T05:29:41.565Z] GET /api/task-creation/sessions/93d383a3-a923-4100-a3ae-da501cfcafad/messages
[2026-02-21T05:29:41.566Z] GET /api/task-creation/sessions/93d383a3-a923-4100-a3ae-da501cfcafad
[2026-02-21T05:29:41.566Z] GET /api/task-creation/sessions/93d383a3-a923-4100-a3ae-da501cfcafad/intent
[2026-02-21T05:29:41.567Z] GET /api/task-creation/sessions/93d383a3-a923-4100-a3ae-da501cfcafad/task-description
[2026-02-21T05:29:41.567Z] GET /api/task-creation/sessions/93d383a3-a923-4100-a3ae-da501cfcafad/execution-plan
[2026-02-21T05:29:41.567Z] GET /api/sandbox/environment
[2026-02-21T05:29:41.568Z] GET /api/task-creation/sessions
[2026-02-21T05:29:45.562Z] GET /api/task-creation/sessions/93d383a3-a923-4100-a3ae-da501cfcafad
[2026-02-21T05:29:45.563Z] GET /api/task-creation/sessions/93d383a3-a923-4100-a3ae-da501cfcafad/messages
[2026-02-21T05:29:45.563Z] GET /api/task-creation/sessions/93d383a3-a923-4100-a3ae-da501cfcafad/intent
[2026-02-21T05:29:45.564Z] GET /api/task-creation/sessions/93d383a3-a923-4100-a3ae-da501cfcafad/task-description
[2026-02-21T05:29:45.564Z] GET /api/task-creation/sessions/93d383a3-a923-4100-a3ae-da501cfcafad/execution-plan
[2026-02-21T05:29:45.564Z] GET /api/sandbox/environment
[2026-02-21T05:29:45.565Z] GET /api/task-creation/sessions
[2026-02-21T05:29:49.564Z] GET /api/task-creation/sessions/93d383a3-a923-4100-a3ae-da501cfcafad
[2026-02-21T05:29:49.565Z] GET /api/task-creation/sessions/93d383a3-a923-4100-a3ae-da501cfcafad/messages
[2026-02-21T05:29:49.565Z] GET /api/task-creation/sessions/93d383a3-a923-4100-a3ae-da501cfcafad/intent
[2026-02-21T05:29:49.566Z] GET /api/task-creation/sessions/93d383a3-a923-4100-a3ae-da501cfcafad/task-description
[2026-02-21T05:29:49.567Z] GET /api/task-creation/sessions/93d383a3-a923-4100-a3ae-da501cfcafad/execution-plan
[2026-02-21T05:29:49.567Z] GET /api/task-creation/sessions
[2026-02-21T05:29:49.567Z] GET /api/sandbox/environment
[2026-02-21T05:29:53.562Z] GET /api/task-creation/sessions/93d383a3-a923-4100-a3ae-da501cfcafad
[2026-02-21T05:29:53.563Z] GET /api/task-creation/sessions/93d383a3-a923-4100-a3ae-da501cfcafad/messages
[2026-02-21T05:29:53.563Z] GET /api/task-creation/sessions/93d383a3-a923-4100-a3ae-da501cfcafad/intent
[2026-02-21T05:29:53.564Z] GET /api/task-creation/sessions/93d383a3-a923-4100-a3ae-da501cfcafad/execution-plan
[2026-02-21T05:29:53.564Z] GET /api/task-creation/sessions/93d383a3-a923-4100-a3ae-da501cfcafad/task-description
[2026-02-21T05:29:53.564Z] GET /api/sandbox/environment
[2026-02-21T05:29:53.565Z] GET /api/task-creation/sessions
✅ 数据库连接成功
[2026-02-21T05:29:57.559Z] GET /api/task-creation/sessions/93d383a3-a923-4100-a3ae-da501cfcafad
[2026-02-21T05:29:57.560Z] GET /api/task-creation/sessions/93d383a3-a923-4100-a3ae-da501cfcafad/messages
[2026-02-21T05:29:57.560Z] GET /api/task-creation/sessions/93d383a3-a923-4100-a3ae-da501cfcafad/intent
[2026-02-21T05:29:57.561Z] GET /api/task-creation/sessions/93d383a3-a923-4100-a3ae-da501cfcafad/task-description
[2026-02-21T05:29:57.561Z] GET /api/task-creation/sessions/93d383a3-a923-4100-a3ae-da501cfcafad/execution-plan
[2026-02-21T05:29:57.561Z] GET /api/sandbox/environment
[2026-02-21T05:29:57.562Z] GET /api/task-creation/sessions
[2026-02-21T05:30:01.556Z] GET /api/task-creation/sessions/93d383a3-a923-4100-a3ae-da501cfcafad
[2026-02-21T05:30:01.557Z] GET /api/task-creation/sessions/93d383a3-a923-4100-a3ae-da501cfcafad/messages
[2026-02-21T05:30:01.557Z] GET /api/task-creation/sessions/93d383a3-a923-4100-a3ae-da501cfcafad/intent
[2026-02-21T05:30:01.557Z] GET /api/task-creation/sessions/93d383a3-a923-4100-a3ae-da501cfcafad/task-description
[2026-02-21T05:30:01.558Z] GET /api/task-creation/sessions/93d383a3-a923-4100-a3ae-da501cfcafad/execution-plan
[2026-02-21T05:30:01.558Z] GET /api/sandbox/environment
[2026-02-21T05:30:01.558Z] GET /api/task-creation/sessions
[2026-02-21T05:30:05.552Z] GET /api/task-creation/sessions/93d383a3-a923-4100-a3ae-da501cfcafad
[2026-02-21T05:30:05.553Z] GET /api/task-creation/sessions/93d383a3-a923-4100-a3ae-da501cfcafad/messages
[2026-02-21T05:30:05.553Z] GET /api/task-creation/sessions/93d383a3-a923-4100-a3ae-da501cfcafad/intent
[2026-02-21T05:30:05.554Z] GET /api/task-creation/sessions/93d383a3-a923-4100-a3ae-da501cfcafad/task-description
[2026-02-21T05:30:05.554Z] GET /api/task-creation/sessions/93d383a3-a923-4100-a3ae-da501cfcafad/execution-plan
[2026-02-21T05:30:05.555Z] GET /api/sandbox/environment
[2026-02-21T05:30:05.555Z] GET /api/task-creation/sessions
[2026-02-21T05:30:09.009Z] GET /api/task-creation/sessions
[2026-02-21T05:30:09.559Z] GET /api/task-creation/sessions/93d383a3-a923-4100-a3ae-da501cfcafad
[2026-02-21T05:30:09.560Z] GET /api/task-creation/sessions/93d383a3-a923-4100-a3ae-da501cfcafad/messages
[2026-02-21T05:30:09.560Z] GET /api/task-creation/sessions/93d383a3-a923-4100-a3ae-da501cfcafad/intent
[2026-02-21T05:30:09.560Z] GET /api/task-creation/sessions/93d383a3-a923-4100-a3ae-da501cfcafad/execution-plan
[2026-02-21T05:30:09.561Z] GET /api/task-creation/sessions/93d383a3-a923-4100-a3ae-da501cfcafad/task-description
[2026-02-21T05:30:09.561Z] GET /api/sandbox/environment
[2026-02-21T05:30:09.561Z] GET /api/task-creation/sessions
✅ 数据库连接成功
[TaskCreationService] 执行计划生成完成
[TaskCreationService] 执行计划已保存到数据库
[WebSocket] 发送消息 to client_1771651740204_gh3vsva96: plan_generated
[WebSocket] 发送消息 to client_1771651740204_gh3vsva96: status_update
[WebSocket] 发送消息 to client_1771651740204_gh3vsva96: status_update
[OSAC_AUDIT] {"action":"GET_SESSION_LIST","at":"2026-02-21T05:30:10.410Z","sessionId":"sess_35ff684915754d7c"}
[2026-02-21T05:30:13.554Z] GET /api/task-creation/sessions/93d383a3-a923-4100-a3ae-da501cfcafad
[2026-02-21T05:30:13.555Z] GET /api/task-creation/sessions/93d383a3-a923-4100-a3ae-da501cfcafad/messages
[2026-02-21T05:30:13.555Z] GET /api/task-creation/sessions/93d383a3-a923-4100-a3ae-da501cfcafad/intent
[2026-02-21T05:30:13.555Z] GET /api/task-creation/sessions/93d383a3-a923-4100-a3ae-da501cfcafad/task-description
[2026-02-21T05:30:13.556Z] GET /api/task-creation/sessions/93d383a3-a923-4100-a3ae-da501cfcafad/execution-plan
[2026-02-21T05:30:13.556Z] GET /api/sandbox/environment
[2026-02-21T05:30:13.556Z] GET /api/task-creation/sessions
[2026-02-21T05:30:17.554Z] GET /api/task-creation/sessions/93d383a3-a923-4100-a3ae-da501cfcafad
[2026-02-21T05:30:17.555Z] GET /api/task-creation/sessions/93d383a3-a923-4100-a3ae-da501cfcafad/messages
[2026-02-21T05:30:17.555Z] GET /api/task-creation/sessions/93d383a3-a923-4100-a3ae-da501cfcafad/intent
[2026-02-21T05:30:17.555Z] GET /api/task-creation/sessions/93d383a3-a923-4100-a3ae-da501cfcafad/task-description
[2026-02-21T05:30:17.556Z] GET /api/task-creation/sessions/93d383a3-a923-4100-a3ae-da501cfcafad/execution-plan
[2026-02-21T05:30:17.556Z] GET /api/sandbox/environment
[2026-02-21T05:30:17.556Z] GET /api/task-creation/sessions
[2026-02-21T05:30:21.568Z] GET /api/task-creation/sessions/93d383a3-a923-4100-a3ae-da501cfcafad
[2026-02-21T05:30:21.569Z] GET /api/task-creation/sessions/93d383a3-a923-4100-a3ae-da501cfcafad/messages
[2026-02-21T05:30:21.569Z] GET /api/task-creation/sessions/93d383a3-a923-4100-a3ae-da501cfcafad/intent
[2026-02-21T05:30:21.570Z] GET /api/task-creation/sessions/93d383a3-a923-4100-a3ae-da501cfcafad/task-description
[2026-02-21T05:30:21.570Z] GET /api/task-creation/sessions/93d383a3-a923-4100-a3ae-da501cfcafad/execution-plan
[2026-02-21T05:30:21.571Z] GET /api/task-creation/sessions
[2026-02-21T05:30:21.571Z] GET /api/sandbox/environment
[2026-02-21T05:30:25.565Z] GET /api/task-creation/sessions/93d383a3-a923-4100-a3ae-da501cfcafad
[2026-02-21T05:30:25.565Z] GET /api/task-creation/sessions/93d383a3-a923-4100-a3ae-da501cfcafad/messages
[2026-02-21T05:30:25.566Z] GET /api/task-creation/sessions/93d383a3-a923-4100-a3ae-da501cfcafad/intent
[2026-02-21T05:30:25.566Z] GET /api/task-creation/sessions/93d383a3-a923-4100-a3ae-da501cfcafad/execution-plan
[2026-02-21T05:30:25.567Z] GET /api/task-creation/sessions/93d383a3-a923-4100-a3ae-da501cfcafad/task-description
[2026-02-21T05:30:25.567Z] GET /api/sandbox/environment
[2026-02-21T05:30:25.567Z] GET /api/task-creation/sessions
✅ 数据库连接成功
[2026-02-21T05:30:29.554Z] GET /api/task-creation/sessions/93d383a3-a923-4100-a3ae-da501cfcafad/messages
[2026-02-21T05:30:29.555Z] GET /api/task-creation/sessions/93d383a3-a923-4100-a3ae-da501cfcafad
[2026-02-21T05:30:29.555Z] GET /api/task-creation/sessions/93d383a3-a923-4100-a3ae-da501cfcafad/intent
[2026-02-21T05:30:29.555Z] GET /api/task-creation/sessions/93d383a3-a923-4100-a3ae-da501cfcafad/task-description
[2026-02-21T05:30:29.556Z] GET /api/task-creation/sessions/93d383a3-a923-4100-a3ae-da501cfcafad/execution-plan
[2026-02-21T05:30:29.556Z] GET /api/sandbox/environment
[2026-02-21T05:30:29.556Z] GET /api/task-creation/sessions
[OSAC_AUDIT] {"action":"GET_SESSION_LIST","at":"2026-02-21T05:30:31.967Z","sessionId":"sess_35ff684915754d7c"}
[2026-02-21T05:30:33.565Z] GET /api/task-creation/sessions/93d383a3-a923-4100-a3ae-da501cfcafad/messages
[2026-02-21T05:30:33.566Z] GET /api/task-creation/sessions/93d383a3-a923-4100-a3ae-da501cfcafad
[2026-02-21T05:30:33.566Z] GET /api/task-creation/sessions/93d383a3-a923-4100-a3ae-da501cfcafad/intent
[2026-02-21T05:30:33.567Z] GET /api/task-creation/sessions/93d383a3-a923-4100-a3ae-da501cfcafad/task-description
[2026-02-21T05:30:33.567Z] GET /api/task-creation/sessions/93d383a3-a923-4100-a3ae-da501cfcafad/execution-plan
[2026-02-21T05:30:33.567Z] GET /api/sandbox/environment
[2026-02-21T05:30:33.568Z] GET /api/task-creation/sessions
[2026-02-21T05:30:37.566Z] GET /api/task-creation/sessions/93d383a3-a923-4100-a3ae-da501cfcafad
[2026-02-21T05:30:37.566Z] GET /api/task-creation/sessions/93d383a3-a923-4100-a3ae-da501cfcafad/messages
[2026-02-21T05:30:37.566Z] GET /api/task-creation/sessions/93d383a3-a923-4100-a3ae-da501cfcafad/intent
[2026-02-21T05:30:37.567Z] GET /api/task-creation/sessions/93d383a3-a923-4100-a3ae-da501cfcafad/task-description
[2026-02-21T05:30:37.567Z] GET /api/task-creation/sessions/93d383a3-a923-4100-a3ae-da501cfcafad/execution-plan
[2026-02-21T05:30:37.568Z] GET /api/sandbox/environment
[2026-02-21T05:30:37.568Z] GET /api/task-creation/sessions
[2026-02-21T05:30:41.556Z] GET /api/task-creation/sessions/93d383a3-a923-4100-a3ae-da501cfcafad/messages
[2026-02-21T05:30:41.556Z] GET /api/task-creation/sessions/93d383a3-a923-4100-a3ae-da501cfcafad
[2026-02-21T05:30:41.556Z] GET /api/task-creation/sessions/93d383a3-a923-4100-a3ae-da501cfcafad/intent
[2026-02-21T05:30:41.557Z] GET /api/task-creation/sessions/93d383a3-a923-4100-a3ae-da501cfcafad/task-description
[2026-02-21T05:30:41.557Z] GET /api/task-creation/sessions/93d383a3-a923-4100-a3ae-da501cfcafad/execution-plan
[2026-02-21T05:30:41.557Z] GET /api/sandbox/environment
[2026-02-21T05:30:41.557Z] GET /api/task-creation/sessions
✅ 数据库连接成功
[2026-02-21T05:30:45.562Z] GET /api/task-creation/sessions/93d383a3-a923-4100-a3ae-da501cfcafad
[2026-02-21T05:30:45.563Z] GET /api/task-creation/sessions/93d383a3-a923-4100-a3ae-da501cfcafad/messages
[2026-02-21T05:30:45.564Z] GET /api/task-creation/sessions/93d383a3-a923-4100-a3ae-da501cfcafad/intent
[2026-02-21T05:30:45.564Z] GET /api/task-creation/sessions/93d383a3-a923-4100-a3ae-da501cfcafad/task-description
[2026-02-21T05:30:45.565Z] GET /api/task-creation/sessions/93d383a3-a923-4100-a3ae-da501cfcafad/execution-plan
[2026-02-21T05:30:45.565Z] GET /api/task-creation/sessions
[2026-02-21T05:30:45.565Z] GET /api/sandbox/environment
[2026-02-21T05:30:49.561Z] GET /api/task-creation/sessions/93d383a3-a923-4100-a3ae-da501cfcafad
[2026-02-21T05:30:49.562Z] GET /api/task-creation/sessions/93d383a3-a923-4100-a3ae-da501cfcafad/messages
[2026-02-21T05:30:49.562Z] GET /api/task-creation/sessions/93d383a3-a923-4100-a3ae-da501cfcafad/intent
[2026-02-21T05:30:49.563Z] GET /api/task-creation/sessions/93d383a3-a923-4100-a3ae-da501cfcafad/task-description
[2026-02-21T05:30:49.563Z] GET /api/task-creation/sessions/93d383a3-a923-4100-a3ae-da501cfcafad/execution-plan
[2026-02-21T05:30:49.563Z] GET /api/sandbox/environment
[2026-02-21T05:30:49.564Z] GET /api/task-creation/sessions
[OSAC_AUDIT] {"action":"GET_SESSION_LIST","at":"2026-02-21T05:30:53.532Z","sessionId":"sess_35ff684915754d7c"}
[2026-02-21T05:30:53.563Z] GET /api/task-creation/sessions/93d383a3-a923-4100-a3ae-da501cfcafad
[2026-02-21T05:30:53.563Z] GET /api/task-creation/sessions/93d383a3-a923-4100-a3ae-da501cfcafad/messages
[2026-02-21T05:30:53.563Z] GET /api/task-creation/sessions/93d383a3-a923-4100-a3ae-da501cfcafad/intent
[2026-02-21T05:30:53.564Z] GET /api/task-creation/sessions/93d383a3-a923-4100-a3ae-da501cfcafad/task-description
[2026-02-21T05:30:53.564Z] GET /api/task-creation/sessions/93d383a3-a923-4100-a3ae-da501cfcafad/execution-plan
[2026-02-21T05:30:53.565Z] GET /api/sandbox/environment
[2026-02-21T05:30:53.565Z] GET /api/task-creation/sessions
[2026-02-21T05:30:57.563Z] GET /api/task-creation/sessions/93d383a3-a923-4100-a3ae-da501cfcafad
[2026-02-21T05:30:57.564Z] GET /api/task-creation/sessions/93d383a3-a923-4100-a3ae-da501cfcafad/intent
[2026-02-21T05:30:57.565Z] GET /api/task-creation/sessions/93d383a3-a923-4100-a3ae-da501cfcafad/messages
[2026-02-21T05:30:57.565Z] GET /api/task-creation/sessions/93d383a3-a923-4100-a3ae-da501cfcafad/task-description
[2026-02-21T05:30:57.565Z] GET /api/sandbox/environment
[2026-02-21T05:30:57.565Z] GET /api/task-creation/sessions/93d383a3-a923-4100-a3ae-da501cfcafad/execution-plan
[2026-02-21T05:30:57.565Z] GET /api/task-creation/sessions
✅ 数据库连接成功
[2026-02-21T05:31:01.565Z] GET /api/task-creation/sessions/93d383a3-a923-4100-a3ae-da501cfcafad
[2026-02-21T05:31:01.566Z] GET /api/task-creation/sessions/93d383a3-a923-4100-a3ae-da501cfcafad/intent
[2026-02-21T05:31:01.567Z] GET /api/task-creation/sessions/93d383a3-a923-4100-a3ae-da501cfcafad/messages
[2026-02-21T05:31:01.567Z] GET /api/task-creation/sessions/93d383a3-a923-4100-a3ae-da501cfcafad/task-description
[2026-02-21T05:31:01.568Z] GET /api/task-creation/sessions/93d383a3-a923-4100-a3ae-da501cfcafad/execution-plan
[2026-02-21T05:31:01.568Z] GET /api/sandbox/environment
[2026-02-21T05:31:01.568Z] GET /api/task-creation/sessions
[2026-02-21T05:31:05.565Z] GET /api/task-creation/sessions/93d383a3-a923-4100-a3ae-da501cfcafad
[2026-02-21T05:31:05.566Z] GET /api/task-creation/sessions/93d383a3-a923-4100-a3ae-da501cfcafad/messages
[2026-02-21T05:31:05.566Z] GET /api/task-creation/sessions/93d383a3-a923-4100-a3ae-da501cfcafad/intent
[2026-02-21T05:31:05.567Z] GET /api/task-creation/sessions/93d383a3-a923-4100-a3ae-da501cfcafad/execution-plan
[2026-02-21T05:31:05.567Z] GET /api/task-creation/sessions/93d383a3-a923-4100-a3ae-da501cfcafad/task-description
[2026-02-21T05:31:05.567Z] GET /api/task-creation/sessions
[2026-02-21T05:31:05.568Z] GET /api/sandbox/environment
[2026-02-21T05:31:08.999Z] GET /api/task-creation/sessions
[2026-02-21T05:31:09.562Z] GET /api/task-creation/sessions/93d383a3-a923-4100-a3ae-da501cfcafad
[2026-02-21T05:31:09.562Z] GET /api/task-creation/sessions/93d383a3-a923-4100-a3ae-da501cfcafad/messages
[2026-02-21T05:31:09.563Z] GET /api/task-creation/sessions/93d383a3-a923-4100-a3ae-da501cfcafad/intent
[2026-02-21T05:31:09.563Z] GET /api/task-creation/sessions/93d383a3-a923-4100-a3ae-da501cfcafad/task-description
[2026-02-21T05:31:09.563Z] GET /api/task-creation/sessions/93d383a3-a923-4100-a3ae-da501cfcafad/execution-plan
[2026-02-21T05:31:09.564Z] GET /api/sandbox/environment
[2026-02-21T05:31:09.564Z] GET /api/task-creation/sessions
[2026-02-21T05:31:13.565Z] GET /api/task-creation/sessions/93d383a3-a923-4100-a3ae-da501cfcafad
[2026-02-21T05:31:13.565Z] GET /api/task-creation/sessions/93d383a3-a923-4100-a3ae-da501cfcafad/messages
[2026-02-21T05:31:13.566Z] GET /api/task-creation/sessions/93d383a3-a923-4100-a3ae-da501cfcafad/intent
[2026-02-21T05:31:13.566Z] GET /api/task-creation/sessions/93d383a3-a923-4100-a3ae-da501cfcafad/task-description
[2026-02-21T05:31:13.567Z] GET /api/task-creation/sessions/93d383a3-a923-4100-a3ae-da501cfcafad/execution-plan
[2026-02-21T05:31:13.567Z] GET /api/sandbox/environment
[2026-02-21T05:31:13.567Z] GET /api/task-creation/sessions
✅ 数据库连接成功
[OSAC_AUDIT] {"action":"GET_SESSION_LIST","at":"2026-02-21T05:31:16.458Z","sessionId":"sess_35ff684915754d7c"}
[2026-02-21T05:31:17.563Z] GET /api/task-creation/sessions/93d383a3-a923-4100-a3ae-da501cfcafad
[2026-02-21T05:31:17.563Z] GET /api/task-creation/sessions/93d383a3-a923-4100-a3ae-da501cfcafad/intent
[2026-02-21T05:31:17.564Z] GET /api/task-creation/sessions/93d383a3-a923-4100-a3ae-da501cfcafad/messages
[2026-02-21T05:31:17.564Z] GET /api/task-creation/sessions/93d383a3-a923-4100-a3ae-da501cfcafad/task-description
[2026-02-21T05:31:17.564Z] GET /api/task-creation/sessions/93d383a3-a923-4100-a3ae-da501cfcafad/execution-plan
[2026-02-21T05:31:17.565Z] GET /api/sandbox/environment
[2026-02-21T05:31:17.565Z] GET /api/task-creation/sessions
[2026-02-21T05:31:21.564Z] GET /api/task-creation/sessions/93d383a3-a923-4100-a3ae-da501cfcafad/messages
[2026-02-21T05:31:21.564Z] GET /api/task-creation/sessions/93d383a3-a923-4100-a3ae-da501cfcafad
[2026-02-21T05:31:21.564Z] GET /api/task-creation/sessions/93d383a3-a923-4100-a3ae-da501cfcafad/intent
[2026-02-21T05:31:21.565Z] GET /api/task-creation/sessions/93d383a3-a923-4100-a3ae-da501cfcafad/task-description
[2026-02-21T05:31:21.565Z] GET /api/task-creation/sessions/93d383a3-a923-4100-a3ae-da501cfcafad/execution-plan
[2026-02-21T05:31:21.565Z] GET /api/sandbox/environment
[2026-02-21T05:31:21.566Z] GET /api/task-creation/sessions
[2026-02-21T05:31:25.564Z] GET /api/task-creation/sessions/93d383a3-a923-4100-a3ae-da501cfcafad
[2026-02-21T05:31:25.565Z] GET /api/task-creation/sessions/93d383a3-a923-4100-a3ae-da501cfcafad/messages
[2026-02-21T05:31:25.565Z] GET /api/task-creation/sessions/93d383a3-a923-4100-a3ae-da501cfcafad/intent
[2026-02-21T05:31:25.565Z] GET /api/task-creation/sessions/93d383a3-a923-4100-a3ae-da501cfcafad/task-description
[2026-02-21T05:31:25.565Z] GET /api/task-creation/sessions/93d383a3-a923-4100-a3ae-da501cfcafad/execution-plan
[2026-02-21T05:31:25.566Z] GET /api/sandbox/environment
[2026-02-21T05:31:25.566Z] GET /api/task-creation/sessions
[2026-02-21T05:31:29.563Z] GET /api/task-creation/sessions/93d383a3-a923-4100-a3ae-da501cfcafad
[2026-02-21T05:31:29.564Z] GET /api/task-creation/sessions/93d383a3-a923-4100-a3ae-da501cfcafad/messages
[2026-02-21T05:31:29.564Z] GET /api/task-creation/sessions/93d383a3-a923-4100-a3ae-da501cfcafad/intent
[2026-02-21T05:31:29.565Z] GET /api/task-creation/sessions/93d383a3-a923-4100-a3ae-da501cfcafad/task-description
[2026-02-21T05:31:29.565Z] GET /api/task-creation/sessions/93d383a3-a923-4100-a3ae-da501cfcafad/execution-plan
[2026-02-21T05:31:29.565Z] GET /api/sandbox/environment
[2026-02-21T05:31:29.565Z] GET /api/task-creation/sessions
✅ 数据库连接成功
[2026-02-21T05:31:33.565Z] GET /api/task-creation/sessions/93d383a3-a923-4100-a3ae-da501cfcafad
[2026-02-21T05:31:33.566Z] GET /api/task-creation/sessions/93d383a3-a923-4100-a3ae-da501cfcafad/messages
[2026-02-21T05:31:33.566Z] GET /api/task-creation/sessions/93d383a3-a923-4100-a3ae-da501cfcafad/task-description
[2026-02-21T05:31:33.567Z] GET /api/task-creation/sessions/93d383a3-a923-4100-a3ae-da501cfcafad/intent
[2026-02-21T05:31:33.567Z] GET /api/task-creation/sessions/93d383a3-a923-4100-a3ae-da501cfcafad/execution-plan
[2026-02-21T05:31:33.567Z] GET /api/sandbox/environment
[2026-02-21T05:31:33.568Z] GET /api/task-creation/sessions
[2026-02-21T05:31:37.566Z] GET /api/task-creation/sessions/93d383a3-a923-4100-a3ae-da501cfcafad
[2026-02-21T05:31:37.567Z] GET /api/task-creation/sessions/93d383a3-a923-4100-a3ae-da501cfcafad/messages
[2026-02-21T05:31:37.567Z] GET /api/task-creation/sessions/93d383a3-a923-4100-a3ae-da501cfcafad/intent
[2026-02-21T05:31:37.567Z] GET /api/task-creation/sessions/93d383a3-a923-4100-a3ae-da501cfcafad/task-description
[2026-02-21T05:31:37.567Z] GET /api/task-creation/sessions/93d383a3-a923-4100-a3ae-da501cfcafad/execution-plan
[2026-02-21T05:31:37.568Z] GET /api/task-creation/sessions
[2026-02-21T05:31:37.568Z] GET /api/sandbox/environment
[OSAC_AUDIT] {"action":"GET_SESSION_LIST","at":"2026-02-21T05:31:38.013Z","sessionId":"sess_35ff684915754d7c"}
[2026-02-21T05:31:41.566Z] GET /api/task-creation/sessions/93d383a3-a923-4100-a3ae-da501cfcafad
[2026-02-21T05:31:41.567Z] GET /api/task-creation/sessions/93d383a3-a923-4100-a3ae-da501cfcafad/messages
[2026-02-21T05:31:41.567Z] GET /api/task-creation/sessions/93d383a3-a923-4100-a3ae-da501cfcafad/intent
[2026-02-21T05:31:41.567Z] GET /api/task-creation/sessions/93d383a3-a923-4100-a3ae-da501cfcafad/task-description
[2026-02-21T05:31:41.567Z] GET /api/task-creation/sessions/93d383a3-a923-4100-a3ae-da501cfcafad/execution-plan
[2026-02-21T05:31:41.568Z] GET /api/sandbox/environment
[2026-02-21T05:31:41.569Z] GET /api/task-creation/sessions
[2026-02-21T05:31:45.553Z] GET /api/task-creation/sessions/93d383a3-a923-4100-a3ae-da501cfcafad
[2026-02-21T05:31:45.553Z] GET /api/task-creation/sessions/93d383a3-a923-4100-a3ae-da501cfcafad/intent
[2026-02-21T05:31:45.554Z] GET /api/task-creation/sessions/93d383a3-a923-4100-a3ae-da501cfcafad/messages
[2026-02-21T05:31:45.554Z] GET /api/task-creation/sessions/93d383a3-a923-4100-a3ae-da501cfcafad/task-description
[2026-02-21T05:31:45.554Z] GET /api/task-creation/sessions/93d383a3-a923-4100-a3ae-da501cfcafad/execution-plan
[2026-02-21T05:31:45.555Z] GET /api/sandbox/environment
[2026-02-21T05:31:45.555Z] GET /api/task-creation/sessions
✅ 数据库连接成功
[2026-02-21T05:31:49.553Z] GET /api/task-creation/sessions/93d383a3-a923-4100-a3ae-da501cfcafad
[2026-02-21T05:31:49.554Z] GET /api/task-creation/sessions/93d383a3-a923-4100-a3ae-da501cfcafad/intent
[2026-02-21T05:31:49.555Z] GET /api/task-creation/sessions/93d383a3-a923-4100-a3ae-da501cfcafad/messages
[2026-02-21T05:31:49.555Z] GET /api/task-creation/sessions/93d383a3-a923-4100-a3ae-da501cfcafad/task-description
[2026-02-21T05:31:49.555Z] GET /api/task-creation/sessions/93d383a3-a923-4100-a3ae-da501cfcafad/execution-plan
[2026-02-21T05:31:49.556Z] GET /api/sandbox/environment
[2026-02-21T05:31:49.556Z] GET /api/task-creation/sessions
[2026-02-21T05:31:53.558Z] GET /api/task-creation/sessions/93d383a3-a923-4100-a3ae-da501cfcafad
[2026-02-21T05:31:53.558Z] GET /api/task-creation/sessions/93d383a3-a923-4100-a3ae-da501cfcafad/messages
[2026-02-21T05:31:53.559Z] GET /api/task-creation/sessions/93d383a3-a923-4100-a3ae-da501cfcafad/intent
[2026-02-21T05:31:53.559Z] GET /api/task-creation/sessions/93d383a3-a923-4100-a3ae-da501cfcafad/execution-plan
[2026-02-21T05:31:53.559Z] GET /api/task-creation/sessions/93d383a3-a923-4100-a3ae-da501cfcafad/task-description
[2026-02-21T05:31:53.560Z] GET /api/task-creation/sessions
[2026-02-21T05:31:53.560Z] GET /api/sandbox/environment
[2026-02-21T05:31:57.565Z] GET /api/task-creation/sessions/93d383a3-a923-4100-a3ae-da501cfcafad
[2026-02-21T05:31:57.565Z] GET /api/task-creation/sessions/93d383a3-a923-4100-a3ae-da501cfcafad/messages
[2026-02-21T05:31:57.565Z] GET /api/task-creation/sessions/93d383a3-a923-4100-a3ae-da501cfcafad/intent
[2026-02-21T05:31:57.566Z] GET /api/task-creation/sessions/93d383a3-a923-4100-a3ae-da501cfcafad/task-description
[2026-02-21T05:31:57.566Z] GET /api/task-creation/sessions/93d383a3-a923-4100-a3ae-da501cfcafad/execution-plan
[2026-02-21T05:31:57.566Z] GET /api/sandbox/environment
[2026-02-21T05:31:57.567Z] GET /api/task-creation/sessions
[OSAC_AUDIT] {"action":"GET_SESSION_LIST","at":"2026-02-21T05:31:59.579Z","sessionId":"sess_35ff684915754d7c"}
[2026-02-21T05:32:01.552Z] GET /api/task-creation/sessions/93d383a3-a923-4100-a3ae-da501cfcafad
[2026-02-21T05:32:01.553Z] GET /api/task-creation/sessions/93d383a3-a923-4100-a3ae-da501cfcafad/messages
[2026-02-21T05:32:01.553Z] GET /api/task-creation/sessions/93d383a3-a923-4100-a3ae-da501cfcafad/intent
[2026-02-21T05:32:01.553Z] GET /api/task-creation/sessions/93d383a3-a923-4100-a3ae-da501cfcafad/task-description
[2026-02-21T05:32:01.553Z] GET /api/task-creation/sessions/93d383a3-a923-4100-a3ae-da501cfcafad/execution-plan
[2026-02-21T05:32:01.554Z] GET /api/sandbox/environment
[2026-02-21T05:32:01.554Z] GET /api/task-creation/sessions
✅ 数据库连接成功
[2026-02-21T05:32:05.559Z] GET /api/task-creation/sessions/93d383a3-a923-4100-a3ae-da501cfcafad
[2026-02-21T05:32:05.560Z] GET /api/task-creation/sessions/93d383a3-a923-4100-a3ae-da501cfcafad/messages
[2026-02-21T05:32:05.560Z] GET /api/task-creation/sessions/93d383a3-a923-4100-a3ae-da501cfcafad/intent
[2026-02-21T05:32:05.560Z] GET /api/task-creation/sessions/93d383a3-a923-4100-a3ae-da501cfcafad/task-description
[2026-02-21T05:32:05.561Z] GET /api/task-creation/sessions/93d383a3-a923-4100-a3ae-da501cfcafad/execution-plan
[2026-02-21T05:32:05.561Z] GET /api/sandbox/environment
[2026-02-21T05:32:05.561Z] GET /api/task-creation/sessions
[2026-02-21T05:32:09.006Z] GET /api/task-creation/sessions
[2026-02-21T05:32:09.554Z] GET /api/task-creation/sessions/93d383a3-a923-4100-a3ae-da501cfcafad
[2026-02-21T05:32:09.555Z] GET /api/task-creation/sessions/93d383a3-a923-4100-a3ae-da501cfcafad/messages
[2026-02-21T05:32:09.555Z] GET /api/task-creation/sessions/93d383a3-a923-4100-a3ae-da501cfcafad/intent
[2026-02-21T05:32:09.556Z] GET /api/task-creation/sessions/93d383a3-a923-4100-a3ae-da501cfcafad/execution-plan
[2026-02-21T05:32:09.556Z] GET /api/task-creation/sessions/93d383a3-a923-4100-a3ae-da501cfcafad/task-description
[2026-02-21T05:32:09.556Z] GET /api/sandbox/environment
[2026-02-21T05:32:09.557Z] GET /api/task-creation/sessions
[2026-02-21T05:32:13.566Z] GET /api/task-creation/sessions/93d383a3-a923-4100-a3ae-da501cfcafad
[2026-02-21T05:32:13.566Z] GET /api/task-creation/sessions/93d383a3-a923-4100-a3ae-da501cfcafad/intent
[2026-02-21T05:32:13.567Z] GET /api/task-creation/sessions/93d383a3-a923-4100-a3ae-da501cfcafad/messages
[2026-02-21T05:32:13.567Z] GET /api/task-creation/sessions/93d383a3-a923-4100-a3ae-da501cfcafad/task-description
[2026-02-21T05:32:13.567Z] GET /api/sandbox/environment
[2026-02-21T05:32:13.567Z] GET /api/task-creation/sessions/93d383a3-a923-4100-a3ae-da501cfcafad/execution-plan
[2026-02-21T05:32:13.568Z] GET /api/task-creation/sessions
[WebSocket] 发送消息 to client_1771651740204_gh3vsva96: agent_message
[OSAC_AUDIT] {"action":"OPENCODE_SERVER_ENSURE","at":"2026-02-21T05:32:16.421Z","sessionId":"sess_35ff684915754d7c","workspacePath":"/opt/.altus/opencode/workspaces/9065d819-b996-413e-81a7-0db73249375a"}
[2026-02-21T05:32:17.559Z] GET /api/task-creation/sessions/93d383a3-a923-4100-a3ae-da501cfcafad
[2026-02-21T05:32:17.559Z] GET /api/task-creation/sessions/93d383a3-a923-4100-a3ae-da501cfcafad/messages
[2026-02-21T05:32:17.559Z] GET /api/task-creation/sessions/93d383a3-a923-4100-a3ae-da501cfcafad/intent
[2026-02-21T05:32:17.560Z] GET /api/task-creation/sessions/93d383a3-a923-4100-a3ae-da501cfcafad/task-description
[2026-02-21T05:32:17.560Z] GET /api/task-creation/sessions/93d383a3-a923-4100-a3ae-da501cfcafad/execution-plan
[2026-02-21T05:32:17.560Z] GET /api/sandbox/environment
[2026-02-21T05:32:17.561Z] GET /api/task-creation/sessions
✅ 数据库连接成功
[2026-02-21T05:32:21.556Z] GET /api/task-creation/sessions/93d383a3-a923-4100-a3ae-da501cfcafad
[2026-02-21T05:32:21.556Z] GET /api/task-creation/sessions/93d383a3-a923-4100-a3ae-da501cfcafad/messages
[2026-02-21T05:32:21.556Z] GET /api/task-creation/sessions/93d383a3-a923-4100-a3ae-da501cfcafad/intent
[2026-02-21T05:32:21.557Z] GET /api/task-creation/sessions/93d383a3-a923-4100-a3ae-da501cfcafad/task-description
[2026-02-21T05:32:21.557Z] GET /api/task-creation/sessions/93d383a3-a923-4100-a3ae-da501cfcafad/execution-plan
[2026-02-21T05:32:21.557Z] GET /api/sandbox/environment
[2026-02-21T05:32:21.557Z] GET /api/task-creation/sessions
[2026-02-21T05:32:25.561Z] GET /api/task-creation/sessions/93d383a3-a923-4100-a3ae-da501cfcafad
[2026-02-21T05:32:25.561Z] GET /api/task-creation/sessions/93d383a3-a923-4100-a3ae-da501cfcafad/messages
[2026-02-21T05:32:25.561Z] GET /api/task-creation/sessions/93d383a3-a923-4100-a3ae-da501cfcafad/task-description
[2026-02-21T05:32:25.562Z] GET /api/task-creation/sessions/93d383a3-a923-4100-a3ae-da501cfcafad/intent
[2026-02-21T05:32:25.562Z] GET /api/sandbox/environment
[2026-02-21T05:32:25.563Z] GET /api/task-creation/sessions/93d383a3-a923-4100-a3ae-da501cfcafad/execution-plan
[2026-02-21T05:32:25.563Z] GET /api/task-creation/sessions
[2026-02-21T05:32:29.560Z] GET /api/task-creation/sessions/93d383a3-a923-4100-a3ae-da501cfcafad
[2026-02-21T05:32:29.560Z] GET /api/task-creation/sessions/93d383a3-a923-4100-a3ae-da501cfcafad/messages
[2026-02-21T05:32:29.560Z] GET /api/task-creation/sessions/93d383a3-a923-4100-a3ae-da501cfcafad/intent
[2026-02-21T05:32:29.561Z] GET /api/task-creation/sessions/93d383a3-a923-4100-a3ae-da501cfcafad/task-description
[2026-02-21T05:32:29.561Z] GET /api/task-creation/sessions/93d383a3-a923-4100-a3ae-da501cfcafad/execution-plan
[2026-02-21T05:32:29.561Z] GET /api/sandbox/environment
[2026-02-21T05:32:29.562Z] GET /api/task-creation/sessions
[2026-02-21T05:32:33.561Z] GET /api/task-creation/sessions
[2026-02-21T05:32:33.562Z] GET /api/task-creation/sessions/93d383a3-a923-4100-a3ae-da501cfcafad/messages
[2026-02-21T05:32:33.562Z] GET /api/task-creation/sessions/93d383a3-a923-4100-a3ae-da501cfcafad
[2026-02-21T05:32:33.562Z] GET /api/task-creation/sessions/93d383a3-a923-4100-a3ae-da501cfcafad/task-description
[2026-02-21T05:32:33.563Z] GET /api/task-creation/sessions/93d383a3-a923-4100-a3ae-da501cfcafad/intent
[2026-02-21T05:32:33.563Z] GET /api/task-creation/sessions/93d383a3-a923-4100-a3ae-da501cfcafad/execution-plan
[2026-02-21T05:32:33.563Z] GET /api/sandbox/environment
✅ 数据库连接成功
[WebSocket] 发送消息 to client_1771651740204_gh3vsva96: agent_message
[2026-02-21T05:32:37.564Z] GET /api/task-creation/sessions/93d383a3-a923-4100-a3ae-da501cfcafad
[2026-02-21T05:32:37.564Z] GET /api/task-creation/sessions/93d383a3-a923-4100-a3ae-da501cfcafad/messages
[2026-02-21T05:32:37.565Z] GET /api/task-creation/sessions/93d383a3-a923-4100-a3ae-da501cfcafad/intent
[2026-02-21T05:32:37.565Z] GET /api/task-creation/sessions/93d383a3-a923-4100-a3ae-da501cfcafad/task-description
[2026-02-21T05:32:37.565Z] GET /api/task-creation/sessions/93d383a3-a923-4100-a3ae-da501cfcafad/execution-plan
[2026-02-21T05:32:37.566Z] GET /api/sandbox/environment
[2026-02-21T05:32:37.566Z] GET /api/task-creation/sessions
[OSAC_AUDIT] {"action":"GET_SESSION_LIST","at":"2026-02-21T05:32:38.131Z","sessionId":"sess_35ff684915754d7c"}
[2026-02-21T05:32:41.565Z] GET /api/task-creation/sessions/93d383a3-a923-4100-a3ae-da501cfcafad
[2026-02-21T05:32:41.565Z] GET /api/task-creation/sessions/93d383a3-a923-4100-a3ae-da501cfcafad/messages
[2026-02-21T05:32:41.565Z] GET /api/task-creation/sessions/93d383a3-a923-4100-a3ae-da501cfcafad/intent
[2026-02-21T05:32:41.566Z] GET /api/task-creation/sessions/93d383a3-a923-4100-a3ae-da501cfcafad/task-description
[2026-02-21T05:32:41.566Z] GET /api/task-creation/sessions/93d383a3-a923-4100-a3ae-da501cfcafad/execution-plan
[2026-02-21T05:32:41.566Z] GET /api/sandbox/environment
[2026-02-21T05:32:41.566Z] GET /api/task-creation/sessions
[2026-02-21T05:32:45.561Z] GET /api/task-creation/sessions/93d383a3-a923-4100-a3ae-da501cfcafad
[2026-02-21T05:32:45.562Z] GET /api/task-creation/sessions/93d383a3-a923-4100-a3ae-da501cfcafad/messages
[2026-02-21T05:32:45.562Z] GET /api/task-creation/sessions/93d383a3-a923-4100-a3ae-da501cfcafad/intent
[2026-02-21T05:32:45.562Z] GET /api/task-creation/sessions/93d383a3-a923-4100-a3ae-da501cfcafad/task-description
[2026-02-21T05:32:45.563Z] GET /api/task-creation/sessions/93d383a3-a923-4100-a3ae-da501cfcafad/execution-plan
[2026-02-21T05:32:45.563Z] GET /api/sandbox/environment
[2026-02-21T05:32:45.563Z] GET /api/task-creation/sessions
[2026-02-21T05:32:49.558Z] GET /api/task-creation/sessions/93d383a3-a923-4100-a3ae-da501cfcafad
[2026-02-21T05:32:49.559Z] GET /api/task-creation/sessions/93d383a3-a923-4100-a3ae-da501cfcafad/intent
[2026-02-21T05:32:49.560Z] GET /api/task-creation/sessions/93d383a3-a923-4100-a3ae-da501cfcafad/messages
[2026-02-21T05:32:49.560Z] GET /api/task-creation/sessions/93d383a3-a923-4100-a3ae-da501cfcafad/task-description
[2026-02-21T05:32:49.560Z] GET /api/sandbox/environment
[2026-02-21T05:32:49.560Z] GET /api/task-creation/sessions/93d383a3-a923-4100-a3ae-da501cfcafad/execution-plan
[2026-02-21T05:32:49.560Z] GET /api/task-creation/sessions
✅ 数据库连接成功
[2026-02-21T05:32:53.559Z] GET /api/task-creation/sessions/93d383a3-a923-4100-a3ae-da501cfcafad
[2026-02-21T05:32:53.560Z] GET /api/task-creation/sessions/93d383a3-a923-4100-a3ae-da501cfcafad/messages
[2026-02-21T05:32:53.560Z] GET /api/task-creation/sessions/93d383a3-a923-4100-a3ae-da501cfcafad/intent
[2026-02-21T05:32:53.561Z] GET /api/task-creation/sessions/93d383a3-a923-4100-a3ae-da501cfcafad/task-description
[2026-02-21T05:32:53.561Z] GET /api/task-creation/sessions/93d383a3-a923-4100-a3ae-da501cfcafad/execution-plan
[2026-02-21T05:32:53.562Z] GET /api/task-creation/sessions
[2026-02-21T05:32:53.562Z] GET /api/sandbox/environment
[2026-02-21T05:32:57.564Z] GET /api/task-creation/sessions/93d383a3-a923-4100-a3ae-da501cfcafad
[2026-02-21T05:32:57.565Z] GET /api/task-creation/sessions/93d383a3-a923-4100-a3ae-da501cfcafad/intent
[2026-02-21T05:32:57.565Z] GET /api/task-creation/sessions/93d383a3-a923-4100-a3ae-da501cfcafad/messages
[2026-02-21T05:32:57.565Z] GET /api/task-creation/sessions/93d383a3-a923-4100-a3ae-da501cfcafad/task-description
[2026-02-21T05:32:57.566Z] GET /api/task-creation/sessions/93d383a3-a923-4100-a3ae-da501cfcafad/execution-plan
[2026-02-21T05:32:57.566Z] GET /api/sandbox/environment
[2026-02-21T05:32:57.567Z] GET /api/task-creation/sessions
[OSAC_AUDIT] {"action":"GET_SESSION_LIST","at":"2026-02-21T05:32:59.688Z","sessionId":"sess_35ff684915754d7c"}
[2026-02-21T05:33:01.565Z] GET /api/task-creation/sessions/93d383a3-a923-4100-a3ae-da501cfcafad
[2026-02-21T05:33:01.565Z] GET /api/task-creation/sessions/93d383a3-a923-4100-a3ae-da501cfcafad/messages
[2026-02-21T05:33:01.565Z] GET /api/task-creation/sessions/93d383a3-a923-4100-a3ae-da501cfcafad/intent
[2026-02-21T05:33:01.566Z] GET /api/task-creation/sessions/93d383a3-a923-4100-a3ae-da501cfcafad/task-description
[2026-02-21T05:33:01.566Z] GET /api/task-creation/sessions/93d383a3-a923-4100-a3ae-da501cfcafad/execution-plan
[2026-02-21T05:33:01.567Z] GET /api/sandbox/environment
[2026-02-21T05:33:01.567Z] GET /api/task-creation/sessions
[2026-02-21T05:33:05.557Z] GET /api/task-creation/sessions/93d383a3-a923-4100-a3ae-da501cfcafad
[2026-02-21T05:33:05.557Z] GET /api/task-creation/sessions/93d383a3-a923-4100-a3ae-da501cfcafad/messages
[2026-02-21T05:33:05.557Z] GET /api/task-creation/sessions/93d383a3-a923-4100-a3ae-da501cfcafad/intent
[2026-02-21T05:33:05.558Z] GET /api/task-creation/sessions/93d383a3-a923-4100-a3ae-da501cfcafad/task-description
[2026-02-21T05:33:05.558Z] GET /api/task-creation/sessions/93d383a3-a923-4100-a3ae-da501cfcafad/execution-plan
[2026-02-21T05:33:05.559Z] GET /api/sandbox/environment
[2026-02-21T05:33:05.559Z] GET /api/task-creation/sessions
✅ 数据库连接成功
[2026-02-21T05:33:09.006Z] GET /api/task-creation/sessions
[2026-02-21T05:33:09.566Z] GET /api/task-creation/sessions/93d383a3-a923-4100-a3ae-da501cfcafad/messages
[2026-02-21T05:33:09.567Z] GET /api/task-creation/sessions/93d383a3-a923-4100-a3ae-da501cfcafad
[2026-02-21T05:33:09.567Z] GET /api/task-creation/sessions/93d383a3-a923-4100-a3ae-da501cfcafad/intent
[2026-02-21T05:33:09.568Z] GET /api/task-creation/sessions/93d383a3-a923-4100-a3ae-da501cfcafad/task-description
[2026-02-21T05:33:09.568Z] GET /api/task-creation/sessions/93d383a3-a923-4100-a3ae-da501cfcafad/execution-plan
[2026-02-21T05:33:09.568Z] GET /api/sandbox/environment
[2026-02-21T05:33:09.569Z] GET /api/task-creation/sessions
[2026-02-21T05:33:13.564Z] GET /api/task-creation/sessions/93d383a3-a923-4100-a3ae-da501cfcafad
[2026-02-21T05:33:13.565Z] GET /api/task-creation/sessions/93d383a3-a923-4100-a3ae-da501cfcafad/messages
[2026-02-21T05:33:13.565Z] GET /api/task-creation/sessions/93d383a3-a923-4100-a3ae-da501cfcafad/intent
[2026-02-21T05:33:13.566Z] GET /api/task-creation/sessions/93d383a3-a923-4100-a3ae-da501cfcafad/task-description
[2026-02-21T05:33:13.566Z] GET /api/task-creation/sessions/93d383a3-a923-4100-a3ae-da501cfcafad/execution-plan
[2026-02-21T05:33:13.566Z] GET /api/sandbox/environment
[2026-02-21T05:33:13.567Z] GET /api/task-creation/sessions
[2026-02-21T05:33:17.555Z] GET /api/task-creation/sessions/93d383a3-a923-4100-a3ae-da501cfcafad/messages
[2026-02-21T05:33:17.555Z] GET /api/task-creation/sessions/93d383a3-a923-4100-a3ae-da501cfcafad
[2026-02-21T05:33:17.556Z] GET /api/task-creation/sessions/93d383a3-a923-4100-a3ae-da501cfcafad/intent
[2026-02-21T05:33:17.556Z] GET /api/task-creation/sessions/93d383a3-a923-4100-a3ae-da501cfcafad/task-description
[2026-02-21T05:33:17.556Z] GET /api/task-creation/sessions/93d383a3-a923-4100-a3ae-da501cfcafad/execution-plan
[2026-02-21T05:33:17.557Z] GET /api/sandbox/environment
[2026-02-21T05:33:17.557Z] GET /api/task-creation/sessions
[OSAC_AUDIT] {"action":"GET_SESSION_LIST","at":"2026-02-21T05:33:21.247Z","sessionId":"sess_35ff684915754d7c"}
[2026-02-21T05:33:21.554Z] GET /api/task-creation/sessions/93d383a3-a923-4100-a3ae-da501cfcafad
[2026-02-21T05:33:21.555Z] GET /api/task-creation/sessions/93d383a3-a923-4100-a3ae-da501cfcafad/messages
[2026-02-21T05:33:21.556Z] GET /api/task-creation/sessions/93d383a3-a923-4100-a3ae-da501cfcafad/intent
[2026-02-21T05:33:21.556Z] GET /api/task-creation/sessions/93d383a3-a923-4100-a3ae-da501cfcafad/task-description
[2026-02-21T05:33:21.557Z] GET /api/task-creation/sessions/93d383a3-a923-4100-a3ae-da501cfcafad/execution-plan
[2026-02-21T05:33:21.557Z] GET /api/sandbox/environment
[2026-02-21T05:33:21.557Z] GET /api/task-creation/sessions
✅ 数据库连接成功
[2026-02-21T05:33:25.563Z] GET /api/task-creation/sessions/93d383a3-a923-4100-a3ae-da501cfcafad/messages
[2026-02-21T05:33:25.564Z] GET /api/task-creation/sessions/93d383a3-a923-4100-a3ae-da501cfcafad
[2026-02-21T05:33:25.564Z] GET /api/task-creation/sessions/93d383a3-a923-4100-a3ae-da501cfcafad/intent
[2026-02-21T05:33:25.564Z] GET /api/task-creation/sessions/93d383a3-a923-4100-a3ae-da501cfcafad/task-description
[2026-02-21T05:33:25.565Z] GET /api/task-creation/sessions/93d383a3-a923-4100-a3ae-da501cfcafad/execution-plan
[2026-02-21T05:33:25.565Z] GET /api/sandbox/environment
[2026-02-21T05:33:25.565Z] GET /api/task-creation/sessions
[2026-02-21T05:33:29.562Z] GET /api/task-creation/sessions/93d383a3-a923-4100-a3ae-da501cfcafad
[2026-02-21T05:33:29.563Z] GET /api/task-creation/sessions/93d383a3-a923-4100-a3ae-da501cfcafad/intent
[2026-02-21T05:33:29.564Z] GET /api/task-creation/sessions/93d383a3-a923-4100-a3ae-da501cfcafad/messages
[2026-02-21T05:33:29.564Z] GET /api/task-creation/sessions/93d383a3-a923-4100-a3ae-da501cfcafad/task-description
[2026-02-21T05:33:29.565Z] GET /api/sandbox/environment
[2026-02-21T05:33:29.565Z] GET /api/task-creation/sessions/93d383a3-a923-4100-a3ae-da501cfcafad/execution-plan
[2026-02-21T05:33:29.565Z] GET /api/task-creation/sessions
[2026-02-21T05:33:33.559Z] GET /api/task-creation/sessions/93d383a3-a923-4100-a3ae-da501cfcafad
[2026-02-21T05:33:33.560Z] GET /api/task-creation/sessions/93d383a3-a923-4100-a3ae-da501cfcafad/messages
[2026-02-21T05:33:33.560Z] GET /api/task-creation/sessions/93d383a3-a923-4100-a3ae-da501cfcafad/intent
[2026-02-21T05:33:33.561Z] GET /api/task-creation/sessions/93d383a3-a923-4100-a3ae-da501cfcafad/execution-plan
[2026-02-21T05:33:33.561Z] GET /api/task-creation/sessions/93d383a3-a923-4100-a3ae-da501cfcafad/task-description
[2026-02-21T05:33:33.561Z] GET /api/sandbox/environment
[2026-02-21T05:33:33.561Z] GET /api/task-creation/sessions
[2026-02-21T05:33:37.557Z] GET /api/task-creation/sessions/93d383a3-a923-4100-a3ae-da501cfcafad
[2026-02-21T05:33:37.558Z] GET /api/task-creation/sessions/93d383a3-a923-4100-a3ae-da501cfcafad/messages
[2026-02-21T05:33:37.558Z] GET /api/task-creation/sessions/93d383a3-a923-4100-a3ae-da501cfcafad/task-description
[2026-02-21T05:33:37.558Z] GET /api/task-creation/sessions/93d383a3-a923-4100-a3ae-da501cfcafad/intent
[2026-02-21T05:33:37.558Z] GET /api/task-creation/sessions/93d383a3-a923-4100-a3ae-da501cfcafad/execution-plan
[2026-02-21T05:33:37.559Z] GET /api/sandbox/environment
[2026-02-21T05:33:37.559Z] GET /api/task-creation/sessions
✅ 数据库连接成功
[2026-02-21T05:33:41.559Z] GET /api/task-creation/sessions/93d383a3-a923-4100-a3ae-da501cfcafad
[2026-02-21T05:33:41.560Z] GET /api/task-creation/sessions/93d383a3-a923-4100-a3ae-da501cfcafad/messages
[2026-02-21T05:33:41.560Z] GET /api/task-creation/sessions/93d383a3-a923-4100-a3ae-da501cfcafad/intent
[2026-02-21T05:33:41.561Z] GET /api/task-creation/sessions/93d383a3-a923-4100-a3ae-da501cfcafad/task-description
[2026-02-21T05:33:41.561Z] GET /api/task-creation/sessions/93d383a3-a923-4100-a3ae-da501cfcafad/execution-plan
[2026-02-21T05:33:41.561Z] GET /api/sandbox/environment
[2026-02-21T05:33:41.562Z] GET /api/task-creation/sessions
[OSAC_AUDIT] {"action":"GET_SESSION_LIST","at":"2026-02-21T05:33:44.340Z","sessionId":"sess_35ff684915754d7c"}
[2026-02-21T05:33:45.558Z] GET /api/task-creation/sessions/93d383a3-a923-4100-a3ae-da501cfcafad/messages
[2026-02-21T05:33:45.559Z] GET /api/task-creation/sessions/93d383a3-a923-4100-a3ae-da501cfcafad
[2026-02-21T05:33:45.559Z] GET /api/task-creation/sessions/93d383a3-a923-4100-a3ae-da501cfcafad/intent
[2026-02-21T05:33:45.559Z] GET /api/task-creation/sessions/93d383a3-a923-4100-a3ae-da501cfcafad/task-description
[2026-02-21T05:33:45.560Z] GET /api/sandbox/environment
[2026-02-21T05:33:45.560Z] GET /api/task-creation/sessions/93d383a3-a923-4100-a3ae-da501cfcafad/execution-plan
[2026-02-21T05:33:45.560Z] GET /api/task-creation/sessions
[2026-02-21T05:33:49.563Z] GET /api/task-creation/sessions/93d383a3-a923-4100-a3ae-da501cfcafad
[2026-02-21T05:33:49.564Z] GET /api/task-creation/sessions/93d383a3-a923-4100-a3ae-da501cfcafad/messages
[2026-02-21T05:33:49.564Z] GET /api/task-creation/sessions/93d383a3-a923-4100-a3ae-da501cfcafad/intent
[2026-02-21T05:33:49.564Z] GET /api/task-creation/sessions/93d383a3-a923-4100-a3ae-da501cfcafad/task-description
[2026-02-21T05:33:49.564Z] GET /api/task-creation/sessions/93d383a3-a923-4100-a3ae-da501cfcafad/execution-plan
[2026-02-21T05:33:49.565Z] GET /api/sandbox/environment
[2026-02-21T05:33:49.565Z] GET /api/task-creation/sessions
[2026-02-21T05:33:53.561Z] GET /api/task-creation/sessions/93d383a3-a923-4100-a3ae-da501cfcafad
[2026-02-21T05:33:53.561Z] GET /api/task-creation/sessions/93d383a3-a923-4100-a3ae-da501cfcafad/messages
[2026-02-21T05:33:53.561Z] GET /api/task-creation/sessions/93d383a3-a923-4100-a3ae-da501cfcafad/intent
[2026-02-21T05:33:53.562Z] GET /api/task-creation/sessions/93d383a3-a923-4100-a3ae-da501cfcafad/task-description
[2026-02-21T05:33:53.562Z] GET /api/task-creation/sessions/93d383a3-a923-4100-a3ae-da501cfcafad/execution-plan
[2026-02-21T05:33:53.562Z] GET /api/sandbox/environment
[2026-02-21T05:33:53.563Z] GET /api/task-creation/sessions
✅ 数据库连接成功
[2026-02-21T05:33:57.566Z] GET /api/task-creation/sessions/93d383a3-a923-4100-a3ae-da501cfcafad
[2026-02-21T05:33:57.567Z] GET /api/task-creation/sessions/93d383a3-a923-4100-a3ae-da501cfcafad/messages
[2026-02-21T05:33:57.567Z] GET /api/task-creation/sessions/93d383a3-a923-4100-a3ae-da501cfcafad/intent
[2026-02-21T05:33:57.567Z] GET /api/task-creation/sessions/93d383a3-a923-4100-a3ae-da501cfcafad/task-description
[2026-02-21T05:33:57.568Z] GET /api/task-creation/sessions/93d383a3-a923-4100-a3ae-da501cfcafad/execution-plan
[2026-02-21T05:33:57.568Z] GET /api/sandbox/environment
[2026-02-21T05:33:57.568Z] GET /api/task-creation/sessions
[2026-02-21T05:34:01.567Z] GET /api/task-creation/sessions/93d383a3-a923-4100-a3ae-da501cfcafad
[2026-02-21T05:34:01.567Z] GET /api/task-creation/sessions/93d383a3-a923-4100-a3ae-da501cfcafad/messages
[2026-02-21T05:34:01.568Z] GET /api/task-creation/sessions/93d383a3-a923-4100-a3ae-da501cfcafad/intent
[2026-02-21T05:34:01.568Z] GET /api/task-creation/sessions/93d383a3-a923-4100-a3ae-da501cfcafad/execution-plan
[2026-02-21T05:34:01.568Z] GET /api/task-creation/sessions/93d383a3-a923-4100-a3ae-da501cfcafad/task-description
[2026-02-21T05:34:01.569Z] GET /api/sandbox/environment
[2026-02-21T05:34:01.569Z] GET /api/task-creation/sessions
[2026-02-21T05:34:05.553Z] GET /api/task-creation/sessions/93d383a3-a923-4100-a3ae-da501cfcafad
[2026-02-21T05:34:05.554Z] GET /api/task-creation/sessions/93d383a3-a923-4100-a3ae-da501cfcafad/messages
[2026-02-21T05:34:05.554Z] GET /api/task-creation/sessions/93d383a3-a923-4100-a3ae-da501cfcafad/intent
[2026-02-21T05:34:05.554Z] GET /api/task-creation/sessions/93d383a3-a923-4100-a3ae-da501cfcafad/task-description
[2026-02-21T05:34:05.555Z] GET /api/task-creation/sessions/93d383a3-a923-4100-a3ae-da501cfcafad/execution-plan
[2026-02-21T05:34:05.555Z] GET /api/sandbox/environment
[2026-02-21T05:34:05.555Z] GET /api/task-creation/sessions
[OSAC_AUDIT] {"action":"GET_SESSION_LIST","at":"2026-02-21T05:34:05.926Z","sessionId":"sess_35ff684915754d7c"}
[2026-02-21T05:34:09.003Z] GET /api/task-creation/sessions
[2026-02-21T05:34:09.552Z] GET /api/task-creation/sessions/93d383a3-a923-4100-a3ae-da501cfcafad
[2026-02-21T05:34:09.553Z] GET /api/task-creation/sessions/93d383a3-a923-4100-a3ae-da501cfcafad/intent
[2026-02-21T05:34:09.553Z] GET /api/task-creation/sessions/93d383a3-a923-4100-a3ae-da501cfcafad/messages
[2026-02-21T05:34:09.553Z] GET /api/task-creation/sessions/93d383a3-a923-4100-a3ae-da501cfcafad/task-description
[2026-02-21T05:34:09.553Z] GET /api/task-creation/sessions/93d383a3-a923-4100-a3ae-da501cfcafad/execution-plan
[2026-02-21T05:34:09.554Z] GET /api/task-creation/sessions
[2026-02-21T05:34:09.554Z] GET /api/sandbox/environment
✅ 数据库连接成功
[2026-02-21T05:34:13.559Z] GET /api/task-creation/sessions/93d383a3-a923-4100-a3ae-da501cfcafad/messages
[2026-02-21T05:34:13.559Z] GET /api/task-creation/sessions/93d383a3-a923-4100-a3ae-da501cfcafad
[2026-02-21T05:34:13.559Z] GET /api/task-creation/sessions/93d383a3-a923-4100-a3ae-da501cfcafad/intent
[2026-02-21T05:34:13.560Z] GET /api/task-creation/sessions/93d383a3-a923-4100-a3ae-da501cfcafad/task-description
[2026-02-21T05:34:13.560Z] GET /api/task-creation/sessions/93d383a3-a923-4100-a3ae-da501cfcafad/execution-plan
[2026-02-21T05:34:13.560Z] GET /api/sandbox/environment
[2026-02-21T05:34:13.561Z] GET /api/task-creation/sessions
[2026-02-21T05:34:17.562Z] GET /api/task-creation/sessions/93d383a3-a923-4100-a3ae-da501cfcafad
[2026-02-21T05:34:17.563Z] GET /api/task-creation/sessions/93d383a3-a923-4100-a3ae-da501cfcafad/messages
[2026-02-21T05:34:17.563Z] GET /api/task-creation/sessions/93d383a3-a923-4100-a3ae-da501cfcafad/intent
[2026-02-21T05:34:17.563Z] GET /api/task-creation/sessions/93d383a3-a923-4100-a3ae-da501cfcafad/task-description
[2026-02-21T05:34:17.564Z] GET /api/task-creation/sessions/93d383a3-a923-4100-a3ae-da501cfcafad/execution-plan
[2026-02-21T05:34:17.564Z] GET /api/sandbox/environment
[2026-02-21T05:34:17.564Z] GET /api/task-creation/sessions
[2026-02-21T05:34:21.560Z] GET /api/task-creation/sessions/93d383a3-a923-4100-a3ae-da501cfcafad/messages
[2026-02-21T05:34:21.560Z] GET /api/task-creation/sessions/93d383a3-a923-4100-a3ae-da501cfcafad
[2026-02-21T05:34:21.560Z] GET /api/task-creation/sessions/93d383a3-a923-4100-a3ae-da501cfcafad/intent
[2026-02-21T05:34:21.561Z] GET /api/task-creation/sessions/93d383a3-a923-4100-a3ae-da501cfcafad/task-description
[2026-02-21T05:34:21.561Z] GET /api/task-creation/sessions/93d383a3-a923-4100-a3ae-da501cfcafad/execution-plan
[2026-02-21T05:34:21.561Z] GET /api/sandbox/environment
[2026-02-21T05:34:21.562Z] GET /api/task-creation/sessions
[2026-02-21T05:34:25.558Z] GET /api/task-creation/sessions/93d383a3-a923-4100-a3ae-da501cfcafad
[2026-02-21T05:34:25.559Z] GET /api/task-creation/sessions/93d383a3-a923-4100-a3ae-da501cfcafad/intent
[2026-02-21T05:34:25.559Z] GET /api/task-creation/sessions/93d383a3-a923-4100-a3ae-da501cfcafad/messages
[2026-02-21T05:34:25.560Z] GET /api/task-creation/sessions/93d383a3-a923-4100-a3ae-da501cfcafad/task-description
[2026-02-21T05:34:25.560Z] GET /api/task-creation/sessions/93d383a3-a923-4100-a3ae-da501cfcafad/execution-plan
[2026-02-21T05:34:25.560Z] GET /api/sandbox/environment
[2026-02-21T05:34:25.560Z] GET /api/task-creation/sessions
✅ 数据库连接成功
[OSAC_AUDIT] {"action":"GET_SESSION_LIST","at":"2026-02-21T05:34:27.488Z","sessionId":"sess_35ff684915754d7c"}
[2026-02-21T05:34:29.557Z] GET /api/task-creation/sessions/93d383a3-a923-4100-a3ae-da501cfcafad
[2026-02-21T05:34:29.557Z] GET /api/task-creation/sessions/93d383a3-a923-4100-a3ae-da501cfcafad/messages
[2026-02-21T05:34:29.558Z] GET /api/task-creation/sessions/93d383a3-a923-4100-a3ae-da501cfcafad/intent
[2026-02-21T05:34:29.558Z] GET /api/task-creation/sessions/93d383a3-a923-4100-a3ae-da501cfcafad/task-description
[2026-02-21T05:34:29.558Z] GET /api/task-creation/sessions/93d383a3-a923-4100-a3ae-da501cfcafad/execution-plan
[2026-02-21T05:34:29.559Z] GET /api/sandbox/environment
[2026-02-21T05:34:29.559Z] GET /api/task-creation/sessions
[2026-02-21T05:34:33.558Z] GET /api/task-creation/sessions/93d383a3-a923-4100-a3ae-da501cfcafad
[2026-02-21T05:34:33.559Z] GET /api/task-creation/sessions/93d383a3-a923-4100-a3ae-da501cfcafad/messages
[2026-02-21T05:34:33.559Z] GET /api/task-creation/sessions/93d383a3-a923-4100-a3ae-da501cfcafad/intent
[2026-02-21T05:34:33.560Z] GET /api/task-creation/sessions/93d383a3-a923-4100-a3ae-da501cfcafad/task-description
[2026-02-21T05:34:33.560Z] GET /api/task-creation/sessions/93d383a3-a923-4100-a3ae-da501cfcafad/execution-plan
[2026-02-21T05:34:33.560Z] GET /api/task-creation/sessions
[2026-02-21T05:34:33.561Z] GET /api/sandbox/environment
[2026-02-21T05:34:37.559Z] GET /api/task-creation/sessions/93d383a3-a923-4100-a3ae-da501cfcafad
[2026-02-21T05:34:37.560Z] GET /api/task-creation/sessions/93d383a3-a923-4100-a3ae-da501cfcafad/messages
[2026-02-21T05:34:37.560Z] GET /api/task-creation/sessions/93d383a3-a923-4100-a3ae-da501cfcafad/intent
[2026-02-21T05:34:37.560Z] GET /api/task-creation/sessions/93d383a3-a923-4100-a3ae-da501cfcafad/task-description
[2026-02-21T05:34:37.561Z] GET /api/task-creation/sessions/93d383a3-a923-4100-a3ae-da501cfcafad/execution-plan
[2026-02-21T05:34:37.561Z] GET /api/sandbox/environment
[2026-02-21T05:34:37.561Z] GET /api/task-creation/sessions
[WebSocket] 客户端断开: client_1771651740204_gh3vsva96
[2026-02-21T05:34:41.553Z] GET /api/task-creation/sessions/93d383a3-a923-4100-a3ae-da501cfcafad
[2026-02-21T05:34:41.553Z] GET /api/task-creation/sessions/93d383a3-a923-4100-a3ae-da501cfcafad/messages
[2026-02-21T05:34:41.553Z] GET /api/task-creation/sessions/93d383a3-a923-4100-a3ae-da501cfcafad/intent
[2026-02-21T05:34:41.554Z] GET /api/task-creation/sessions/93d383a3-a923-4100-a3ae-da501cfcafad/execution-plan
[2026-02-21T05:34:41.554Z] GET /api/task-creation/sessions/93d383a3-a923-4100-a3ae-da501cfcafad/task-description
[2026-02-21T05:34:41.554Z] GET /api/sandbox/environment
[2026-02-21T05:34:41.555Z] GET /api/task-creation/sessions
✅ 数据库连接成功
[OSAC_AUDIT] {"action":"OPENCODE_SERVER_ENSURE","at":"2026-02-21T05:34:44.298Z","sessionId":"sess_35ff684915754d7c","workspacePath":"/opt/.altus/opencode/workspaces/9065d819-b996-413e-81a7-0db73249375a"}
[2026-02-21T05:34:45.562Z] GET /api/task-creation/sessions/93d383a3-a923-4100-a3ae-da501cfcafad
[2026-02-21T05:34:45.563Z] GET /api/task-creation/sessions/93d383a3-a923-4100-a3ae-da501cfcafad/messages
[2026-02-21T05:34:45.563Z] GET /api/task-creation/sessions/93d383a3-a923-4100-a3ae-da501cfcafad/intent
[2026-02-21T05:34:45.563Z] GET /api/task-creation/sessions/93d383a3-a923-4100-a3ae-da501cfcafad/task-description
[2026-02-21T05:34:45.564Z] GET /api/task-creation/sessions/93d383a3-a923-4100-a3ae-da501cfcafad/execution-plan
[2026-02-21T05:34:45.564Z] GET /api/sandbox/environment
[2026-02-21T05:34:45.564Z] GET /api/task-creation/sessions
[2026-02-21T05:34:49.554Z] GET /api/task-creation/sessions/93d383a3-a923-4100-a3ae-da501cfcafad
[2026-02-21T05:34:49.555Z] GET /api/task-creation/sessions/93d383a3-a923-4100-a3ae-da501cfcafad/messages
[2026-02-21T05:34:49.555Z] GET /api/task-creation/sessions/93d383a3-a923-4100-a3ae-da501cfcafad/intent
[2026-02-21T05:34:49.555Z] GET /api/task-creation/sessions/93d383a3-a923-4100-a3ae-da501cfcafad/execution-plan
[2026-02-21T05:34:49.556Z] GET /api/task-creation/sessions/93d383a3-a923-4100-a3ae-da501cfcafad/task-description
[2026-02-21T05:34:49.556Z] GET /api/sandbox/environment
[2026-02-21T05:34:49.556Z] GET /api/task-creation/sessions
[2026-02-21T05:34:52.653Z] GET /api/task-creation/sessions/9065d819-b996-413e-81a7-0db73249375a
[2026-02-21T05:34:53.561Z] GET /api/task-creation/sessions/93d383a3-a923-4100-a3ae-da501cfcafad
[2026-02-21T05:34:53.561Z] GET /api/task-creation/sessions/93d383a3-a923-4100-a3ae-da501cfcafad/messages
[2026-02-21T05:34:53.561Z] GET /api/task-creation/sessions/93d383a3-a923-4100-a3ae-da501cfcafad/intent
[2026-02-21T05:34:53.562Z] GET /api/task-creation/sessions/93d383a3-a923-4100-a3ae-da501cfcafad/task-description
[2026-02-21T05:34:53.562Z] GET /api/task-creation/sessions/93d383a3-a923-4100-a3ae-da501cfcafad/execution-plan
[2026-02-21T05:34:53.562Z] GET /api/sandbox/environment
[2026-02-21T05:34:53.563Z] GET /api/task-creation/sessions
[2026-02-21T05:34:57.560Z] GET /api/task-creation/sessions/93d383a3-a923-4100-a3ae-da501cfcafad
[2026-02-21T05:34:57.560Z] GET /api/task-creation/sessions/93d383a3-a923-4100-a3ae-da501cfcafad/messages
[2026-02-21T05:34:57.560Z] GET /api/task-creation/sessions/93d383a3-a923-4100-a3ae-da501cfcafad/intent
[2026-02-21T05:34:57.561Z] GET /api/task-creation/sessions/93d383a3-a923-4100-a3ae-da501cfcafad/execution-plan
[2026-02-21T05:34:57.561Z] GET /api/task-creation/sessions/93d383a3-a923-4100-a3ae-da501cfcafad/task-description
[2026-02-21T05:34:57.561Z] GET /api/sandbox/environment
[2026-02-21T05:34:57.561Z] GET /api/task-creation/sessions
✅ 数据库连接成功
[2026-02-21T05:35:01.561Z] GET /api/task-creation/sessions/93d383a3-a923-4100-a3ae-da501cfcafad
[2026-02-21T05:35:01.562Z] GET /api/task-creation/sessions/93d383a3-a923-4100-a3ae-da501cfcafad/messages
[2026-02-21T05:35:01.562Z] GET /api/task-creation/sessions/93d383a3-a923-4100-a3ae-da501cfcafad/intent
[2026-02-21T05:35:01.562Z] GET /api/task-creation/sessions/93d383a3-a923-4100-a3ae-da501cfcafad/task-description
[2026-02-21T05:35:01.562Z] GET /api/task-creation/sessions/93d383a3-a923-4100-a3ae-da501cfcafad/execution-plan
[2026-02-21T05:35:01.563Z] GET /api/sandbox/environment
[2026-02-21T05:35:01.563Z] GET /api/task-creation/sessions
[2026-02-21T05:35:05.553Z] GET /api/task-creation/sessions/93d383a3-a923-4100-a3ae-da501cfcafad
[2026-02-21T05:35:05.554Z] GET /api/task-creation/sessions/93d383a3-a923-4100-a3ae-da501cfcafad/messages
[2026-02-21T05:35:05.554Z] GET /api/task-creation/sessions/93d383a3-a923-4100-a3ae-da501cfcafad/intent
[2026-02-21T05:35:05.554Z] GET /api/task-creation/sessions/93d383a3-a923-4100-a3ae-da501cfcafad/execution-plan
[2026-02-21T05:35:05.555Z] GET /api/task-creation/sessions/93d383a3-a923-4100-a3ae-da501cfcafad/task-description
[2026-02-21T05:35:05.555Z] GET /api/sandbox/environment
[2026-02-21T05:35:05.555Z] GET /api/task-creation/sessions
[2026-02-21T05:35:09.011Z] GET /api/task-creation/sessions
[2026-02-21T05:35:09.559Z] GET /api/task-creation/sessions/93d383a3-a923-4100-a3ae-da501cfcafad
[2026-02-21T05:35:09.560Z] GET /api/task-creation/sessions/93d383a3-a923-4100-a3ae-da501cfcafad/messages
[2026-02-21T05:35:09.560Z] GET /api/task-creation/sessions/93d383a3-a923-4100-a3ae-da501cfcafad/intent
[2026-02-21T05:35:09.561Z] GET /api/task-creation/sessions/93d383a3-a923-4100-a3ae-da501cfcafad/task-description
[2026-02-21T05:35:09.561Z] GET /api/task-creation/sessions/93d383a3-a923-4100-a3ae-da501cfcafad/execution-plan
[2026-02-21T05:35:09.561Z] GET /api/sandbox/environment
[2026-02-21T05:35:09.561Z] GET /api/task-creation/sessions
[2026-02-21T05:35:13.553Z] GET /api/task-creation/sessions/93d383a3-a923-4100-a3ae-da501cfcafad
[2026-02-21T05:35:13.554Z] GET /api/task-creation/sessions/93d383a3-a923-4100-a3ae-da501cfcafad/messages
[2026-02-21T05:35:13.554Z] GET /api/task-creation/sessions/93d383a3-a923-4100-a3ae-da501cfcafad/intent
[2026-02-21T05:35:13.554Z] GET /api/task-creation/sessions/93d383a3-a923-4100-a3ae-da501cfcafad/task-description
[2026-02-21T05:35:13.554Z] GET /api/task-creation/sessions/93d383a3-a923-4100-a3ae-da501cfcafad/execution-plan
[2026-02-21T05:35:13.555Z] GET /api/sandbox/environment
[2026-02-21T05:35:13.555Z] GET /api/task-creation/sessions
✅ 数据库连接成功
[2026-02-21T05:35:17.565Z] GET /api/task-creation/sessions/93d383a3-a923-4100-a3ae-da501cfcafad/messages
[2026-02-21T05:35:17.565Z] GET /api/task-creation/sessions/93d383a3-a923-4100-a3ae-da501cfcafad/intent
[2026-02-21T05:35:17.566Z] GET /api/task-creation/sessions/93d383a3-a923-4100-a3ae-da501cfcafad
[2026-02-21T05:35:17.566Z] GET /api/task-creation/sessions/93d383a3-a923-4100-a3ae-da501cfcafad/task-description
[2026-02-21T05:35:17.566Z] GET /api/sandbox/environment
[2026-02-21T05:35:17.567Z] GET /api/task-creation/sessions/93d383a3-a923-4100-a3ae-da501cfcafad/execution-plan
[2026-02-21T05:35:17.567Z] GET /api/task-creation/sessions
13:35:20 [tsx] change in ./src\services\sandbox-agent-provision-service.ts Restarting...
c[OSAC_CONNECTION_MANAGER] fixed_session_mode: disable background health check

🚀 oneceo.ai API Server
━━━━━━━━━━━━━━━━━━━━━━━━━━━━━━━━━━━━━━━━━━━━━
📡 API server running on http://localhost:4000
🔌 WebSocket server running on ws://localhost:4000
🔌 Task Creation WebSocket: ws://localhost:4000/ws/task-creation
🏥 Health check: http://localhost:4000/health
━━━━━━━━━━━━━━━━━━━━━━━━━━━━━━━━━━━━━━━━━━━━━
[OSAC_PERSISTENT_RECOVER_SKIP] fixed_session_mode

✅ 数据库连接成功
[2026-02-21T05:35:25.560Z] GET /api/task-creation/sessions/93d383a3-a923-4100-a3ae-da501cfcafad
[2026-02-21T05:35:25.562Z] GET /api/task-creation/sessions/93d383a3-a923-4100-a3ae-da501cfcafad/messages
[2026-02-21T05:35:25.562Z] GET /api/task-creation/sessions/93d383a3-a923-4100-a3ae-da501cfcafad/task-description
[2026-02-21T05:35:25.565Z] GET /api/task-creation/sessions/93d383a3-a923-4100-a3ae-da501cfcafad/intent
[2026-02-21T05:35:25.566Z] GET /api/task-creation/sessions/93d383a3-a923-4100-a3ae-da501cfcafad/execution-plan
[2026-02-21T05:35:25.567Z] GET /api/sandbox/environment
[2026-02-21T05:35:25.568Z] GET /api/task-creation/sessions
[2026-02-21T05:35:29.563Z] GET /api/task-creation/sessions/93d383a3-a923-4100-a3ae-da501cfcafad
[2026-02-21T05:35:29.564Z] GET /api/task-creation/sessions/93d383a3-a923-4100-a3ae-da501cfcafad/messages
[2026-02-21T05:35:29.564Z] GET /api/task-creation/sessions/93d383a3-a923-4100-a3ae-da501cfcafad/intent
[2026-02-21T05:35:29.565Z] GET /api/task-creation/sessions/93d383a3-a923-4100-a3ae-da501cfcafad/task-description
[2026-02-21T05:35:29.565Z] GET /api/task-creation/sessions/93d383a3-a923-4100-a3ae-da501cfcafad/execution-plan
[2026-02-21T05:35:29.566Z] GET /api/sandbox/environment
[2026-02-21T05:35:29.566Z] GET /api/task-creation/sessions
[2026-02-21T05:35:33.560Z] GET /api/task-creation/sessions/93d383a3-a923-4100-a3ae-da501cfcafad/messages
[2026-02-21T05:35:33.560Z] GET /api/task-creation/sessions/93d383a3-a923-4100-a3ae-da501cfcafad
[2026-02-21T05:35:33.560Z] GET /api/task-creation/sessions/93d383a3-a923-4100-a3ae-da501cfcafad/intent
[2026-02-21T05:35:33.561Z] GET /api/task-creation/sessions/93d383a3-a923-4100-a3ae-da501cfcafad/task-description
[2026-02-21T05:35:33.562Z] GET /api/task-creation/sessions/93d383a3-a923-4100-a3ae-da501cfcafad/execution-plan
[2026-02-21T05:35:33.562Z] GET /api/sandbox/environment
[2026-02-21T05:35:33.563Z] GET /api/task-creation/sessions
[2026-02-21T05:35:37.555Z] GET /api/task-creation/sessions/93d383a3-a923-4100-a3ae-da501cfcafad
[2026-02-21T05:35:37.555Z] GET /api/task-creation/sessions/93d383a3-a923-4100-a3ae-da501cfcafad/messages
[2026-02-21T05:35:37.556Z] GET /api/task-creation/sessions/93d383a3-a923-4100-a3ae-da501cfcafad/intent
[2026-02-21T05:35:37.556Z] GET /api/task-creation/sessions/93d383a3-a923-4100-a3ae-da501cfcafad/task-description
[2026-02-21T05:35:37.556Z] GET /api/task-creation/sessions/93d383a3-a923-4100-a3ae-da501cfcafad/execution-plan
[2026-02-21T05:35:37.557Z] GET /api/sandbox/environment
[2026-02-21T05:35:37.557Z] GET /api/task-creation/sessions
✅ 数据库连接成功
[2026-02-21T05:35:41.562Z] GET /api/task-creation/sessions/93d383a3-a923-4100-a3ae-da501cfcafad
[2026-02-21T05:35:41.563Z] GET /api/task-creation/sessions/93d383a3-a923-4100-a3ae-da501cfcafad/messages
[2026-02-21T05:35:41.563Z] GET /api/task-creation/sessions/93d383a3-a923-4100-a3ae-da501cfcafad/intent
[2026-02-21T05:35:41.563Z] GET /api/task-creation/sessions/93d383a3-a923-4100-a3ae-da501cfcafad/task-description
[2026-02-21T05:35:41.564Z] GET /api/task-creation/sessions/93d383a3-a923-4100-a3ae-da501cfcafad/execution-plan
[2026-02-21T05:35:41.564Z] GET /api/sandbox/environment
[2026-02-21T05:35:41.565Z] GET /api/task-creation/sessions
[2026-02-21T05:35:45.563Z] GET /api/task-creation/sessions/93d383a3-a923-4100-a3ae-da501cfcafad
[2026-02-21T05:35:45.564Z] GET /api/task-creation/sessions/93d383a3-a923-4100-a3ae-da501cfcafad/messages
[2026-02-21T05:35:45.564Z] GET /api/task-creation/sessions/93d383a3-a923-4100-a3ae-da501cfcafad/intent
[2026-02-21T05:35:45.565Z] GET /api/task-creation/sessions/93d383a3-a923-4100-a3ae-da501cfcafad/task-description
[2026-02-21T05:35:45.565Z] GET /api/task-creation/sessions/93d383a3-a923-4100-a3ae-da501cfcafad/execution-plan
[2026-02-21T05:35:45.566Z] GET /api/sandbox/environment
[2026-02-21T05:35:45.566Z] GET /api/task-creation/sessions
[2026-02-21T05:35:49.556Z] GET /api/task-creation/sessions/93d383a3-a923-4100-a3ae-da501cfcafad
[2026-02-21T05:35:49.556Z] GET /api/task-creation/sessions/93d383a3-a923-4100-a3ae-da501cfcafad/messages
[2026-02-21T05:35:49.556Z] GET /api/task-creation/sessions/93d383a3-a923-4100-a3ae-da501cfcafad/intent
[2026-02-21T05:35:49.557Z] GET /api/task-creation/sessions/93d383a3-a923-4100-a3ae-da501cfcafad/task-description
[2026-02-21T05:35:49.558Z] GET /api/task-creation/sessions/93d383a3-a923-4100-a3ae-da501cfcafad/execution-plan
[2026-02-21T05:35:49.558Z] GET /api/sandbox/environment
[2026-02-21T05:35:49.558Z] GET /api/task-creation/sessions
[WebSocket] 客户端连接: client_1771652150478_zjj6hfzsr
[WebSocket] 发送消息 to client_1771652150478_zjj6hfzsr: agent_message
[WebSocket] 收到消息 from client_1771652150478_zjj6hfzsr: { type: 'user_input', content: '帮我写个贪吃蛇的html' }
[WebSocket] 开始处理任务创建: 帮我写个贪吃蛇的html
[TaskCreationService] 开始创建任务: 帮我写个贪吃蛇的html
[TaskCreationService] 开始 Layer 1: 意图识别
[WebSocket] 发送消息 to client_1771652150478_zjj6hfzsr: status_update
[2026-02-21T05:35:53.551Z] GET /api/task-creation/sessions/93d383a3-a923-4100-a3ae-da501cfcafad
[2026-02-21T05:35:53.552Z] GET /api/task-creation/sessions/93d383a3-a923-4100-a3ae-da501cfcafad/messages
[2026-02-21T05:35:53.552Z] GET /api/task-creation/sessions/93d383a3-a923-4100-a3ae-da501cfcafad/intent
[2026-02-21T05:35:53.552Z] GET /api/task-creation/sessions/93d383a3-a923-4100-a3ae-da501cfcafad/task-description
[2026-02-21T05:35:53.553Z] GET /api/task-creation/sessions/93d383a3-a923-4100-a3ae-da501cfcafad/execution-plan
[2026-02-21T05:35:53.553Z] GET /api/sandbox/environment
[2026-02-21T05:35:53.553Z] GET /api/task-creation/sessions
✅ 数据库连接成功
[2026-02-21T05:35:57.553Z] GET /api/task-creation/sessions/93d383a3-a923-4100-a3ae-da501cfcafad
[2026-02-21T05:35:57.554Z] GET /api/task-creation/sessions/93d383a3-a923-4100-a3ae-da501cfcafad/messages
[2026-02-21T05:35:57.554Z] GET /api/task-creation/sessions/93d383a3-a923-4100-a3ae-da501cfcafad/task-description
[2026-02-21T05:35:57.555Z] GET /api/task-creation/sessions/93d383a3-a923-4100-a3ae-da501cfcafad/intent
[2026-02-21T05:35:57.555Z] GET /api/task-creation/sessions/93d383a3-a923-4100-a3ae-da501cfcafad/execution-plan
[2026-02-21T05:35:57.555Z] GET /api/sandbox/environment
[2026-02-21T05:35:57.556Z] GET /api/task-creation/sessions
[TaskCreationService] 意图识别完成: {
  intent_type: 'software_development',
  confidence: 0.98,
  key_info: {
    target: '贪吃蛇游戏',
    technology: 'HTML (包含 CSS 和 JavaScript)',
    deliverable: '单个 HTML 文件',
    language: '中文注释'
  },
  clarification_needed: false,
  next_agent: 'development_agent',
  additional_notes: '用户需要一个完整的、可直接运行的贪吃蛇游戏 HTML 文件，应包含游戏逻辑、界面和交互功能'
}
[WebSocket] 发送消息 to client_1771652150478_zjj6hfzsr: agent_message
[WebSocket] 发送消息 to client_1771652150478_zjj6hfzsr: status_update
[2026-02-21T05:36:01.563Z] GET /api/task-creation/sessions/93d383a3-a923-4100-a3ae-da501cfcafad
[2026-02-21T05:36:01.564Z] GET /api/task-creation/sessions/93d383a3-a923-4100-a3ae-da501cfcafad/messages
[2026-02-21T05:36:01.564Z] GET /api/task-creation/sessions/93d383a3-a923-4100-a3ae-da501cfcafad/intent
[2026-02-21T05:36:01.565Z] GET /api/task-creation/sessions/93d383a3-a923-4100-a3ae-da501cfcafad/task-description
[2026-02-21T05:36:01.566Z] GET /api/task-creation/sessions/93d383a3-a923-4100-a3ae-da501cfcafad/execution-plan
[2026-02-21T05:36:01.566Z] GET /api/sandbox/environment
[2026-02-21T05:36:01.567Z] GET /api/task-creation/sessions
[2026-02-21T05:36:05.562Z] GET /api/task-creation/sessions/93d383a3-a923-4100-a3ae-da501cfcafad
[2026-02-21T05:36:05.563Z] GET /api/task-creation/sessions/93d383a3-a923-4100-a3ae-da501cfcafad/messages
[2026-02-21T05:36:05.563Z] GET /api/task-creation/sessions/93d383a3-a923-4100-a3ae-da501cfcafad/intent
[2026-02-21T05:36:05.563Z] GET /api/task-creation/sessions/93d383a3-a923-4100-a3ae-da501cfcafad/execution-plan
[2026-02-21T05:36:05.564Z] GET /api/task-creation/sessions/93d383a3-a923-4100-a3ae-da501cfcafad/task-description
[2026-02-21T05:36:05.564Z] GET /api/sandbox/environment
[2026-02-21T05:36:05.565Z] GET /api/task-creation/sessions
[WebSocket] 发送消息 to client_1771652150478_zjj6hfzsr: agent_message
[WebSocket] 发送消息 to client_1771652150478_zjj6hfzsr: status_update
[2026-02-21T05:36:09.006Z] GET /api/task-creation/sessions
[2026-02-21T05:36:09.557Z] GET /api/task-creation/sessions/93d383a3-a923-4100-a3ae-da501cfcafad
[2026-02-21T05:36:09.558Z] GET /api/task-creation/sessions/93d383a3-a923-4100-a3ae-da501cfcafad/messages
[2026-02-21T05:36:09.558Z] GET /api/task-creation/sessions/93d383a3-a923-4100-a3ae-da501cfcafad/intent
[2026-02-21T05:36:09.559Z] GET /api/task-creation/sessions/93d383a3-a923-4100-a3ae-da501cfcafad/task-description
[2026-02-21T05:36:09.559Z] GET /api/task-creation/sessions/93d383a3-a923-4100-a3ae-da501cfcafad/execution-plan
[2026-02-21T05:36:09.559Z] GET /api/sandbox/environment
[2026-02-21T05:36:09.560Z] GET /api/task-creation/sessions
✅ 数据库连接成功
[2026-02-21T05:36:13.553Z] GET /api/task-creation/sessions/93d383a3-a923-4100-a3ae-da501cfcafad
[2026-02-21T05:36:13.554Z] GET /api/task-creation/sessions/93d383a3-a923-4100-a3ae-da501cfcafad/messages
[2026-02-21T05:36:13.554Z] GET /api/task-creation/sessions/93d383a3-a923-4100-a3ae-da501cfcafad/intent
[2026-02-21T05:36:13.555Z] GET /api/task-creation/sessions/93d383a3-a923-4100-a3ae-da501cfcafad/task-description
[2026-02-21T05:36:13.555Z] GET /api/task-creation/sessions/93d383a3-a923-4100-a3ae-da501cfcafad/execution-plan
[2026-02-21T05:36:13.555Z] GET /api/sandbox/environment
[2026-02-21T05:36:13.556Z] GET /api/task-creation/sessions
[2026-02-21T05:36:17.561Z] GET /api/task-creation/sessions/93d383a3-a923-4100-a3ae-da501cfcafad
[2026-02-21T05:36:17.562Z] GET /api/task-creation/sessions/93d383a3-a923-4100-a3ae-da501cfcafad/messages
[2026-02-21T05:36:17.562Z] GET /api/task-creation/sessions/93d383a3-a923-4100-a3ae-da501cfcafad/intent
[2026-02-21T05:36:17.563Z] GET /api/task-creation/sessions/93d383a3-a923-4100-a3ae-da501cfcafad/task-description
[2026-02-21T05:36:17.563Z] GET /api/task-creation/sessions/93d383a3-a923-4100-a3ae-da501cfcafad/execution-plan
[2026-02-21T05:36:17.563Z] GET /api/sandbox/environment
[2026-02-21T05:36:17.564Z] GET /api/task-creation/sessions
[2026-02-21T05:36:21.568Z] GET /api/task-creation/sessions/93d383a3-a923-4100-a3ae-da501cfcafad
[2026-02-21T05:36:21.568Z] GET /api/task-creation/sessions/93d383a3-a923-4100-a3ae-da501cfcafad/messages
[2026-02-21T05:36:21.568Z] GET /api/task-creation/sessions/93d383a3-a923-4100-a3ae-da501cfcafad/intent
[2026-02-21T05:36:21.569Z] GET /api/task-creation/sessions/93d383a3-a923-4100-a3ae-da501cfcafad/task-description
[2026-02-21T05:36:21.569Z] GET /api/task-creation/sessions/93d383a3-a923-4100-a3ae-da501cfcafad/execution-plan
[2026-02-21T05:36:21.570Z] GET /api/sandbox/environment
[2026-02-21T05:36:21.570Z] GET /api/task-creation/sessions
[2026-02-21T05:36:25.557Z] GET /api/task-creation/sessions/93d383a3-a923-4100-a3ae-da501cfcafad
[2026-02-21T05:36:25.558Z] GET /api/task-creation/sessions/93d383a3-a923-4100-a3ae-da501cfcafad/messages
[2026-02-21T05:36:25.558Z] GET /api/task-creation/sessions/93d383a3-a923-4100-a3ae-da501cfcafad/intent
[2026-02-21T05:36:25.559Z] GET /api/task-creation/sessions/93d383a3-a923-4100-a3ae-da501cfcafad/task-description
[2026-02-21T05:36:25.560Z] GET /api/task-creation/sessions/93d383a3-a923-4100-a3ae-da501cfcafad/execution-plan
[2026-02-21T05:36:25.560Z] GET /api/sandbox/environment
[2026-02-21T05:36:25.560Z] GET /api/task-creation/sessions
✅ 数据库连接成功
[2026-02-21T05:36:29.564Z] GET /api/task-creation/sessions/93d383a3-a923-4100-a3ae-da501cfcafad
[2026-02-21T05:36:29.564Z] GET /api/task-creation/sessions/93d383a3-a923-4100-a3ae-da501cfcafad/messages
[2026-02-21T05:36:29.564Z] GET /api/task-creation/sessions/93d383a3-a923-4100-a3ae-da501cfcafad/intent
[2026-02-21T05:36:29.565Z] GET /api/task-creation/sessions/93d383a3-a923-4100-a3ae-da501cfcafad/task-description
[2026-02-21T05:36:29.565Z] GET /api/task-creation/sessions/93d383a3-a923-4100-a3ae-da501cfcafad/execution-plan
[2026-02-21T05:36:29.566Z] GET /api/sandbox/environment
[2026-02-21T05:36:29.566Z] GET /api/task-creation/sessions
[2026-02-21T05:36:33.552Z] GET /api/task-creation/sessions/93d383a3-a923-4100-a3ae-da501cfcafad
[2026-02-21T05:36:33.553Z] GET /api/task-creation/sessions/93d383a3-a923-4100-a3ae-da501cfcafad/intent
[2026-02-21T05:36:33.553Z] GET /api/task-creation/sessions/93d383a3-a923-4100-a3ae-da501cfcafad/messages
[2026-02-21T05:36:33.554Z] GET /api/task-creation/sessions/93d383a3-a923-4100-a3ae-da501cfcafad/task-description
[2026-02-21T05:36:33.554Z] GET /api/task-creation/sessions/93d383a3-a923-4100-a3ae-da501cfcafad/execution-plan
[2026-02-21T05:36:33.554Z] GET /api/sandbox/environment
[2026-02-21T05:36:33.555Z] GET /api/task-creation/sessions
[2026-02-21T05:36:37.561Z] GET /api/task-creation/sessions/93d383a3-a923-4100-a3ae-da501cfcafad
[2026-02-21T05:36:37.562Z] GET /api/task-creation/sessions/93d383a3-a923-4100-a3ae-da501cfcafad/messages
[2026-02-21T05:36:37.562Z] GET /api/task-creation/sessions/93d383a3-a923-4100-a3ae-da501cfcafad/intent
[2026-02-21T05:36:37.562Z] GET /api/task-creation/sessions/93d383a3-a923-4100-a3ae-da501cfcafad/execution-plan
[2026-02-21T05:36:37.563Z] GET /api/task-creation/sessions/93d383a3-a923-4100-a3ae-da501cfcafad/task-description
[2026-02-21T05:36:37.563Z] GET /api/sandbox/environment
[2026-02-21T05:36:37.563Z] GET /api/task-creation/sessions
[2026-02-21T05:36:41.565Z] GET /api/task-creation/sessions/93d383a3-a923-4100-a3ae-da501cfcafad
[2026-02-21T05:36:41.566Z] GET /api/task-creation/sessions/93d383a3-a923-4100-a3ae-da501cfcafad/messages
[2026-02-21T05:36:41.566Z] GET /api/task-creation/sessions/93d383a3-a923-4100-a3ae-da501cfcafad/intent
[2026-02-21T05:36:41.567Z] GET /api/task-creation/sessions/93d383a3-a923-4100-a3ae-da501cfcafad/execution-plan
[2026-02-21T05:36:41.567Z] GET /api/task-creation/sessions/93d383a3-a923-4100-a3ae-da501cfcafad/task-description
[2026-02-21T05:36:41.567Z] GET /api/sandbox/environment
[2026-02-21T05:36:41.568Z] GET /api/task-creation/sessions
✅ 数据库连接成功
[2026-02-21T05:36:45.554Z] GET /api/task-creation/sessions/93d383a3-a923-4100-a3ae-da501cfcafad
[2026-02-21T05:36:45.554Z] GET /api/task-creation/sessions/93d383a3-a923-4100-a3ae-da501cfcafad/messages
[2026-02-21T05:36:45.555Z] GET /api/task-creation/sessions/93d383a3-a923-4100-a3ae-da501cfcafad/intent
[2026-02-21T05:36:45.555Z] GET /api/task-creation/sessions/93d383a3-a923-4100-a3ae-da501cfcafad/execution-plan
[2026-02-21T05:36:45.555Z] GET /api/task-creation/sessions/93d383a3-a923-4100-a3ae-da501cfcafad/task-description
[2026-02-21T05:36:45.556Z] GET /api/sandbox/environment
[2026-02-21T05:36:45.556Z] GET /api/task-creation/sessions
[TaskCreationService] 执行计划生成完成
[TaskCreationService] 执行计划已保存到数据库
[WebSocket] 发送消息 to client_1771652150478_zjj6hfzsr: plan_generated
[WebSocket] 发送消息 to client_1771652150478_zjj6hfzsr: status_update
[WebSocket] 发送消息 to client_1771652150478_zjj6hfzsr: status_update
[2026-02-21T05:36:49.567Z] GET /api/task-creation/sessions/93d383a3-a923-4100-a3ae-da501cfcafad
[2026-02-21T05:36:49.568Z] GET /api/task-creation/sessions/93d383a3-a923-4100-a3ae-da501cfcafad/messages
[2026-02-21T05:36:49.568Z] GET /api/task-creation/sessions/93d383a3-a923-4100-a3ae-da501cfcafad/intent
[2026-02-21T05:36:49.568Z] GET /api/task-creation/sessions/93d383a3-a923-4100-a3ae-da501cfcafad/task-description
[2026-02-21T05:36:49.569Z] GET /api/task-creation/sessions/93d383a3-a923-4100-a3ae-da501cfcafad/execution-plan
[2026-02-21T05:36:49.569Z] GET /api/sandbox/environment
[2026-02-21T05:36:49.569Z] GET /api/task-creation/sessions
[WebSocket] 发送消息 to client_1771652150478_zjj6hfzsr: agent_message
[OSAC_AUDIT] {"action":"OPENCODE_SERVER_ENSURE","at":"2026-02-21T05:36:53.328Z","sessionId":"sess_35ff684915754d7c","workspacePath":"/opt/.altus/opencode/workspaces/d7f0fb0c-595a-4e1e-a726-2a93b793af13"}
[2026-02-21T05:36:53.564Z] GET /api/task-creation/sessions/93d383a3-a923-4100-a3ae-da501cfcafad
[2026-02-21T05:36:53.564Z] GET /api/task-creation/sessions/93d383a3-a923-4100-a3ae-da501cfcafad/messages
[2026-02-21T05:36:53.565Z] GET /api/task-creation/sessions/93d383a3-a923-4100-a3ae-da501cfcafad/intent
[2026-02-21T05:36:53.565Z] GET /api/task-creation/sessions/93d383a3-a923-4100-a3ae-da501cfcafad/task-description
[2026-02-21T05:36:53.566Z] GET /api/task-creation/sessions/93d383a3-a923-4100-a3ae-da501cfcafad/execution-plan
[2026-02-21T05:36:53.566Z] GET /api/sandbox/environment
[2026-02-21T05:36:53.566Z] GET /api/task-creation/sessions
[2026-02-21T05:36:57.554Z] GET /api/task-creation/sessions/93d383a3-a923-4100-a3ae-da501cfcafad
[2026-02-21T05:36:57.555Z] GET /api/task-creation/sessions/93d383a3-a923-4100-a3ae-da501cfcafad/messages
[2026-02-21T05:36:57.555Z] GET /api/task-creation/sessions/93d383a3-a923-4100-a3ae-da501cfcafad/intent
[2026-02-21T05:36:57.556Z] GET /api/task-creation/sessions/93d383a3-a923-4100-a3ae-da501cfcafad/task-description
[2026-02-21T05:36:57.556Z] GET /api/sandbox/environment
[2026-02-21T05:36:57.556Z] GET /api/task-creation/sessions/93d383a3-a923-4100-a3ae-da501cfcafad/execution-plan
[2026-02-21T05:36:57.557Z] GET /api/task-creation/sessions
✅ 数据库连接成功
[2026-02-21T05:37:01.564Z] GET /api/task-creation/sessions/93d383a3-a923-4100-a3ae-da501cfcafad
[2026-02-21T05:37:01.565Z] GET /api/task-creation/sessions/93d383a3-a923-4100-a3ae-da501cfcafad/messages
[2026-02-21T05:37:01.565Z] GET /api/task-creation/sessions/93d383a3-a923-4100-a3ae-da501cfcafad/intent
[2026-02-21T05:37:01.565Z] GET /api/task-creation/sessions/93d383a3-a923-4100-a3ae-da501cfcafad/task-description
[2026-02-21T05:37:01.566Z] GET /api/task-creation/sessions/93d383a3-a923-4100-a3ae-da501cfcafad/execution-plan
[2026-02-21T05:37:01.566Z] GET /api/sandbox/environment
[2026-02-21T05:37:01.567Z] GET /api/task-creation/sessions
[2026-02-21T05:37:05.563Z] GET /api/task-creation/sessions/93d383a3-a923-4100-a3ae-da501cfcafad/messages
[2026-02-21T05:37:05.564Z] GET /api/task-creation/sessions/93d383a3-a923-4100-a3ae-da501cfcafad
[2026-02-21T05:37:05.564Z] GET /api/task-creation/sessions/93d383a3-a923-4100-a3ae-da501cfcafad/intent
[2026-02-21T05:37:05.565Z] GET /api/task-creation/sessions/93d383a3-a923-4100-a3ae-da501cfcafad/task-description
[2026-02-21T05:37:05.565Z] GET /api/task-creation/sessions/93d383a3-a923-4100-a3ae-da501cfcafad/execution-plan
[2026-02-21T05:37:05.565Z] GET /api/sandbox/environment
[2026-02-21T05:37:05.566Z] GET /api/task-creation/sessions
[2026-02-21T05:37:09.012Z] GET /api/task-creation/sessions
[2026-02-21T05:37:09.563Z] GET /api/task-creation/sessions/93d383a3-a923-4100-a3ae-da501cfcafad
[2026-02-21T05:37:09.563Z] GET /api/task-creation/sessions/93d383a3-a923-4100-a3ae-da501cfcafad/messages
[2026-02-21T05:37:09.563Z] GET /api/task-creation/sessions/93d383a3-a923-4100-a3ae-da501cfcafad/intent
[2026-02-21T05:37:09.564Z] GET /api/task-creation/sessions/93d383a3-a923-4100-a3ae-da501cfcafad/task-description
[2026-02-21T05:37:09.564Z] GET /api/task-creation/sessions/93d383a3-a923-4100-a3ae-da501cfcafad/execution-plan
[2026-02-21T05:37:09.565Z] GET /api/sandbox/environment
[2026-02-21T05:37:09.565Z] GET /api/task-creation/sessions
[WebSocket] 发送消息 to client_1771652150478_zjj6hfzsr: agent_message
[2026-02-21T05:37:13.564Z] GET /api/task-creation/sessions/93d383a3-a923-4100-a3ae-da501cfcafad
[2026-02-21T05:37:13.564Z] GET /api/task-creation/sessions/93d383a3-a923-4100-a3ae-da501cfcafad/messages
[2026-02-21T05:37:13.564Z] GET /api/task-creation/sessions/93d383a3-a923-4100-a3ae-da501cfcafad/intent
[2026-02-21T05:37:13.565Z] GET /api/task-creation/sessions/93d383a3-a923-4100-a3ae-da501cfcafad/task-description
[2026-02-21T05:37:13.565Z] GET /api/task-creation/sessions/93d383a3-a923-4100-a3ae-da501cfcafad/execution-plan
[2026-02-21T05:37:13.565Z] GET /api/sandbox/environment
[2026-02-21T05:37:13.566Z] GET /api/task-creation/sessions
✅ 数据库连接成功
[2026-02-21T05:37:17.565Z] GET /api/task-creation/sessions/93d383a3-a923-4100-a3ae-da501cfcafad
[2026-02-21T05:37:17.566Z] GET /api/task-creation/sessions/93d383a3-a923-4100-a3ae-da501cfcafad/messages
[2026-02-21T05:37:17.566Z] GET /api/task-creation/sessions/93d383a3-a923-4100-a3ae-da501cfcafad/intent
[2026-02-21T05:37:17.567Z] GET /api/task-creation/sessions/93d383a3-a923-4100-a3ae-da501cfcafad/execution-plan
[2026-02-21T05:37:17.567Z] GET /api/task-creation/sessions/93d383a3-a923-4100-a3ae-da501cfcafad/task-description
[2026-02-21T05:37:17.568Z] GET /api/sandbox/environment
[2026-02-21T05:37:17.568Z] GET /api/task-creation/sessions
[WebSocket] 发送消息 to client_1771652150478_zjj6hfzsr: agent_message
[OSAC_AUDIT] {"action":"OPENCODE_SERVER_ENSURE","at":"2026-02-21T05:37:21.187Z","sessionId":"sess_35ff684915754d7c","workspacePath":"/opt/.altus/opencode/workspaces/d7f0fb0c-595a-4e1e-a726-2a93b793af13"}
[2026-02-21T05:37:21.564Z] GET /api/task-creation/sessions/93d383a3-a923-4100-a3ae-da501cfcafad
[2026-02-21T05:37:21.565Z] GET /api/task-creation/sessions/93d383a3-a923-4100-a3ae-da501cfcafad/messages
[2026-02-21T05:37:21.565Z] GET /api/task-creation/sessions/93d383a3-a923-4100-a3ae-da501cfcafad/task-description
[2026-02-21T05:37:21.566Z] GET /api/task-creation/sessions/93d383a3-a923-4100-a3ae-da501cfcafad/intent
[2026-02-21T05:37:21.566Z] GET /api/task-creation/sessions/93d383a3-a923-4100-a3ae-da501cfcafad/execution-plan
[2026-02-21T05:37:21.567Z] GET /api/sandbox/environment
[2026-02-21T05:37:21.567Z] GET /api/task-creation/sessions
[2026-02-21T05:37:25.563Z] GET /api/task-creation/sessions/93d383a3-a923-4100-a3ae-da501cfcafad
[2026-02-21T05:37:25.563Z] GET /api/task-creation/sessions/93d383a3-a923-4100-a3ae-da501cfcafad/messages
[2026-02-21T05:37:25.564Z] GET /api/task-creation/sessions/93d383a3-a923-4100-a3ae-da501cfcafad/intent
[2026-02-21T05:37:25.564Z] GET /api/task-creation/sessions/93d383a3-a923-4100-a3ae-da501cfcafad/execution-plan
[2026-02-21T05:37:25.564Z] GET /api/task-creation/sessions/93d383a3-a923-4100-a3ae-da501cfcafad/task-description
[2026-02-21T05:37:25.565Z] GET /api/sandbox/environment
[2026-02-21T05:37:25.565Z] GET /api/task-creation/sessions
[2026-02-21T05:37:29.564Z] GET /api/task-creation/sessions/93d383a3-a923-4100-a3ae-da501cfcafad
[2026-02-21T05:37:29.565Z] GET /api/task-creation/sessions/93d383a3-a923-4100-a3ae-da501cfcafad/messages
[2026-02-21T05:37:29.565Z] GET /api/task-creation/sessions/93d383a3-a923-4100-a3ae-da501cfcafad/intent
[2026-02-21T05:37:29.565Z] GET /api/task-creation/sessions/93d383a3-a923-4100-a3ae-da501cfcafad/task-description
[2026-02-21T05:37:29.566Z] GET /api/task-creation/sessions/93d383a3-a923-4100-a3ae-da501cfcafad/execution-plan
[2026-02-21T05:37:29.566Z] GET /api/sandbox/environment
[2026-02-21T05:37:29.566Z] GET /api/task-creation/sessions
✅ 数据库连接成功
[2026-02-21T05:37:33.558Z] GET /api/task-creation/sessions/93d383a3-a923-4100-a3ae-da501cfcafad
[2026-02-21T05:37:33.558Z] GET /api/task-creation/sessions/93d383a3-a923-4100-a3ae-da501cfcafad/messages
[2026-02-21T05:37:33.558Z] GET /api/task-creation/sessions/93d383a3-a923-4100-a3ae-da501cfcafad/intent
[2026-02-21T05:37:33.559Z] GET /api/task-creation/sessions/93d383a3-a923-4100-a3ae-da501cfcafad/execution-plan
[2026-02-21T05:37:33.559Z] GET /api/task-creation/sessions/93d383a3-a923-4100-a3ae-da501cfcafad/task-description
[2026-02-21T05:37:33.560Z] GET /api/sandbox/environment
[2026-02-21T05:37:33.560Z] GET /api/task-creation/sessions
[2026-02-21T05:37:37.555Z] GET /api/task-creation/sessions/93d383a3-a923-4100-a3ae-da501cfcafad
[2026-02-21T05:37:37.555Z] GET /api/task-creation/sessions/93d383a3-a923-4100-a3ae-da501cfcafad/messages
[2026-02-21T05:37:37.556Z] GET /api/task-creation/sessions/93d383a3-a923-4100-a3ae-da501cfcafad/intent
[2026-02-21T05:37:37.556Z] GET /api/task-creation/sessions/93d383a3-a923-4100-a3ae-da501cfcafad/task-description
[2026-02-21T05:37:37.556Z] GET /api/task-creation/sessions/93d383a3-a923-4100-a3ae-da501cfcafad/execution-plan
[2026-02-21T05:37:37.557Z] GET /api/sandbox/environment
[2026-02-21T05:37:37.557Z] GET /api/task-creation/sessions
[WebSocket] 发送消息 to client_1771652150478_zjj6hfzsr: agent_message
[WebSocket] 发送消息 to client_1771652150478_zjj6hfzsr: status_update
[WebSocket] 发送消息 to client_1771652150478_zjj6hfzsr: error
[2026-02-21T05:37:41.563Z] GET /api/task-creation/sessions/93d383a3-a923-4100-a3ae-da501cfcafad
[2026-02-21T05:37:41.563Z] GET /api/task-creation/sessions/93d383a3-a923-4100-a3ae-da501cfcafad/messages
[2026-02-21T05:37:41.564Z] GET /api/task-creation/sessions/93d383a3-a923-4100-a3ae-da501cfcafad/intent
[2026-02-21T05:37:41.564Z] GET /api/task-creation/sessions/93d383a3-a923-4100-a3ae-da501cfcafad/task-description
[2026-02-21T05:37:41.564Z] GET /api/task-creation/sessions/93d383a3-a923-4100-a3ae-da501cfcafad/execution-plan
[2026-02-21T05:37:41.565Z] GET /api/sandbox/environment
[2026-02-21T05:37:41.565Z] GET /api/task-creation/sessions
[2026-02-21T05:37:45.562Z] GET /api/task-creation/sessions/93d383a3-a923-4100-a3ae-da501cfcafad
[2026-02-21T05:37:45.563Z] GET /api/task-creation/sessions/93d383a3-a923-4100-a3ae-da501cfcafad/messages
[2026-02-21T05:37:45.563Z] GET /api/task-creation/sessions/93d383a3-a923-4100-a3ae-da501cfcafad/intent
[2026-02-21T05:37:45.564Z] GET /api/task-creation/sessions/93d383a3-a923-4100-a3ae-da501cfcafad/task-description
[2026-02-21T05:37:45.564Z] GET /api/task-creation/sessions/93d383a3-a923-4100-a3ae-da501cfcafad/execution-plan
[2026-02-21T05:37:45.564Z] GET /api/sandbox/environment
[2026-02-21T05:37:45.564Z] GET /api/task-creation/sessions
✅ 数据库连接成功
[2026-02-21T05:37:49.552Z] GET /api/task-creation/sessions/93d383a3-a923-4100-a3ae-da501cfcafad
[2026-02-21T05:37:49.552Z] GET /api/task-creation/sessions/93d383a3-a923-4100-a3ae-da501cfcafad/messages
[2026-02-21T05:37:49.553Z] GET /api/task-creation/sessions/93d383a3-a923-4100-a3ae-da501cfcafad/intent
[2026-02-21T05:37:49.554Z] GET /api/task-creation/sessions/93d383a3-a923-4100-a3ae-da501cfcafad/task-description
[2026-02-21T05:37:49.554Z] GET /api/task-creation/sessions/93d383a3-a923-4100-a3ae-da501cfcafad/execution-plan
[2026-02-21T05:37:49.554Z] GET /api/sandbox/environment
[2026-02-21T05:37:49.554Z] GET /api/task-creation/sessions
[2026-02-21T05:37:53.563Z] GET /api/task-creation/sessions/93d383a3-a923-4100-a3ae-da501cfcafad/messages
[2026-02-21T05:37:53.564Z] GET /api/task-creation/sessions/93d383a3-a923-4100-a3ae-da501cfcafad
[2026-02-21T05:37:53.564Z] GET /api/task-creation/sessions/93d383a3-a923-4100-a3ae-da501cfcafad/intent
[2026-02-21T05:37:53.565Z] GET /api/task-creation/sessions/93d383a3-a923-4100-a3ae-da501cfcafad/task-description
[2026-02-21T05:37:53.565Z] GET /api/task-creation/sessions/93d383a3-a923-4100-a3ae-da501cfcafad/execution-plan
[2026-02-21T05:37:53.566Z] GET /api/sandbox/environment
[2026-02-21T05:37:53.566Z] GET /api/task-creation/sessions
[2026-02-21T05:37:57.561Z] GET /api/task-creation/sessions/93d383a3-a923-4100-a3ae-da501cfcafad
[2026-02-21T05:37:57.561Z] GET /api/task-creation/sessions/93d383a3-a923-4100-a3ae-da501cfcafad/intent
[2026-02-21T05:37:57.562Z] GET /api/task-creation/sessions/93d383a3-a923-4100-a3ae-da501cfcafad/task-description
[2026-02-21T05:37:57.562Z] GET /api/task-creation/sessions/93d383a3-a923-4100-a3ae-da501cfcafad/messages
[2026-02-21T05:37:57.562Z] GET /api/task-creation/sessions/93d383a3-a923-4100-a3ae-da501cfcafad/execution-plan
[2026-02-21T05:37:57.563Z] GET /api/task-creation/sessions
[2026-02-21T05:37:57.563Z] GET /api/sandbox/environment
[2026-02-21T05:38:01.557Z] GET /api/task-creation/sessions/93d383a3-a923-4100-a3ae-da501cfcafad
[2026-02-21T05:38:01.558Z] GET /api/task-creation/sessions/93d383a3-a923-4100-a3ae-da501cfcafad/messages
[2026-02-21T05:38:01.558Z] GET /api/task-creation/sessions/93d383a3-a923-4100-a3ae-da501cfcafad/intent
[2026-02-21T05:38:01.559Z] GET /api/task-creation/sessions/93d383a3-a923-4100-a3ae-da501cfcafad/task-description
[2026-02-21T05:38:01.559Z] GET /api/task-creation/sessions/93d383a3-a923-4100-a3ae-da501cfcafad/execution-plan
[2026-02-21T05:38:01.559Z] GET /api/sandbox/environment
[2026-02-21T05:38:01.559Z] GET /api/task-creation/sessions
✅ 数据库连接成功
[2026-02-21T05:38:05.555Z] GET /api/task-creation/sessions/93d383a3-a923-4100-a3ae-da501cfcafad/messages
[2026-02-21T05:38:05.556Z] GET /api/task-creation/sessions/93d383a3-a923-4100-a3ae-da501cfcafad
[2026-02-21T05:38:05.556Z] GET /api/task-creation/sessions/93d383a3-a923-4100-a3ae-da501cfcafad/intent
[2026-02-21T05:38:05.557Z] GET /api/task-creation/sessions/93d383a3-a923-4100-a3ae-da501cfcafad/execution-plan
[2026-02-21T05:38:05.557Z] GET /api/task-creation/sessions/93d383a3-a923-4100-a3ae-da501cfcafad/task-description
[2026-02-21T05:38:05.557Z] GET /api/sandbox/environment
[2026-02-21T05:38:05.558Z] GET /api/task-creation/sessions
[2026-02-21T05:38:09.010Z] GET /api/task-creation/sessions
[2026-02-21T05:38:09.560Z] GET /api/task-creation/sessions/93d383a3-a923-4100-a3ae-da501cfcafad
[2026-02-21T05:38:09.560Z] GET /api/task-creation/sessions/93d383a3-a923-4100-a3ae-da501cfcafad/messages
[2026-02-21T05:38:09.561Z] GET /api/task-creation/sessions/93d383a3-a923-4100-a3ae-da501cfcafad/intent
[2026-02-21T05:38:09.561Z] GET /api/task-creation/sessions/93d383a3-a923-4100-a3ae-da501cfcafad/execution-plan
[2026-02-21T05:38:09.561Z] GET /api/task-creation/sessions/93d383a3-a923-4100-a3ae-da501cfcafad/task-description
[2026-02-21T05:38:09.562Z] GET /api/sandbox/environment
[2026-02-21T05:38:09.562Z] GET /api/task-creation/sessions
[2026-02-21T05:38:13.565Z] GET /api/task-creation/sessions/93d383a3-a923-4100-a3ae-da501cfcafad
[2026-02-21T05:38:13.566Z] GET /api/task-creation/sessions/93d383a3-a923-4100-a3ae-da501cfcafad/messages
[2026-02-21T05:38:13.566Z] GET /api/task-creation/sessions/93d383a3-a923-4100-a3ae-da501cfcafad/task-description
[2026-02-21T05:38:13.566Z] GET /api/task-creation/sessions/93d383a3-a923-4100-a3ae-da501cfcafad/intent
[2026-02-21T05:38:13.567Z] GET /api/task-creation/sessions/93d383a3-a923-4100-a3ae-da501cfcafad/execution-plan
[2026-02-21T05:38:13.567Z] GET /api/sandbox/environment
[2026-02-21T05:38:13.568Z] GET /api/task-creation/sessions
[2026-02-21T05:38:17.558Z] GET /api/task-creation/sessions/93d383a3-a923-4100-a3ae-da501cfcafad
[2026-02-21T05:38:17.558Z] GET /api/task-creation/sessions/93d383a3-a923-4100-a3ae-da501cfcafad/messages
[2026-02-21T05:38:17.558Z] GET /api/task-creation/sessions/93d383a3-a923-4100-a3ae-da501cfcafad/intent
[2026-02-21T05:38:17.559Z] GET /api/task-creation/sessions/93d383a3-a923-4100-a3ae-da501cfcafad/task-description
[2026-02-21T05:38:17.559Z] GET /api/sandbox/environment
[2026-02-21T05:38:17.559Z] GET /api/task-creation/sessions/93d383a3-a923-4100-a3ae-da501cfcafad/execution-plan
[2026-02-21T05:38:17.560Z] GET /api/task-creation/sessions
✅ 数据库连接成功
[2026-02-21T05:38:21.554Z] GET /api/task-creation/sessions/93d383a3-a923-4100-a3ae-da501cfcafad
[2026-02-21T05:38:21.555Z] GET /api/task-creation/sessions/93d383a3-a923-4100-a3ae-da501cfcafad/messages
[2026-02-21T05:38:21.555Z] GET /api/task-creation/sessions/93d383a3-a923-4100-a3ae-da501cfcafad/intent
[2026-02-21T05:38:21.555Z] GET /api/task-creation/sessions/93d383a3-a923-4100-a3ae-da501cfcafad/task-description
[2026-02-21T05:38:21.555Z] GET /api/task-creation/sessions/93d383a3-a923-4100-a3ae-da501cfcafad/execution-plan
[2026-02-21T05:38:21.556Z] GET /api/sandbox/environment
[2026-02-21T05:38:21.556Z] GET /api/task-creation/sessions
[2026-02-21T05:38:25.561Z] GET /api/task-creation/sessions/93d383a3-a923-4100-a3ae-da501cfcafad/messages
[2026-02-21T05:38:25.562Z] GET /api/task-creation/sessions/93d383a3-a923-4100-a3ae-da501cfcafad
[2026-02-21T05:38:25.562Z] GET /api/task-creation/sessions/93d383a3-a923-4100-a3ae-da501cfcafad/intent
[2026-02-21T05:38:25.562Z] GET /api/task-creation/sessions/93d383a3-a923-4100-a3ae-da501cfcafad/task-description
[2026-02-21T05:38:25.563Z] GET /api/task-creation/sessions/93d383a3-a923-4100-a3ae-da501cfcafad/execution-plan
[2026-02-21T05:38:25.563Z] GET /api/sandbox/environment
[2026-02-21T05:38:25.563Z] GET /api/task-creation/sessions
[2026-02-21T05:38:29.555Z] GET /api/task-creation/sessions/93d383a3-a923-4100-a3ae-da501cfcafad
[2026-02-21T05:38:29.556Z] GET /api/task-creation/sessions/93d383a3-a923-4100-a3ae-da501cfcafad/messages
[2026-02-21T05:38:29.556Z] GET /api/task-creation/sessions/93d383a3-a923-4100-a3ae-da501cfcafad/intent
[2026-02-21T05:38:29.556Z] GET /api/task-creation/sessions/93d383a3-a923-4100-a3ae-da501cfcafad/task-description
[2026-02-21T05:38:29.557Z] GET /api/task-creation/sessions/93d383a3-a923-4100-a3ae-da501cfcafad/execution-plan
[2026-02-21T05:38:29.557Z] GET /api/sandbox/environment
[2026-02-21T05:38:29.557Z] GET /api/task-creation/sessions
[2026-02-21T05:38:33.563Z] GET /api/task-creation/sessions/93d383a3-a923-4100-a3ae-da501cfcafad/messages
[2026-02-21T05:38:33.564Z] GET /api/task-creation/sessions/93d383a3-a923-4100-a3ae-da501cfcafad
[2026-02-21T05:38:33.564Z] GET /api/task-creation/sessions/93d383a3-a923-4100-a3ae-da501cfcafad/intent
[2026-02-21T05:38:33.565Z] GET /api/task-creation/sessions/93d383a3-a923-4100-a3ae-da501cfcafad/task-description
[2026-02-21T05:38:33.565Z] GET /api/task-creation/sessions/93d383a3-a923-4100-a3ae-da501cfcafad/execution-plan
[2026-02-21T05:38:33.566Z] GET /api/sandbox/environment
[2026-02-21T05:38:33.566Z] GET /api/task-creation/sessions
✅ 数据库连接成功
[2026-02-21T05:38:37.556Z] GET /api/task-creation/sessions/93d383a3-a923-4100-a3ae-da501cfcafad
[2026-02-21T05:38:37.556Z] GET /api/task-creation/sessions/93d383a3-a923-4100-a3ae-da501cfcafad/messages
[2026-02-21T05:38:37.557Z] GET /api/task-creation/sessions/93d383a3-a923-4100-a3ae-da501cfcafad/intent
[2026-02-21T05:38:37.557Z] GET /api/task-creation/sessions/93d383a3-a923-4100-a3ae-da501cfcafad/task-description
[2026-02-21T05:38:37.557Z] GET /api/task-creation/sessions/93d383a3-a923-4100-a3ae-da501cfcafad/execution-plan
[2026-02-21T05:38:37.557Z] GET /api/task-creation/sessions
[2026-02-21T05:38:37.558Z] GET /api/sandbox/environment
[2026-02-21T05:38:41.562Z] GET /api/task-creation/sessions/93d383a3-a923-4100-a3ae-da501cfcafad
[2026-02-21T05:38:41.563Z] GET /api/task-creation/sessions/93d383a3-a923-4100-a3ae-da501cfcafad/messages
[2026-02-21T05:38:41.563Z] GET /api/task-creation/sessions/93d383a3-a923-4100-a3ae-da501cfcafad/intent
[2026-02-21T05:38:41.564Z] GET /api/task-creation/sessions/93d383a3-a923-4100-a3ae-da501cfcafad/task-description
[2026-02-21T05:38:41.564Z] GET /api/task-creation/sessions/93d383a3-a923-4100-a3ae-da501cfcafad/execution-plan
[2026-02-21T05:38:41.564Z] GET /api/task-creation/sessions
[2026-02-21T05:38:41.564Z] GET /api/sandbox/environment
[2026-02-21T05:38:45.558Z] GET /api/task-creation/sessions/93d383a3-a923-4100-a3ae-da501cfcafad
[2026-02-21T05:38:45.558Z] GET /api/task-creation/sessions/93d383a3-a923-4100-a3ae-da501cfcafad/messages
[2026-02-21T05:38:45.559Z] GET /api/task-creation/sessions/93d383a3-a923-4100-a3ae-da501cfcafad/intent
[2026-02-21T05:38:45.559Z] GET /api/task-creation/sessions/93d383a3-a923-4100-a3ae-da501cfcafad/task-description
[2026-02-21T05:38:45.559Z] GET /api/task-creation/sessions/93d383a3-a923-4100-a3ae-da501cfcafad/execution-plan
[2026-02-21T05:38:45.560Z] GET /api/sandbox/environment
[2026-02-21T05:38:45.560Z] GET /api/task-creation/sessions
[2026-02-21T05:38:49.557Z] GET /api/task-creation/sessions/93d383a3-a923-4100-a3ae-da501cfcafad
[2026-02-21T05:38:49.558Z] GET /api/task-creation/sessions/93d383a3-a923-4100-a3ae-da501cfcafad/messages
[2026-02-21T05:38:49.558Z] GET /api/task-creation/sessions/93d383a3-a923-4100-a3ae-da501cfcafad/intent
[2026-02-21T05:38:49.559Z] GET /api/task-creation/sessions/93d383a3-a923-4100-a3ae-da501cfcafad/task-description
[2026-02-21T05:38:49.559Z] GET /api/sandbox/environment
[2026-02-21T05:38:49.559Z] GET /api/task-creation/sessions/93d383a3-a923-4100-a3ae-da501cfcafad/execution-plan
[2026-02-21T05:38:49.559Z] GET /api/task-creation/sessions
✅ 数据库连接成功
[2026-02-21T05:38:53.557Z] GET /api/task-creation/sessions/93d383a3-a923-4100-a3ae-da501cfcafad
[2026-02-21T05:38:53.558Z] GET /api/task-creation/sessions/93d383a3-a923-4100-a3ae-da501cfcafad/messages
[2026-02-21T05:38:53.558Z] GET /api/task-creation/sessions/93d383a3-a923-4100-a3ae-da501cfcafad/intent
[2026-02-21T05:38:53.558Z] GET /api/task-creation/sessions/93d383a3-a923-4100-a3ae-da501cfcafad/task-description
[2026-02-21T05:38:53.559Z] GET /api/task-creation/sessions/93d383a3-a923-4100-a3ae-da501cfcafad/execution-plan
[2026-02-21T05:38:53.559Z] GET /api/sandbox/environment
[2026-02-21T05:38:53.559Z] GET /api/task-creation/sessions
[2026-02-21T05:38:57.564Z] GET /api/task-creation/sessions/93d383a3-a923-4100-a3ae-da501cfcafad/messages
[2026-02-21T05:38:57.565Z] GET /api/task-creation/sessions/93d383a3-a923-4100-a3ae-da501cfcafad
[2026-02-21T05:38:57.565Z] GET /api/task-creation/sessions/93d383a3-a923-4100-a3ae-da501cfcafad/intent
[2026-02-21T05:38:57.565Z] GET /api/task-creation/sessions/93d383a3-a923-4100-a3ae-da501cfcafad/task-description
[2026-02-21T05:38:57.566Z] GET /api/task-creation/sessions/93d383a3-a923-4100-a3ae-da501cfcafad/execution-plan
[2026-02-21T05:38:57.566Z] GET /api/task-creation/sessions
[2026-02-21T05:38:57.566Z] GET /api/sandbox/environment
[2026-02-21T05:39:01.558Z] GET /api/task-creation/sessions/93d383a3-a923-4100-a3ae-da501cfcafad
[2026-02-21T05:39:01.560Z] GET /api/task-creation/sessions/93d383a3-a923-4100-a3ae-da501cfcafad/messages
[2026-02-21T05:39:01.560Z] GET /api/task-creation/sessions/93d383a3-a923-4100-a3ae-da501cfcafad/intent
[2026-02-21T05:39:01.560Z] GET /api/task-creation/sessions/93d383a3-a923-4100-a3ae-da501cfcafad/task-description
[2026-02-21T05:39:01.560Z] GET /api/task-creation/sessions/93d383a3-a923-4100-a3ae-da501cfcafad/execution-plan
[2026-02-21T05:39:01.561Z] GET /api/sandbox/environment
[2026-02-21T05:39:01.562Z] GET /api/task-creation/sessions
[2026-02-21T05:39:05.553Z] GET /api/task-creation/sessions/93d383a3-a923-4100-a3ae-da501cfcafad
[2026-02-21T05:39:05.554Z] GET /api/task-creation/sessions/93d383a3-a923-4100-a3ae-da501cfcafad/intent
[2026-02-21T05:39:05.555Z] GET /api/task-creation/sessions/93d383a3-a923-4100-a3ae-da501cfcafad/messages
[2026-02-21T05:39:05.555Z] GET /api/task-creation/sessions/93d383a3-a923-4100-a3ae-da501cfcafad/task-description
[2026-02-21T05:39:05.556Z] GET /api/task-creation/sessions/93d383a3-a923-4100-a3ae-da501cfcafad/execution-plan
[2026-02-21T05:39:05.556Z] GET /api/sandbox/environment
[2026-02-21T05:39:05.556Z] GET /api/task-creation/sessions
✅ 数据库连接成功
[2026-02-21T05:39:09.003Z] GET /api/task-creation/sessions
[2026-02-21T05:39:09.552Z] GET /api/task-creation/sessions/93d383a3-a923-4100-a3ae-da501cfcafad
[2026-02-21T05:39:09.553Z] GET /api/task-creation/sessions/93d383a3-a923-4100-a3ae-da501cfcafad/messages
[2026-02-21T05:39:09.553Z] GET /api/task-creation/sessions/93d383a3-a923-4100-a3ae-da501cfcafad/intent
[2026-02-21T05:39:09.554Z] GET /api/task-creation/sessions/93d383a3-a923-4100-a3ae-da501cfcafad/task-description
[2026-02-21T05:39:09.554Z] GET /api/task-creation/sessions/93d383a3-a923-4100-a3ae-da501cfcafad/execution-plan
[2026-02-21T05:39:09.555Z] GET /api/sandbox/environment
[2026-02-21T05:39:09.555Z] GET /api/task-creation/sessions
[2026-02-21T05:39:13.559Z] GET /api/task-creation/sessions/93d383a3-a923-4100-a3ae-da501cfcafad
[2026-02-21T05:39:13.560Z] GET /api/task-creation/sessions/93d383a3-a923-4100-a3ae-da501cfcafad/messages
[2026-02-21T05:39:13.560Z] GET /api/task-creation/sessions/93d383a3-a923-4100-a3ae-da501cfcafad/intent
[2026-02-21T05:39:13.561Z] GET /api/task-creation/sessions/93d383a3-a923-4100-a3ae-da501cfcafad/task-description
[2026-02-21T05:39:13.561Z] GET /api/task-creation/sessions/93d383a3-a923-4100-a3ae-da501cfcafad/execution-plan
[2026-02-21T05:39:13.561Z] GET /api/sandbox/environment
[2026-02-21T05:39:13.562Z] GET /api/task-creation/sessions
[2026-02-21T05:39:17.558Z] GET /api/task-creation/sessions/93d383a3-a923-4100-a3ae-da501cfcafad/messages
[2026-02-21T05:39:17.559Z] GET /api/task-creation/sessions/93d383a3-a923-4100-a3ae-da501cfcafad
[2026-02-21T05:39:17.559Z] GET /api/task-creation/sessions/93d383a3-a923-4100-a3ae-da501cfcafad/task-description
[2026-02-21T05:39:17.559Z] GET /api/task-creation/sessions/93d383a3-a923-4100-a3ae-da501cfcafad/intent
[2026-02-21T05:39:17.560Z] GET /api/task-creation/sessions/93d383a3-a923-4100-a3ae-da501cfcafad/execution-plan
[2026-02-21T05:39:17.560Z] GET /api/sandbox/environment
[2026-02-21T05:39:17.560Z] GET /api/task-creation/sessions
[2026-02-21T05:39:21.557Z] GET /api/task-creation/sessions/93d383a3-a923-4100-a3ae-da501cfcafad
[2026-02-21T05:39:21.557Z] GET /api/task-creation/sessions/93d383a3-a923-4100-a3ae-da501cfcafad/messages
[2026-02-21T05:39:21.557Z] GET /api/task-creation/sessions/93d383a3-a923-4100-a3ae-da501cfcafad/task-description
[2026-02-21T05:39:21.558Z] GET /api/task-creation/sessions/93d383a3-a923-4100-a3ae-da501cfcafad/intent
[2026-02-21T05:39:21.558Z] GET /api/task-creation/sessions/93d383a3-a923-4100-a3ae-da501cfcafad/execution-plan
[2026-02-21T05:39:21.558Z] GET /api/sandbox/environment
[2026-02-21T05:39:21.559Z] GET /api/task-creation/sessions
✅ 数据库连接成功
[2026-02-21T05:39:25.552Z] GET /api/task-creation/sessions/93d383a3-a923-4100-a3ae-da501cfcafad
[2026-02-21T05:39:25.552Z] GET /api/task-creation/sessions/93d383a3-a923-4100-a3ae-da501cfcafad/messages
[2026-02-21T05:39:25.552Z] GET /api/task-creation/sessions/93d383a3-a923-4100-a3ae-da501cfcafad/intent
[2026-02-21T05:39:25.553Z] GET /api/task-creation/sessions/93d383a3-a923-4100-a3ae-da501cfcafad/task-description
[2026-02-21T05:39:25.553Z] GET /api/task-creation/sessions/93d383a3-a923-4100-a3ae-da501cfcafad/execution-plan
[2026-02-21T05:39:25.553Z] GET /api/sandbox/environment
[2026-02-21T05:39:25.554Z] GET /api/task-creation/sessions
[2026-02-21T05:39:29.566Z] GET /api/task-creation/sessions/93d383a3-a923-4100-a3ae-da501cfcafad
[2026-02-21T05:39:29.567Z] GET /api/task-creation/sessions/93d383a3-a923-4100-a3ae-da501cfcafad/messages
[2026-02-21T05:39:29.567Z] GET /api/task-creation/sessions/93d383a3-a923-4100-a3ae-da501cfcafad/intent
[2026-02-21T05:39:29.567Z] GET /api/task-creation/sessions/93d383a3-a923-4100-a3ae-da501cfcafad/task-description
[2026-02-21T05:39:29.568Z] GET /api/task-creation/sessions/93d383a3-a923-4100-a3ae-da501cfcafad/execution-plan
[2026-02-21T05:39:29.568Z] GET /api/sandbox/environment
[2026-02-21T05:39:29.569Z] GET /api/task-creation/sessions
[2026-02-21T05:39:33.563Z] GET /api/task-creation/sessions/93d383a3-a923-4100-a3ae-da501cfcafad
[2026-02-21T05:39:33.563Z] GET /api/task-creation/sessions/93d383a3-a923-4100-a3ae-da501cfcafad/messages
[2026-02-21T05:39:33.564Z] GET /api/task-creation/sessions/93d383a3-a923-4100-a3ae-da501cfcafad/intent
[2026-02-21T05:39:33.564Z] GET /api/task-creation/sessions/93d383a3-a923-4100-a3ae-da501cfcafad/task-description
[2026-02-21T05:39:33.564Z] GET /api/sandbox/environment
[2026-02-21T05:39:33.565Z] GET /api/task-creation/sessions/93d383a3-a923-4100-a3ae-da501cfcafad/execution-plan
[2026-02-21T05:39:33.565Z] GET /api/task-creation/sessions
[2026-02-21T05:39:37.554Z] GET /api/task-creation/sessions/93d383a3-a923-4100-a3ae-da501cfcafad
[2026-02-21T05:39:37.555Z] GET /api/task-creation/sessions/93d383a3-a923-4100-a3ae-da501cfcafad/messages
[2026-02-21T05:39:37.555Z] GET /api/task-creation/sessions/93d383a3-a923-4100-a3ae-da501cfcafad/intent
[2026-02-21T05:39:37.556Z] GET /api/task-creation/sessions/93d383a3-a923-4100-a3ae-da501cfcafad/task-description
[2026-02-21T05:39:37.556Z] GET /api/task-creation/sessions/93d383a3-a923-4100-a3ae-da501cfcafad/execution-plan
[2026-02-21T05:39:37.556Z] GET /api/sandbox/environment
[2026-02-21T05:39:37.556Z] GET /api/task-creation/sessions
✅ 数据库连接成功
[2026-02-21T05:39:41.566Z] GET /api/task-creation/sessions/93d383a3-a923-4100-a3ae-da501cfcafad
[2026-02-21T05:39:41.567Z] GET /api/task-creation/sessions/93d383a3-a923-4100-a3ae-da501cfcafad/messages
[2026-02-21T05:39:41.567Z] GET /api/task-creation/sessions/93d383a3-a923-4100-a3ae-da501cfcafad/intent
[2026-02-21T05:39:41.567Z] GET /api/task-creation/sessions/93d383a3-a923-4100-a3ae-da501cfcafad/task-description
[2026-02-21T05:39:41.567Z] GET /api/task-creation/sessions/93d383a3-a923-4100-a3ae-da501cfcafad/execution-plan
[2026-02-21T05:39:41.568Z] GET /api/sandbox/environment
[2026-02-21T05:39:41.568Z] GET /api/task-creation/sessions
[2026-02-21T05:39:45.565Z] GET /api/task-creation/sessions/93d383a3-a923-4100-a3ae-da501cfcafad
[2026-02-21T05:39:45.566Z] GET /api/task-creation/sessions/93d383a3-a923-4100-a3ae-da501cfcafad/messages
[2026-02-21T05:39:45.566Z] GET /api/task-creation/sessions/93d383a3-a923-4100-a3ae-da501cfcafad/intent
[2026-02-21T05:39:45.566Z] GET /api/task-creation/sessions/93d383a3-a923-4100-a3ae-da501cfcafad/task-description
[2026-02-21T05:39:45.567Z] GET /api/task-creation/sessions/93d383a3-a923-4100-a3ae-da501cfcafad/execution-plan
[2026-02-21T05:39:45.567Z] GET /api/sandbox/environment
[2026-02-21T05:39:45.568Z] GET /api/task-creation/sessions
[2026-02-21T05:39:49.560Z] GET /api/task-creation/sessions/93d383a3-a923-4100-a3ae-da501cfcafad
[2026-02-21T05:39:49.561Z] GET /api/task-creation/sessions/93d383a3-a923-4100-a3ae-da501cfcafad/messages
[2026-02-21T05:39:49.561Z] GET /api/task-creation/sessions/93d383a3-a923-4100-a3ae-da501cfcafad/intent
[2026-02-21T05:39:49.562Z] GET /api/task-creation/sessions/93d383a3-a923-4100-a3ae-da501cfcafad/task-description
[2026-02-21T05:39:49.562Z] GET /api/task-creation/sessions/93d383a3-a923-4100-a3ae-da501cfcafad/execution-plan
[2026-02-21T05:39:49.563Z] GET /api/sandbox/environment
[2026-02-21T05:39:49.563Z] GET /api/task-creation/sessions
[2026-02-21T05:39:53.564Z] GET /api/task-creation/sessions/93d383a3-a923-4100-a3ae-da501cfcafad
[2026-02-21T05:39:53.564Z] GET /api/task-creation/sessions/93d383a3-a923-4100-a3ae-da501cfcafad/messages
[2026-02-21T05:39:53.565Z] GET /api/task-creation/sessions/93d383a3-a923-4100-a3ae-da501cfcafad/intent
[2026-02-21T05:39:53.565Z] GET /api/task-creation/sessions/93d383a3-a923-4100-a3ae-da501cfcafad/execution-plan
[2026-02-21T05:39:53.565Z] GET /api/task-creation/sessions/93d383a3-a923-4100-a3ae-da501cfcafad/task-description
[2026-02-21T05:39:53.565Z] GET /api/sandbox/environment
[2026-02-21T05:39:53.566Z] GET /api/task-creation/sessions
✅ 数据库连接成功
[2026-02-21T05:39:57.561Z] GET /api/task-creation/sessions/93d383a3-a923-4100-a3ae-da501cfcafad
[2026-02-21T05:39:57.562Z] GET /api/task-creation/sessions/93d383a3-a923-4100-a3ae-da501cfcafad/messages
[2026-02-21T05:39:57.562Z] GET /api/task-creation/sessions/93d383a3-a923-4100-a3ae-da501cfcafad/intent
[2026-02-21T05:39:57.563Z] GET /api/task-creation/sessions/93d383a3-a923-4100-a3ae-da501cfcafad/task-description
[2026-02-21T05:39:57.563Z] GET /api/task-creation/sessions/93d383a3-a923-4100-a3ae-da501cfcafad/execution-plan
[2026-02-21T05:39:57.563Z] GET /api/sandbox/environment
[2026-02-21T05:39:57.563Z] GET /api/task-creation/sessions
[2026-02-21T05:40:01.558Z] GET /api/task-creation/sessions/93d383a3-a923-4100-a3ae-da501cfcafad
[2026-02-21T05:40:01.559Z] GET /api/task-creation/sessions/93d383a3-a923-4100-a3ae-da501cfcafad/messages
[2026-02-21T05:40:01.559Z] GET /api/task-creation/sessions/93d383a3-a923-4100-a3ae-da501cfcafad/intent
[2026-02-21T05:40:01.560Z] GET /api/task-creation/sessions/93d383a3-a923-4100-a3ae-da501cfcafad/task-description
[2026-02-21T05:40:01.560Z] GET /api/task-creation/sessions/93d383a3-a923-4100-a3ae-da501cfcafad/execution-plan
[2026-02-21T05:40:01.560Z] GET /api/sandbox/environment
[2026-02-21T05:40:01.560Z] GET /api/task-creation/sessions
[2026-02-21T05:40:05.560Z] GET /api/task-creation/sessions/93d383a3-a923-4100-a3ae-da501cfcafad
[2026-02-21T05:40:05.561Z] GET /api/task-creation/sessions/93d383a3-a923-4100-a3ae-da501cfcafad/messages
[2026-02-21T05:40:05.561Z] GET /api/task-creation/sessions/93d383a3-a923-4100-a3ae-da501cfcafad/intent
[2026-02-21T05:40:05.562Z] GET /api/task-creation/sessions/93d383a3-a923-4100-a3ae-da501cfcafad/task-description
[2026-02-21T05:40:05.562Z] GET /api/task-creation/sessions/93d383a3-a923-4100-a3ae-da501cfcafad/execution-plan
[2026-02-21T05:40:05.563Z] GET /api/sandbox/environment
[2026-02-21T05:40:05.563Z] GET /api/task-creation/sessions
[2026-02-21T05:40:09.000Z] GET /api/task-creation/sessions
[2026-02-21T05:40:09.560Z] GET /api/task-creation/sessions/93d383a3-a923-4100-a3ae-da501cfcafad
[2026-02-21T05:40:09.561Z] GET /api/task-creation/sessions/93d383a3-a923-4100-a3ae-da501cfcafad/messages
[2026-02-21T05:40:09.561Z] GET /api/task-creation/sessions/93d383a3-a923-4100-a3ae-da501cfcafad/intent
[2026-02-21T05:40:09.561Z] GET /api/task-creation/sessions/93d383a3-a923-4100-a3ae-da501cfcafad/task-description
[2026-02-21T05:40:09.561Z] GET /api/task-creation/sessions/93d383a3-a923-4100-a3ae-da501cfcafad/execution-plan
[2026-02-21T05:40:09.562Z] GET /api/sandbox/environment
[2026-02-21T05:40:09.562Z] GET /api/task-creation/sessions
✅ 数据库连接成功
[2026-02-21T05:40:13.554Z] GET /api/task-creation/sessions/93d383a3-a923-4100-a3ae-da501cfcafad/messages
[2026-02-21T05:40:13.554Z] GET /api/task-creation/sessions/93d383a3-a923-4100-a3ae-da501cfcafad
[2026-02-21T05:40:13.555Z] GET /api/task-creation/sessions/93d383a3-a923-4100-a3ae-da501cfcafad/intent
[2026-02-21T05:40:13.555Z] GET /api/task-creation/sessions/93d383a3-a923-4100-a3ae-da501cfcafad/task-description
[2026-02-21T05:40:13.555Z] GET /api/task-creation/sessions/93d383a3-a923-4100-a3ae-da501cfcafad/execution-plan
[2026-02-21T05:40:13.556Z] GET /api/sandbox/environment
[2026-02-21T05:40:13.556Z] GET /api/task-creation/sessions
[2026-02-21T05:40:17.554Z] GET /api/task-creation/sessions/93d383a3-a923-4100-a3ae-da501cfcafad
[2026-02-21T05:40:17.554Z] GET /api/task-creation/sessions/93d383a3-a923-4100-a3ae-da501cfcafad/messages
[2026-02-21T05:40:17.554Z] GET /api/task-creation/sessions/93d383a3-a923-4100-a3ae-da501cfcafad/intent
[2026-02-21T05:40:17.555Z] GET /api/task-creation/sessions/93d383a3-a923-4100-a3ae-da501cfcafad/task-description
[2026-02-21T05:40:17.555Z] GET /api/task-creation/sessions/93d383a3-a923-4100-a3ae-da501cfcafad/execution-plan
[2026-02-21T05:40:17.556Z] GET /api/sandbox/environment
[2026-02-21T05:40:17.556Z] GET /api/task-creation/sessions
[2026-02-21T05:40:21.553Z] GET /api/task-creation/sessions/93d383a3-a923-4100-a3ae-da501cfcafad
[2026-02-21T05:40:21.553Z] GET /api/task-creation/sessions/93d383a3-a923-4100-a3ae-da501cfcafad/messages
[2026-02-21T05:40:21.554Z] GET /api/task-creation/sessions/93d383a3-a923-4100-a3ae-da501cfcafad/intent
[2026-02-21T05:40:21.554Z] GET /api/task-creation/sessions/93d383a3-a923-4100-a3ae-da501cfcafad/task-description
[2026-02-21T05:40:21.554Z] GET /api/task-creation/sessions/93d383a3-a923-4100-a3ae-da501cfcafad/execution-plan
[2026-02-21T05:40:21.555Z] GET /api/task-creation/sessions
[2026-02-21T05:40:21.555Z] GET /api/sandbox/environment
[2026-02-21T05:40:25.561Z] GET /api/task-creation/sessions/93d383a3-a923-4100-a3ae-da501cfcafad
[2026-02-21T05:40:25.561Z] GET /api/task-creation/sessions/93d383a3-a923-4100-a3ae-da501cfcafad/messages
[2026-02-21T05:40:25.561Z] GET /api/task-creation/sessions/93d383a3-a923-4100-a3ae-da501cfcafad/intent
[2026-02-21T05:40:25.562Z] GET /api/task-creation/sessions/93d383a3-a923-4100-a3ae-da501cfcafad/execution-plan
[2026-02-21T05:40:25.563Z] GET /api/task-creation/sessions/93d383a3-a923-4100-a3ae-da501cfcafad/task-description
[2026-02-21T05:40:25.563Z] GET /api/task-creation/sessions
[2026-02-21T05:40:25.563Z] GET /api/sandbox/environment
✅ 数据库连接成功
[2026-02-21T05:40:29.561Z] GET /api/task-creation/sessions/93d383a3-a923-4100-a3ae-da501cfcafad
[2026-02-21T05:40:29.562Z] GET /api/task-creation/sessions/93d383a3-a923-4100-a3ae-da501cfcafad/messages
[2026-02-21T05:40:29.562Z] GET /api/task-creation/sessions/93d383a3-a923-4100-a3ae-da501cfcafad/intent
[2026-02-21T05:40:29.563Z] GET /api/task-creation/sessions/93d383a3-a923-4100-a3ae-da501cfcafad/execution-plan
[2026-02-21T05:40:29.564Z] GET /api/task-creation/sessions/93d383a3-a923-4100-a3ae-da501cfcafad/task-description
[2026-02-21T05:40:29.564Z] GET /api/sandbox/environment
[2026-02-21T05:40:29.564Z] GET /api/task-creation/sessions
[2026-02-21T05:40:33.554Z] GET /api/task-creation/sessions/93d383a3-a923-4100-a3ae-da501cfcafad
[2026-02-21T05:40:33.555Z] GET /api/task-creation/sessions/93d383a3-a923-4100-a3ae-da501cfcafad/messages
[2026-02-21T05:40:33.555Z] GET /api/task-creation/sessions/93d383a3-a923-4100-a3ae-da501cfcafad/intent
[2026-02-21T05:40:33.556Z] GET /api/task-creation/sessions/93d383a3-a923-4100-a3ae-da501cfcafad/task-description
[2026-02-21T05:40:33.556Z] GET /api/task-creation/sessions/93d383a3-a923-4100-a3ae-da501cfcafad/execution-plan
[2026-02-21T05:40:33.557Z] GET /api/sandbox/environment
[2026-02-21T05:40:33.557Z] GET /api/task-creation/sessions
[2026-02-21T05:40:37.563Z] GET /api/task-creation/sessions/93d383a3-a923-4100-a3ae-da501cfcafad
[2026-02-21T05:40:37.564Z] GET /api/task-creation/sessions/93d383a3-a923-4100-a3ae-da501cfcafad/messages
[2026-02-21T05:40:37.564Z] GET /api/task-creation/sessions/93d383a3-a923-4100-a3ae-da501cfcafad/task-description
[2026-02-21T05:40:37.564Z] GET /api/task-creation/sessions/93d383a3-a923-4100-a3ae-da501cfcafad/intent
[2026-02-21T05:40:37.565Z] GET /api/sandbox/environment
[2026-02-21T05:40:37.565Z] GET /api/task-creation/sessions/93d383a3-a923-4100-a3ae-da501cfcafad/execution-plan
[2026-02-21T05:40:37.565Z] GET /api/task-creation/sessions
[2026-02-21T05:40:41.551Z] GET /api/task-creation/sessions/93d383a3-a923-4100-a3ae-da501cfcafad
[2026-02-21T05:40:41.552Z] GET /api/task-creation/sessions/93d383a3-a923-4100-a3ae-da501cfcafad/messages
[2026-02-21T05:40:41.552Z] GET /api/task-creation/sessions/93d383a3-a923-4100-a3ae-da501cfcafad/intent
[2026-02-21T05:40:41.553Z] GET /api/task-creation/sessions/93d383a3-a923-4100-a3ae-da501cfcafad/execution-plan
[2026-02-21T05:40:41.553Z] GET /api/task-creation/sessions/93d383a3-a923-4100-a3ae-da501cfcafad/task-description
[2026-02-21T05:40:41.553Z] GET /api/task-creation/sessions
[2026-02-21T05:40:41.553Z] GET /api/sandbox/environment
✅ 数据库连接成功
[2026-02-21T05:40:45.563Z] GET /api/task-creation/sessions/93d383a3-a923-4100-a3ae-da501cfcafad
[2026-02-21T05:40:45.564Z] GET /api/task-creation/sessions/93d383a3-a923-4100-a3ae-da501cfcafad/messages
[2026-02-21T05:40:45.564Z] GET /api/task-creation/sessions/93d383a3-a923-4100-a3ae-da501cfcafad/intent
[2026-02-21T05:40:45.564Z] GET /api/task-creation/sessions/93d383a3-a923-4100-a3ae-da501cfcafad/task-description
[2026-02-21T05:40:45.565Z] GET /api/task-creation/sessions/93d383a3-a923-4100-a3ae-da501cfcafad/execution-plan
[2026-02-21T05:40:45.565Z] GET /api/sandbox/environment
[2026-02-21T05:40:45.566Z] GET /api/task-creation/sessions
[WebSocket] 客户端断开: client_1771652150478_zjj6hfzsr
[2026-02-21T05:40:49.559Z] GET /api/task-creation/sessions/93d383a3-a923-4100-a3ae-da501cfcafad/messages
[2026-02-21T05:40:49.559Z] GET /api/task-creation/sessions/93d383a3-a923-4100-a3ae-da501cfcafad
[2026-02-21T05:40:49.560Z] GET /api/task-creation/sessions/93d383a3-a923-4100-a3ae-da501cfcafad/intent
[2026-02-21T05:40:49.560Z] GET /api/task-creation/sessions/93d383a3-a923-4100-a3ae-da501cfcafad/task-description
[2026-02-21T05:40:49.560Z] GET /api/task-creation/sessions/93d383a3-a923-4100-a3ae-da501cfcafad/execution-plan
[2026-02-21T05:40:49.561Z] GET /api/sandbox/environment
[2026-02-21T05:40:49.561Z] GET /api/task-creation/sessions
[2026-02-21T05:40:53.558Z] GET /api/task-creation/sessions/93d383a3-a923-4100-a3ae-da501cfcafad
[2026-02-21T05:40:53.559Z] GET /api/task-creation/sessions/93d383a3-a923-4100-a3ae-da501cfcafad/intent
[2026-02-21T05:40:53.559Z] GET /api/task-creation/sessions/93d383a3-a923-4100-a3ae-da501cfcafad/messages
[2026-02-21T05:40:53.560Z] GET /api/task-creation/sessions/93d383a3-a923-4100-a3ae-da501cfcafad/task-description
[2026-02-21T05:40:53.560Z] GET /api/task-creation/sessions/93d383a3-a923-4100-a3ae-da501cfcafad/execution-plan
[2026-02-21T05:40:53.560Z] GET /api/sandbox/environment
[2026-02-21T05:40:53.560Z] GET /api/task-creation/sessions
[2026-02-21T05:40:57.553Z] GET /api/task-creation/sessions/93d383a3-a923-4100-a3ae-da501cfcafad/messages
[2026-02-21T05:40:57.554Z] GET /api/task-creation/sessions/93d383a3-a923-4100-a3ae-da501cfcafad
[2026-02-21T05:40:57.554Z] GET /api/task-creation/sessions/93d383a3-a923-4100-a3ae-da501cfcafad/intent
[2026-02-21T05:40:57.554Z] GET /api/task-creation/sessions/93d383a3-a923-4100-a3ae-da501cfcafad/task-description
[2026-02-21T05:40:57.555Z] GET /api/task-creation/sessions/93d383a3-a923-4100-a3ae-da501cfcafad/execution-plan
[2026-02-21T05:40:57.555Z] GET /api/sandbox/environment
[2026-02-21T05:40:57.556Z] GET /api/task-creation/sessions
✅ 数据库连接成功
[2026-02-21T05:41:01.551Z] GET /api/task-creation/sessions/93d383a3-a923-4100-a3ae-da501cfcafad/messages
[2026-02-21T05:41:01.552Z] GET /api/task-creation/sessions/93d383a3-a923-4100-a3ae-da501cfcafad
[2026-02-21T05:41:01.552Z] GET /api/task-creation/sessions/93d383a3-a923-4100-a3ae-da501cfcafad/intent
[2026-02-21T05:41:01.552Z] GET /api/task-creation/sessions/93d383a3-a923-4100-a3ae-da501cfcafad/task-description
[2026-02-21T05:41:01.553Z] GET /api/task-creation/sessions/93d383a3-a923-4100-a3ae-da501cfcafad/execution-plan
[2026-02-21T05:41:01.553Z] GET /api/sandbox/environment
[2026-02-21T05:41:01.553Z] GET /api/task-creation/sessions
[2026-02-21T05:41:05.553Z] GET /api/task-creation/sessions/93d383a3-a923-4100-a3ae-da501cfcafad
[2026-02-21T05:41:05.553Z] GET /api/task-creation/sessions/93d383a3-a923-4100-a3ae-da501cfcafad/messages
[2026-02-21T05:41:05.553Z] GET /api/task-creation/sessions/93d383a3-a923-4100-a3ae-da501cfcafad/intent
[2026-02-21T05:41:05.554Z] GET /api/task-creation/sessions/93d383a3-a923-4100-a3ae-da501cfcafad/execution-plan
[2026-02-21T05:41:05.554Z] GET /api/task-creation/sessions/93d383a3-a923-4100-a3ae-da501cfcafad/task-description
[2026-02-21T05:41:05.554Z] GET /api/sandbox/environment
[2026-02-21T05:41:05.555Z] GET /api/task-creation/sessions
[2026-02-21T05:41:08.997Z] GET /api/task-creation/sessions
[2026-02-21T05:41:09.562Z] GET /api/task-creation/sessions/93d383a3-a923-4100-a3ae-da501cfcafad
[2026-02-21T05:41:09.563Z] GET /api/task-creation/sessions/93d383a3-a923-4100-a3ae-da501cfcafad/messages
[2026-02-21T05:41:09.563Z] GET /api/task-creation/sessions/93d383a3-a923-4100-a3ae-da501cfcafad/intent
[2026-02-21T05:41:09.564Z] GET /api/task-creation/sessions/93d383a3-a923-4100-a3ae-da501cfcafad/task-description
[2026-02-21T05:41:09.564Z] GET /api/task-creation/sessions/93d383a3-a923-4100-a3ae-da501cfcafad/execution-plan
[2026-02-21T05:41:09.564Z] GET /api/task-creation/sessions
[2026-02-21T05:41:09.565Z] GET /api/sandbox/environment
[2026-02-21T05:41:13.557Z] GET /api/task-creation/sessions/93d383a3-a923-4100-a3ae-da501cfcafad
[2026-02-21T05:41:13.558Z] GET /api/task-creation/sessions/93d383a3-a923-4100-a3ae-da501cfcafad/messages
[2026-02-21T05:41:13.558Z] GET /api/task-creation/sessions/93d383a3-a923-4100-a3ae-da501cfcafad/intent
[2026-02-21T05:41:13.559Z] GET /api/task-creation/sessions/93d383a3-a923-4100-a3ae-da501cfcafad/task-description
[2026-02-21T05:41:13.559Z] GET /api/task-creation/sessions/93d383a3-a923-4100-a3ae-da501cfcafad/execution-plan
[2026-02-21T05:41:13.559Z] GET /api/sandbox/environment
[2026-02-21T05:41:13.559Z] GET /api/task-creation/sessions
✅ 数据库连接成功
[2026-02-21T05:41:17.560Z] GET /api/task-creation/sessions/93d383a3-a923-4100-a3ae-da501cfcafad
[2026-02-21T05:41:17.561Z] GET /api/task-creation/sessions/93d383a3-a923-4100-a3ae-da501cfcafad/intent
[2026-02-21T05:41:17.561Z] GET /api/task-creation/sessions/93d383a3-a923-4100-a3ae-da501cfcafad/messages
[2026-02-21T05:41:17.561Z] GET /api/task-creation/sessions/93d383a3-a923-4100-a3ae-da501cfcafad/task-description
[2026-02-21T05:41:17.561Z] GET /api/task-creation/sessions/93d383a3-a923-4100-a3ae-da501cfcafad/execution-plan
[2026-02-21T05:41:17.562Z] GET /api/sandbox/environment
[2026-02-21T05:41:17.562Z] GET /api/task-creation/sessions
[2026-02-21T05:41:21.556Z] GET /api/task-creation/sessions/93d383a3-a923-4100-a3ae-da501cfcafad
[2026-02-21T05:41:21.556Z] GET /api/task-creation/sessions/93d383a3-a923-4100-a3ae-da501cfcafad/messages
[2026-02-21T05:41:21.556Z] GET /api/task-creation/sessions/93d383a3-a923-4100-a3ae-da501cfcafad/intent
[2026-02-21T05:41:21.557Z] GET /api/task-creation/sessions/93d383a3-a923-4100-a3ae-da501cfcafad/task-description
[2026-02-21T05:41:21.557Z] GET /api/task-creation/sessions/93d383a3-a923-4100-a3ae-da501cfcafad/execution-plan
[2026-02-21T05:41:21.558Z] GET /api/task-creation/sessions
[2026-02-21T05:41:21.558Z] GET /api/sandbox/environment
[2026-02-21T05:41:25.555Z] GET /api/task-creation/sessions/93d383a3-a923-4100-a3ae-da501cfcafad
[2026-02-21T05:41:25.556Z] GET /api/task-creation/sessions/93d383a3-a923-4100-a3ae-da501cfcafad/intent
[2026-02-21T05:41:25.556Z] GET /api/task-creation/sessions/93d383a3-a923-4100-a3ae-da501cfcafad/messages
[2026-02-21T05:41:25.557Z] GET /api/task-creation/sessions/93d383a3-a923-4100-a3ae-da501cfcafad/task-description
[2026-02-21T05:41:25.557Z] GET /api/task-creation/sessions/93d383a3-a923-4100-a3ae-da501cfcafad/execution-plan
[2026-02-21T05:41:25.557Z] GET /api/sandbox/environment
[2026-02-21T05:41:25.557Z] GET /api/task-creation/sessions
[2026-02-21T05:41:29.554Z] GET /api/task-creation/sessions/93d383a3-a923-4100-a3ae-da501cfcafad
[2026-02-21T05:41:29.555Z] GET /api/task-creation/sessions/93d383a3-a923-4100-a3ae-da501cfcafad/messages
[2026-02-21T05:41:29.555Z] GET /api/task-creation/sessions/93d383a3-a923-4100-a3ae-da501cfcafad/intent
[2026-02-21T05:41:29.556Z] GET /api/task-creation/sessions/93d383a3-a923-4100-a3ae-da501cfcafad/task-description
[2026-02-21T05:41:29.556Z] GET /api/task-creation/sessions/93d383a3-a923-4100-a3ae-da501cfcafad/execution-plan
[2026-02-21T05:41:29.556Z] GET /api/sandbox/environment
[2026-02-21T05:41:29.557Z] GET /api/task-creation/sessions
✅ 数据库连接成功
[2026-02-21T05:41:33.556Z] GET /api/task-creation/sessions/93d383a3-a923-4100-a3ae-da501cfcafad
[2026-02-21T05:41:33.557Z] GET /api/task-creation/sessions/93d383a3-a923-4100-a3ae-da501cfcafad/messages
[2026-02-21T05:41:33.557Z] GET /api/task-creation/sessions/93d383a3-a923-4100-a3ae-da501cfcafad/task-description
[2026-02-21T05:41:33.557Z] GET /api/task-creation/sessions/93d383a3-a923-4100-a3ae-da501cfcafad/intent
[2026-02-21T05:41:33.558Z] GET /api/task-creation/sessions/93d383a3-a923-4100-a3ae-da501cfcafad/execution-plan
[2026-02-21T05:41:33.558Z] GET /api/sandbox/environment
[2026-02-21T05:41:33.558Z] GET /api/task-creation/sessions
[2026-02-21T05:41:37.563Z] GET /api/task-creation/sessions/93d383a3-a923-4100-a3ae-da501cfcafad
[2026-02-21T05:41:37.564Z] GET /api/task-creation/sessions/93d383a3-a923-4100-a3ae-da501cfcafad/messages
[2026-02-21T05:41:37.564Z] GET /api/task-creation/sessions/93d383a3-a923-4100-a3ae-da501cfcafad/intent
[2026-02-21T05:41:37.564Z] GET /api/task-creation/sessions/93d383a3-a923-4100-a3ae-da501cfcafad/task-description
[2026-02-21T05:41:37.565Z] GET /api/task-creation/sessions/93d383a3-a923-4100-a3ae-da501cfcafad/execution-plan
[2026-02-21T05:41:37.565Z] GET /api/sandbox/environment
[2026-02-21T05:41:37.566Z] GET /api/task-creation/sessions
[2026-02-21T05:41:41.567Z] GET /api/task-creation/sessions/93d383a3-a923-4100-a3ae-da501cfcafad
[2026-02-21T05:41:41.568Z] GET /api/task-creation/sessions/93d383a3-a923-4100-a3ae-da501cfcafad/messages
[2026-02-21T05:41:41.568Z] GET /api/task-creation/sessions/93d383a3-a923-4100-a3ae-da501cfcafad/intent
[2026-02-21T05:41:41.568Z] GET /api/task-creation/sessions/93d383a3-a923-4100-a3ae-da501cfcafad/execution-plan
[2026-02-21T05:41:41.569Z] GET /api/task-creation/sessions/93d383a3-a923-4100-a3ae-da501cfcafad/task-description
[2026-02-21T05:41:41.569Z] GET /api/sandbox/environment
[2026-02-21T05:41:41.570Z] GET /api/task-creation/sessions
[2026-02-21T05:41:45.567Z] GET /api/task-creation/sessions/93d383a3-a923-4100-a3ae-da501cfcafad/messages
[2026-02-21T05:41:45.567Z] GET /api/task-creation/sessions/93d383a3-a923-4100-a3ae-da501cfcafad
[2026-02-21T05:41:45.567Z] GET /api/task-creation/sessions/93d383a3-a923-4100-a3ae-da501cfcafad/task-description
[2026-02-21T05:41:45.568Z] GET /api/task-creation/sessions/93d383a3-a923-4100-a3ae-da501cfcafad/intent
[2026-02-21T05:41:45.568Z] GET /api/task-creation/sessions/93d383a3-a923-4100-a3ae-da501cfcafad/execution-plan
[2026-02-21T05:41:45.568Z] GET /api/sandbox/environment
[2026-02-21T05:41:45.569Z] GET /api/task-creation/sessions
✅ 数据库连接成功
[2026-02-21T05:41:49.564Z] GET /api/task-creation/sessions/93d383a3-a923-4100-a3ae-da501cfcafad
[2026-02-21T05:41:49.564Z] GET /api/task-creation/sessions/93d383a3-a923-4100-a3ae-da501cfcafad/messages
[2026-02-21T05:41:49.565Z] GET /api/task-creation/sessions/93d383a3-a923-4100-a3ae-da501cfcafad/intent
[2026-02-21T05:41:49.565Z] GET /api/task-creation/sessions/93d383a3-a923-4100-a3ae-da501cfcafad/task-description
[2026-02-21T05:41:49.565Z] GET /api/task-creation/sessions/93d383a3-a923-4100-a3ae-da501cfcafad/execution-plan
[2026-02-21T05:41:49.566Z] GET /api/sandbox/environment
[2026-02-21T05:41:49.566Z] GET /api/task-creation/sessions
[2026-02-21T05:41:53.562Z] GET /api/task-creation/sessions/93d383a3-a923-4100-a3ae-da501cfcafad
[2026-02-21T05:41:53.563Z] GET /api/task-creation/sessions/93d383a3-a923-4100-a3ae-da501cfcafad/messages
[2026-02-21T05:41:53.563Z] GET /api/task-creation/sessions/93d383a3-a923-4100-a3ae-da501cfcafad/intent
[2026-02-21T05:41:53.563Z] GET /api/task-creation/sessions/93d383a3-a923-4100-a3ae-da501cfcafad/task-description
[2026-02-21T05:41:53.564Z] GET /api/task-creation/sessions/93d383a3-a923-4100-a3ae-da501cfcafad/execution-plan
[2026-02-21T05:41:53.564Z] GET /api/sandbox/environment
[2026-02-21T05:41:53.565Z] GET /api/task-creation/sessions
[2026-02-21T05:41:57.561Z] GET /api/task-creation/sessions/93d383a3-a923-4100-a3ae-da501cfcafad
[2026-02-21T05:41:57.562Z] GET /api/task-creation/sessions/93d383a3-a923-4100-a3ae-da501cfcafad/messages
[2026-02-21T05:41:57.562Z] GET /api/task-creation/sessions/93d383a3-a923-4100-a3ae-da501cfcafad/intent
[2026-02-21T05:41:57.562Z] GET /api/task-creation/sessions/93d383a3-a923-4100-a3ae-da501cfcafad/task-description
[2026-02-21T05:41:57.563Z] GET /api/task-creation/sessions/93d383a3-a923-4100-a3ae-da501cfcafad/execution-plan
[2026-02-21T05:41:57.563Z] GET /api/sandbox/environment
[2026-02-21T05:41:57.563Z] GET /api/task-creation/sessions
[2026-02-21T05:42:01.553Z] GET /api/task-creation/sessions/93d383a3-a923-4100-a3ae-da501cfcafad
[2026-02-21T05:42:01.553Z] GET /api/task-creation/sessions/93d383a3-a923-4100-a3ae-da501cfcafad/intent
[2026-02-21T05:42:01.554Z] GET /api/task-creation/sessions/93d383a3-a923-4100-a3ae-da501cfcafad/messages
[2026-02-21T05:42:01.554Z] GET /api/task-creation/sessions/93d383a3-a923-4100-a3ae-da501cfcafad/task-description
[2026-02-21T05:42:01.554Z] GET /api/task-creation/sessions/93d383a3-a923-4100-a3ae-da501cfcafad/execution-plan
[2026-02-21T05:42:01.555Z] GET /api/sandbox/environment
[2026-02-21T05:42:01.555Z] GET /api/task-creation/sessions
✅ 数据库连接成功
[2026-02-21T05:42:05.561Z] GET /api/task-creation/sessions/93d383a3-a923-4100-a3ae-da501cfcafad
[2026-02-21T05:42:05.562Z] GET /api/task-creation/sessions/93d383a3-a923-4100-a3ae-da501cfcafad/messages
[2026-02-21T05:42:05.562Z] GET /api/task-creation/sessions/93d383a3-a923-4100-a3ae-da501cfcafad/intent
[2026-02-21T05:42:05.562Z] GET /api/task-creation/sessions/93d383a3-a923-4100-a3ae-da501cfcafad/task-description
[2026-02-21T05:42:05.563Z] GET /api/task-creation/sessions/93d383a3-a923-4100-a3ae-da501cfcafad/execution-plan
[2026-02-21T05:42:05.563Z] GET /api/task-creation/sessions
[2026-02-21T05:42:05.563Z] GET /api/sandbox/environment
[2026-02-21T05:42:09.011Z] GET /api/task-creation/sessions
[2026-02-21T05:42:09.560Z] GET /api/task-creation/sessions/93d383a3-a923-4100-a3ae-da501cfcafad/messages
[2026-02-21T05:42:09.561Z] GET /api/task-creation/sessions/93d383a3-a923-4100-a3ae-da501cfcafad
[2026-02-21T05:42:09.561Z] GET /api/task-creation/sessions/93d383a3-a923-4100-a3ae-da501cfcafad/intent
[2026-02-21T05:42:09.561Z] GET /api/task-creation/sessions/93d383a3-a923-4100-a3ae-da501cfcafad/task-description
[2026-02-21T05:42:09.562Z] GET /api/task-creation/sessions/93d383a3-a923-4100-a3ae-da501cfcafad/execution-plan
[2026-02-21T05:42:09.562Z] GET /api/sandbox/environment
[2026-02-21T05:42:09.562Z] GET /api/task-creation/sessions
[2026-02-21T05:42:13.560Z] GET /api/task-creation/sessions/93d383a3-a923-4100-a3ae-da501cfcafad
[2026-02-21T05:42:13.560Z] GET /api/task-creation/sessions/93d383a3-a923-4100-a3ae-da501cfcafad/intent
[2026-02-21T05:42:13.561Z] GET /api/task-creation/sessions/93d383a3-a923-4100-a3ae-da501cfcafad/messages
[2026-02-21T05:42:13.561Z] GET /api/task-creation/sessions/93d383a3-a923-4100-a3ae-da501cfcafad/task-description
[2026-02-21T05:42:13.561Z] GET /api/task-creation/sessions/93d383a3-a923-4100-a3ae-da501cfcafad/execution-plan
[2026-02-21T05:42:13.562Z] GET /api/sandbox/environment
[2026-02-21T05:42:13.562Z] GET /api/task-creation/sessions
[2026-02-21T05:42:17.576Z] GET /api/task-creation/sessions/93d383a3-a923-4100-a3ae-da501cfcafad
[2026-02-21T05:42:17.576Z] GET /api/task-creation/sessions/93d383a3-a923-4100-a3ae-da501cfcafad/messages
[2026-02-21T05:42:17.577Z] GET /api/task-creation/sessions/93d383a3-a923-4100-a3ae-da501cfcafad/intent
[2026-02-21T05:42:17.577Z] GET /api/task-creation/sessions/93d383a3-a923-4100-a3ae-da501cfcafad/task-description
[2026-02-21T05:42:17.577Z] GET /api/task-creation/sessions/93d383a3-a923-4100-a3ae-da501cfcafad/execution-plan
[2026-02-21T05:42:17.577Z] GET /api/sandbox/environment
[2026-02-21T05:42:17.578Z] GET /api/task-creation/sessions
✅ 数据库连接成功
[2026-02-21T05:42:21.565Z] GET /api/task-creation/sessions/93d383a3-a923-4100-a3ae-da501cfcafad
[2026-02-21T05:42:21.566Z] GET /api/task-creation/sessions/93d383a3-a923-4100-a3ae-da501cfcafad/messages
[2026-02-21T05:42:21.566Z] GET /api/sandbox/environment
[2026-02-21T05:42:21.567Z] GET /api/task-creation/sessions/93d383a3-a923-4100-a3ae-da501cfcafad/intent
[2026-02-21T05:42:21.567Z] GET /api/task-creation/sessions/93d383a3-a923-4100-a3ae-da501cfcafad/task-description
[2026-02-21T05:42:21.567Z] GET /api/task-creation/sessions/93d383a3-a923-4100-a3ae-da501cfcafad/execution-plan
[2026-02-21T05:42:21.567Z] GET /api/task-creation/sessions
[2026-02-21T05:42:25.556Z] GET /api/task-creation/sessions/93d383a3-a923-4100-a3ae-da501cfcafad/task-description
[2026-02-21T05:42:25.557Z] GET /api/sandbox/environment
[2026-02-21T05:42:25.558Z] GET /api/task-creation/sessions/93d383a3-a923-4100-a3ae-da501cfcafad/execution-plan
[2026-02-21T05:42:25.558Z] GET /api/task-creation/sessions
[2026-02-21T05:42:25.558Z] GET /api/task-creation/sessions/93d383a3-a923-4100-a3ae-da501cfcafad
[2026-02-21T05:42:25.559Z] GET /api/task-creation/sessions/93d383a3-a923-4100-a3ae-da501cfcafad/messages
[2026-02-21T05:42:25.559Z] GET /api/task-creation/sessions/93d383a3-a923-4100-a3ae-da501cfcafad/intent
[2026-02-21T05:42:29.556Z] GET /api/task-creation/sessions/93d383a3-a923-4100-a3ae-da501cfcafad/messages
[2026-02-21T05:42:29.556Z] GET /api/task-creation/sessions/93d383a3-a923-4100-a3ae-da501cfcafad
[2026-02-21T05:42:29.556Z] GET /api/task-creation/sessions/93d383a3-a923-4100-a3ae-da501cfcafad/intent
[2026-02-21T05:42:29.557Z] GET /api/task-creation/sessions/93d383a3-a923-4100-a3ae-da501cfcafad/task-description
[2026-02-21T05:42:29.557Z] GET /api/task-creation/sessions/93d383a3-a923-4100-a3ae-da501cfcafad/execution-plan
[2026-02-21T05:42:29.557Z] GET /api/sandbox/environment
[2026-02-21T05:42:29.558Z] GET /api/task-creation/sessions
[2026-02-21T05:42:33.552Z] GET /api/task-creation/sessions/93d383a3-a923-4100-a3ae-da501cfcafad
[2026-02-21T05:42:33.552Z] GET /api/task-creation/sessions/93d383a3-a923-4100-a3ae-da501cfcafad/messages
[2026-02-21T05:42:33.552Z] GET /api/task-creation/sessions/93d383a3-a923-4100-a3ae-da501cfcafad/intent
[2026-02-21T05:42:33.553Z] GET /api/task-creation/sessions/93d383a3-a923-4100-a3ae-da501cfcafad/task-description
[2026-02-21T05:42:33.553Z] GET /api/task-creation/sessions/93d383a3-a923-4100-a3ae-da501cfcafad/execution-plan
[2026-02-21T05:42:33.554Z] GET /api/task-creation/sessions
[2026-02-21T05:42:33.554Z] GET /api/sandbox/environment
✅ 数据库连接成功
[2026-02-21T05:42:37.554Z] GET /api/task-creation/sessions/93d383a3-a923-4100-a3ae-da501cfcafad/messages
[2026-02-21T05:42:37.555Z] GET /api/task-creation/sessions/93d383a3-a923-4100-a3ae-da501cfcafad
[2026-02-21T05:42:37.555Z] GET /api/task-creation/sessions/93d383a3-a923-4100-a3ae-da501cfcafad/intent
[2026-02-21T05:42:37.556Z] GET /api/task-creation/sessions/93d383a3-a923-4100-a3ae-da501cfcafad/task-description
[2026-02-21T05:42:37.556Z] GET /api/task-creation/sessions/93d383a3-a923-4100-a3ae-da501cfcafad/execution-plan
[2026-02-21T05:42:37.556Z] GET /api/sandbox/environment
[2026-02-21T05:42:37.556Z] GET /api/task-creation/sessions
[2026-02-21T05:42:41.562Z] GET /api/task-creation/sessions/93d383a3-a923-4100-a3ae-da501cfcafad/messages
[2026-02-21T05:42:41.563Z] GET /api/task-creation/sessions/93d383a3-a923-4100-a3ae-da501cfcafad
[2026-02-21T05:42:41.563Z] GET /api/task-creation/sessions/93d383a3-a923-4100-a3ae-da501cfcafad/intent
[2026-02-21T05:42:41.563Z] GET /api/task-creation/sessions/93d383a3-a923-4100-a3ae-da501cfcafad/task-description
[2026-02-21T05:42:41.564Z] GET /api/task-creation/sessions/93d383a3-a923-4100-a3ae-da501cfcafad/execution-plan
[2026-02-21T05:42:41.564Z] GET /api/sandbox/environment
[2026-02-21T05:42:41.564Z] GET /api/task-creation/sessions
[2026-02-21T05:42:45.554Z] GET /api/task-creation/sessions/93d383a3-a923-4100-a3ae-da501cfcafad
[2026-02-21T05:42:45.555Z] GET /api/task-creation/sessions/93d383a3-a923-4100-a3ae-da501cfcafad/messages
[2026-02-21T05:42:45.555Z] GET /api/task-creation/sessions/93d383a3-a923-4100-a3ae-da501cfcafad/intent
[2026-02-21T05:42:45.555Z] GET /api/task-creation/sessions/93d383a3-a923-4100-a3ae-da501cfcafad/task-description
[2026-02-21T05:42:45.556Z] GET /api/task-creation/sessions/93d383a3-a923-4100-a3ae-da501cfcafad/execution-plan
[2026-02-21T05:42:45.556Z] GET /api/task-creation/sessions
[2026-02-21T05:42:45.556Z] GET /api/sandbox/environment
[2026-02-21T05:42:49.562Z] GET /api/task-creation/sessions
[2026-02-21T05:42:49.563Z] GET /api/task-creation/sessions/93d383a3-a923-4100-a3ae-da501cfcafad
[2026-02-21T05:42:49.563Z] GET /api/task-creation/sessions/93d383a3-a923-4100-a3ae-da501cfcafad/messages
[2026-02-21T05:42:49.563Z] GET /api/task-creation/sessions/93d383a3-a923-4100-a3ae-da501cfcafad/intent
[2026-02-21T05:42:49.563Z] GET /api/task-creation/sessions/93d383a3-a923-4100-a3ae-da501cfcafad/task-description
[2026-02-21T05:42:49.564Z] GET /api/sandbox/environment
[2026-02-21T05:42:49.564Z] GET /api/task-creation/sessions/93d383a3-a923-4100-a3ae-da501cfcafad/execution-plan
✅ 数据库连接成功
[2026-02-21T05:42:53.552Z] GET /api/task-creation/sessions/93d383a3-a923-4100-a3ae-da501cfcafad/messages
[2026-02-21T05:42:53.553Z] GET /api/task-creation/sessions/93d383a3-a923-4100-a3ae-da501cfcafad
[2026-02-21T05:42:53.553Z] GET /api/task-creation/sessions/93d383a3-a923-4100-a3ae-da501cfcafad/intent
[2026-02-21T05:42:53.553Z] GET /api/task-creation/sessions/93d383a3-a923-4100-a3ae-da501cfcafad/task-description
[2026-02-21T05:42:53.554Z] GET /api/sandbox/environment
[2026-02-21T05:42:53.554Z] GET /api/task-creation/sessions/93d383a3-a923-4100-a3ae-da501cfcafad/execution-plan
[2026-02-21T05:42:53.554Z] GET /api/task-creation/sessions
[2026-02-21T05:42:57.558Z] GET /api/task-creation/sessions/93d383a3-a923-4100-a3ae-da501cfcafad
[2026-02-21T05:42:57.559Z] GET /api/task-creation/sessions/93d383a3-a923-4100-a3ae-da501cfcafad/messages
[2026-02-21T05:42:57.559Z] GET /api/task-creation/sessions/93d383a3-a923-4100-a3ae-da501cfcafad/intent
[2026-02-21T05:42:57.560Z] GET /api/task-creation/sessions/93d383a3-a923-4100-a3ae-da501cfcafad/task-description
[2026-02-21T05:42:57.560Z] GET /api/task-creation/sessions/93d383a3-a923-4100-a3ae-da501cfcafad/execution-plan
[2026-02-21T05:42:57.560Z] GET /api/sandbox/environment
[2026-02-21T05:42:57.561Z] GET /api/task-creation/sessions
[2026-02-21T05:43:01.566Z] GET /api/task-creation/sessions/93d383a3-a923-4100-a3ae-da501cfcafad
[2026-02-21T05:43:01.567Z] GET /api/task-creation/sessions/93d383a3-a923-4100-a3ae-da501cfcafad/messages
[2026-02-21T05:43:01.567Z] GET /api/task-creation/sessions/93d383a3-a923-4100-a3ae-da501cfcafad/intent
[2026-02-21T05:43:01.567Z] GET /api/task-creation/sessions/93d383a3-a923-4100-a3ae-da501cfcafad/execution-plan
[2026-02-21T05:43:01.568Z] GET /api/task-creation/sessions/93d383a3-a923-4100-a3ae-da501cfcafad/task-description
[2026-02-21T05:43:01.568Z] GET /api/sandbox/environment
[2026-02-21T05:43:01.568Z] GET /api/task-creation/sessions
[2026-02-21T05:43:05.566Z] GET /api/task-creation/sessions/93d383a3-a923-4100-a3ae-da501cfcafad
[2026-02-21T05:43:05.567Z] GET /api/task-creation/sessions/93d383a3-a923-4100-a3ae-da501cfcafad/messages
[2026-02-21T05:43:05.567Z] GET /api/task-creation/sessions/93d383a3-a923-4100-a3ae-da501cfcafad/intent
[2026-02-21T05:43:05.568Z] GET /api/task-creation/sessions/93d383a3-a923-4100-a3ae-da501cfcafad/task-description
[2026-02-21T05:43:05.568Z] GET /api/task-creation/sessions/93d383a3-a923-4100-a3ae-da501cfcafad/execution-plan
[2026-02-21T05:43:05.569Z] GET /api/sandbox/environment
[2026-02-21T05:43:05.569Z] GET /api/task-creation/sessions
✅ 数据库连接成功
[2026-02-21T05:43:09.000Z] GET /api/task-creation/sessions
[2026-02-21T05:43:09.565Z] GET /api/task-creation/sessions/93d383a3-a923-4100-a3ae-da501cfcafad
[2026-02-21T05:43:09.566Z] GET /api/task-creation/sessions/93d383a3-a923-4100-a3ae-da501cfcafad/messages
[2026-02-21T05:43:09.566Z] GET /api/task-creation/sessions/93d383a3-a923-4100-a3ae-da501cfcafad/intent
[2026-02-21T05:43:09.567Z] GET /api/task-creation/sessions/93d383a3-a923-4100-a3ae-da501cfcafad/execution-plan
[2026-02-21T05:43:09.567Z] GET /api/task-creation/sessions/93d383a3-a923-4100-a3ae-da501cfcafad/task-description
[2026-02-21T05:43:09.568Z] GET /api/sandbox/environment
[2026-02-21T05:43:09.568Z] GET /api/task-creation/sessions
[2026-02-21T05:43:13.566Z] GET /api/task-creation/sessions/93d383a3-a923-4100-a3ae-da501cfcafad
[2026-02-21T05:43:13.567Z] GET /api/task-creation/sessions/93d383a3-a923-4100-a3ae-da501cfcafad/intent
[2026-02-21T05:43:13.567Z] GET /api/task-creation/sessions/93d383a3-a923-4100-a3ae-da501cfcafad/messages
[2026-02-21T05:43:13.567Z] GET /api/task-creation/sessions/93d383a3-a923-4100-a3ae-da501cfcafad/task-description
[2026-02-21T05:43:13.567Z] GET /api/task-creation/sessions/93d383a3-a923-4100-a3ae-da501cfcafad/execution-plan
[2026-02-21T05:43:13.568Z] GET /api/sandbox/environment
[2026-02-21T05:43:13.568Z] GET /api/task-creation/sessions
[2026-02-21T05:43:17.554Z] GET /api/task-creation/sessions/93d383a3-a923-4100-a3ae-da501cfcafad
[2026-02-21T05:43:17.555Z] GET /api/task-creation/sessions/93d383a3-a923-4100-a3ae-da501cfcafad/messages
[2026-02-21T05:43:17.555Z] GET /api/task-creation/sessions/93d383a3-a923-4100-a3ae-da501cfcafad/intent
[2026-02-21T05:43:17.555Z] GET /api/task-creation/sessions/93d383a3-a923-4100-a3ae-da501cfcafad/task-description
[2026-02-21T05:43:17.555Z] GET /api/task-creation/sessions/93d383a3-a923-4100-a3ae-da501cfcafad/execution-plan
[2026-02-21T05:43:17.556Z] GET /api/sandbox/environment
[2026-02-21T05:43:17.556Z] GET /api/task-creation/sessions
[2026-02-21T05:43:21.558Z] GET /api/task-creation/sessions/93d383a3-a923-4100-a3ae-da501cfcafad/messages
[2026-02-21T05:43:21.559Z] GET /api/task-creation/sessions/93d383a3-a923-4100-a3ae-da501cfcafad
[2026-02-21T05:43:21.559Z] GET /api/task-creation/sessions/93d383a3-a923-4100-a3ae-da501cfcafad/intent
[2026-02-21T05:43:21.560Z] GET /api/task-creation/sessions/93d383a3-a923-4100-a3ae-da501cfcafad/execution-plan
[2026-02-21T05:43:21.560Z] GET /api/task-creation/sessions/93d383a3-a923-4100-a3ae-da501cfcafad/task-description
[2026-02-21T05:43:21.560Z] GET /api/sandbox/environment
[2026-02-21T05:43:21.560Z] GET /api/task-creation/sessions
✅ 数据库连接成功
[2026-02-21T05:43:25.567Z] GET /api/task-creation/sessions/93d383a3-a923-4100-a3ae-da501cfcafad
[2026-02-21T05:43:25.568Z] GET /api/task-creation/sessions/93d383a3-a923-4100-a3ae-da501cfcafad/messages
[2026-02-21T05:43:25.568Z] GET /api/task-creation/sessions/93d383a3-a923-4100-a3ae-da501cfcafad/intent
[2026-02-21T05:43:25.568Z] GET /api/task-creation/sessions/93d383a3-a923-4100-a3ae-da501cfcafad/execution-plan
[2026-02-21T05:43:25.569Z] GET /api/task-creation/sessions/93d383a3-a923-4100-a3ae-da501cfcafad/task-description
[2026-02-21T05:43:25.569Z] GET /api/task-creation/sessions
[2026-02-21T05:43:25.569Z] GET /api/sandbox/environment
[2026-02-21T05:43:29.557Z] GET /api/task-creation/sessions/93d383a3-a923-4100-a3ae-da501cfcafad
[2026-02-21T05:43:29.557Z] GET /api/task-creation/sessions/93d383a3-a923-4100-a3ae-da501cfcafad/intent
[2026-02-21T05:43:29.558Z] GET /api/task-creation/sessions/93d383a3-a923-4100-a3ae-da501cfcafad/messages
[2026-02-21T05:43:29.558Z] GET /api/task-creation/sessions/93d383a3-a923-4100-a3ae-da501cfcafad/task-description
[2026-02-21T05:43:29.558Z] GET /api/sandbox/environment
[2026-02-21T05:43:29.559Z] GET /api/task-creation/sessions/93d383a3-a923-4100-a3ae-da501cfcafad/execution-plan
[2026-02-21T05:43:29.559Z] GET /api/task-creation/sessions
[2026-02-21T05:43:34.005Z] GET /api/task-creation/sessions/93d383a3-a923-4100-a3ae-da501cfcafad
[2026-02-21T05:43:34.005Z] GET /api/task-creation/sessions/93d383a3-a923-4100-a3ae-da501cfcafad/messages
[2026-02-21T05:43:34.005Z] GET /api/task-creation/sessions/93d383a3-a923-4100-a3ae-da501cfcafad/intent
[2026-02-21T05:43:34.006Z] GET /api/task-creation/sessions/93d383a3-a923-4100-a3ae-da501cfcafad/task-description
[2026-02-21T05:43:34.006Z] GET /api/task-creation/sessions/93d383a3-a923-4100-a3ae-da501cfcafad/execution-plan
[2026-02-21T05:43:34.007Z] GET /api/sandbox/environment
[2026-02-21T05:43:34.007Z] GET /api/task-creation/sessions
[2026-02-21T05:43:38.007Z] GET /api/task-creation/sessions/93d383a3-a923-4100-a3ae-da501cfcafad/messages
[2026-02-21T05:43:38.008Z] GET /api/task-creation/sessions/93d383a3-a923-4100-a3ae-da501cfcafad
[2026-02-21T05:43:38.008Z] GET /api/task-creation/sessions/93d383a3-a923-4100-a3ae-da501cfcafad/intent
[2026-02-21T05:43:38.008Z] GET /api/task-creation/sessions/93d383a3-a923-4100-a3ae-da501cfcafad/task-description
[2026-02-21T05:43:38.009Z] GET /api/task-creation/sessions/93d383a3-a923-4100-a3ae-da501cfcafad/execution-plan
[2026-02-21T05:43:38.009Z] GET /api/sandbox/environment
[2026-02-21T05:43:38.009Z] GET /api/task-creation/sessions
✅ 数据库连接成功
[2026-02-21T05:43:41.999Z] GET /api/task-creation/sessions/93d383a3-a923-4100-a3ae-da501cfcafad
[2026-02-21T05:43:42.000Z] GET /api/task-creation/sessions/93d383a3-a923-4100-a3ae-da501cfcafad/messages
[2026-02-21T05:43:42.000Z] GET /api/task-creation/sessions/93d383a3-a923-4100-a3ae-da501cfcafad/intent
[2026-02-21T05:43:42.000Z] GET /api/task-creation/sessions/93d383a3-a923-4100-a3ae-da501cfcafad/task-description
[2026-02-21T05:43:42.001Z] GET /api/task-creation/sessions/93d383a3-a923-4100-a3ae-da501cfcafad/execution-plan
[2026-02-21T05:43:42.001Z] GET /api/sandbox/environment
[2026-02-21T05:43:42.001Z] GET /api/task-creation/sessions
[2026-02-21T05:43:46.000Z] GET /api/task-creation/sessions/93d383a3-a923-4100-a3ae-da501cfcafad
[2026-02-21T05:43:46.001Z] GET /api/task-creation/sessions/93d383a3-a923-4100-a3ae-da501cfcafad/intent
[2026-02-21T05:43:46.001Z] GET /api/task-creation/sessions/93d383a3-a923-4100-a3ae-da501cfcafad/messages
[2026-02-21T05:43:46.001Z] GET /api/task-creation/sessions/93d383a3-a923-4100-a3ae-da501cfcafad/task-description
[2026-02-21T05:43:46.001Z] GET /api/task-creation/sessions/93d383a3-a923-4100-a3ae-da501cfcafad/execution-plan
[2026-02-21T05:43:46.002Z] GET /api/sandbox/environment
[2026-02-21T05:43:46.002Z] GET /api/task-creation/sessions
[2026-02-21T05:43:50.005Z] GET /api/task-creation/sessions/93d383a3-a923-4100-a3ae-da501cfcafad
[2026-02-21T05:43:50.006Z] GET /api/task-creation/sessions/93d383a3-a923-4100-a3ae-da501cfcafad/messages
[2026-02-21T05:43:50.006Z] GET /api/task-creation/sessions/93d383a3-a923-4100-a3ae-da501cfcafad/intent
[2026-02-21T05:43:50.007Z] GET /api/task-creation/sessions/93d383a3-a923-4100-a3ae-da501cfcafad/task-description
[2026-02-21T05:43:50.007Z] GET /api/task-creation/sessions/93d383a3-a923-4100-a3ae-da501cfcafad/execution-plan
[2026-02-21T05:43:50.008Z] GET /api/sandbox/environment
[2026-02-21T05:43:50.008Z] GET /api/task-creation/sessions
[2026-02-21T05:43:54.005Z] GET /api/task-creation/sessions/93d383a3-a923-4100-a3ae-da501cfcafad
[2026-02-21T05:43:54.005Z] GET /api/task-creation/sessions/93d383a3-a923-4100-a3ae-da501cfcafad/messages
[2026-02-21T05:43:54.005Z] GET /api/task-creation/sessions/93d383a3-a923-4100-a3ae-da501cfcafad/intent
[2026-02-21T05:43:54.006Z] GET /api/task-creation/sessions/93d383a3-a923-4100-a3ae-da501cfcafad/task-description
[2026-02-21T05:43:54.006Z] GET /api/task-creation/sessions/93d383a3-a923-4100-a3ae-da501cfcafad/execution-plan
[2026-02-21T05:43:54.006Z] GET /api/sandbox/environment
[2026-02-21T05:43:54.007Z] GET /api/task-creation/sessions
✅ 数据库连接成功
[2026-02-21T05:43:58.008Z] GET /api/task-creation/sessions/93d383a3-a923-4100-a3ae-da501cfcafad/messages
[2026-02-21T05:43:58.009Z] GET /api/task-creation/sessions/93d383a3-a923-4100-a3ae-da501cfcafad
[2026-02-21T05:43:58.009Z] GET /api/task-creation/sessions/93d383a3-a923-4100-a3ae-da501cfcafad/intent
[2026-02-21T05:43:58.010Z] GET /api/task-creation/sessions/93d383a3-a923-4100-a3ae-da501cfcafad/task-description
[2026-02-21T05:43:58.010Z] GET /api/task-creation/sessions/93d383a3-a923-4100-a3ae-da501cfcafad/execution-plan
[2026-02-21T05:43:58.010Z] GET /api/sandbox/environment
[2026-02-21T05:43:58.010Z] GET /api/task-creation/sessions
[2026-02-21T05:44:02.003Z] GET /api/task-creation/sessions/93d383a3-a923-4100-a3ae-da501cfcafad
[2026-02-21T05:44:02.004Z] GET /api/task-creation/sessions/93d383a3-a923-4100-a3ae-da501cfcafad/intent
[2026-02-21T05:44:02.004Z] GET /api/task-creation/sessions/93d383a3-a923-4100-a3ae-da501cfcafad/messages
[2026-02-21T05:44:02.005Z] GET /api/task-creation/sessions/93d383a3-a923-4100-a3ae-da501cfcafad/task-description
[2026-02-21T05:44:02.005Z] GET /api/sandbox/environment
[2026-02-21T05:44:02.005Z] GET /api/task-creation/sessions
[2026-02-21T05:44:02.005Z] GET /api/task-creation/sessions/93d383a3-a923-4100-a3ae-da501cfcafad/execution-plan
[2026-02-21T05:44:06.002Z] GET /api/task-creation/sessions
[2026-02-21T05:44:06.002Z] GET /api/task-creation/sessions/93d383a3-a923-4100-a3ae-da501cfcafad/messages
[2026-02-21T05:44:06.003Z] GET /api/task-creation/sessions/93d383a3-a923-4100-a3ae-da501cfcafad
[2026-02-21T05:44:06.003Z] GET /api/task-creation/sessions/93d383a3-a923-4100-a3ae-da501cfcafad/intent
[2026-02-21T05:44:06.003Z] GET /api/task-creation/sessions/93d383a3-a923-4100-a3ae-da501cfcafad/task-description
[2026-02-21T05:44:06.003Z] GET /api/task-creation/sessions/93d383a3-a923-4100-a3ae-da501cfcafad/execution-plan
[2026-02-21T05:44:06.004Z] GET /api/sandbox/environment
[2026-02-21T05:44:09.011Z] GET /api/task-creation/sessions
[2026-02-21T05:44:10.001Z] GET /api/task-creation/sessions/93d383a3-a923-4100-a3ae-da501cfcafad
[2026-02-21T05:44:10.002Z] GET /api/task-creation/sessions/93d383a3-a923-4100-a3ae-da501cfcafad/messages
[2026-02-21T05:44:10.002Z] GET /api/task-creation/sessions/93d383a3-a923-4100-a3ae-da501cfcafad/intent
[2026-02-21T05:44:10.002Z] GET /api/task-creation/sessions/93d383a3-a923-4100-a3ae-da501cfcafad/task-description
[2026-02-21T05:44:10.002Z] GET /api/sandbox/environment
[2026-02-21T05:44:10.003Z] GET /api/task-creation/sessions/93d383a3-a923-4100-a3ae-da501cfcafad/execution-plan
[2026-02-21T05:44:10.003Z] GET /api/task-creation/sessions
✅ 数据库连接成功
[2026-02-21T05:44:14.009Z] GET /api/task-creation/sessions/93d383a3-a923-4100-a3ae-da501cfcafad
[2026-02-21T05:44:14.009Z] GET /api/task-creation/sessions/93d383a3-a923-4100-a3ae-da501cfcafad/messages
[2026-02-21T05:44:14.009Z] GET /api/task-creation/sessions/93d383a3-a923-4100-a3ae-da501cfcafad/intent
[2026-02-21T05:44:14.010Z] GET /api/task-creation/sessions/93d383a3-a923-4100-a3ae-da501cfcafad/task-description
[2026-02-21T05:44:14.010Z] GET /api/task-creation/sessions/93d383a3-a923-4100-a3ae-da501cfcafad/execution-plan
[2026-02-21T05:44:14.010Z] GET /api/sandbox/environment
[2026-02-21T05:44:14.010Z] GET /api/task-creation/sessions
[2026-02-21T05:44:18.006Z] GET /api/task-creation/sessions
[2026-02-21T05:44:18.007Z] GET /api/task-creation/sessions/93d383a3-a923-4100-a3ae-da501cfcafad/messages
[2026-02-21T05:44:18.007Z] GET /api/task-creation/sessions/93d383a3-a923-4100-a3ae-da501cfcafad
[2026-02-21T05:44:18.007Z] GET /api/task-creation/sessions/93d383a3-a923-4100-a3ae-da501cfcafad/intent
[2026-02-21T05:44:18.008Z] GET /api/task-creation/sessions/93d383a3-a923-4100-a3ae-da501cfcafad/task-description
[2026-02-21T05:44:18.008Z] GET /api/task-creation/sessions/93d383a3-a923-4100-a3ae-da501cfcafad/execution-plan
[2026-02-21T05:44:18.008Z] GET /api/sandbox/environment
[2026-02-21T05:44:22.007Z] GET /api/task-creation/sessions/93d383a3-a923-4100-a3ae-da501cfcafad
[2026-02-21T05:44:22.008Z] GET /api/task-creation/sessions/93d383a3-a923-4100-a3ae-da501cfcafad/intent
[2026-02-21T05:44:22.008Z] GET /api/task-creation/sessions/93d383a3-a923-4100-a3ae-da501cfcafad/messages
[2026-02-21T05:44:22.008Z] GET /api/task-creation/sessions/93d383a3-a923-4100-a3ae-da501cfcafad/task-description
[2026-02-21T05:44:22.009Z] GET /api/task-creation/sessions/93d383a3-a923-4100-a3ae-da501cfcafad/execution-plan
[2026-02-21T05:44:22.009Z] GET /api/sandbox/environment
[2026-02-21T05:44:22.009Z] GET /api/task-creation/sessions
[2026-02-21T05:44:26.005Z] GET /api/task-creation/sessions/93d383a3-a923-4100-a3ae-da501cfcafad
[2026-02-21T05:44:26.006Z] GET /api/task-creation/sessions/93d383a3-a923-4100-a3ae-da501cfcafad/intent
[2026-02-21T05:44:26.006Z] GET /api/task-creation/sessions/93d383a3-a923-4100-a3ae-da501cfcafad/messages
[2026-02-21T05:44:26.006Z] GET /api/task-creation/sessions/93d383a3-a923-4100-a3ae-da501cfcafad/task-description
[2026-02-21T05:44:26.006Z] GET /api/sandbox/environment
[2026-02-21T05:44:26.007Z] GET /api/task-creation/sessions
[2026-02-21T05:44:26.007Z] GET /api/task-creation/sessions/93d383a3-a923-4100-a3ae-da501cfcafad/execution-plan
✅ 数据库连接成功
[2026-02-21T05:44:29.999Z] GET /api/task-creation/sessions/93d383a3-a923-4100-a3ae-da501cfcafad
[2026-02-21T05:44:30.000Z] GET /api/task-creation/sessions/93d383a3-a923-4100-a3ae-da501cfcafad/messages
[2026-02-21T05:44:30.000Z] GET /api/task-creation/sessions/93d383a3-a923-4100-a3ae-da501cfcafad/task-description
[2026-02-21T05:44:30.001Z] GET /api/task-creation/sessions/93d383a3-a923-4100-a3ae-da501cfcafad/intent
[2026-02-21T05:44:30.001Z] GET /api/task-creation/sessions/93d383a3-a923-4100-a3ae-da501cfcafad/execution-plan
[2026-02-21T05:44:30.001Z] GET /api/sandbox/environment
[2026-02-21T05:44:30.001Z] GET /api/task-creation/sessions
[2026-02-21T05:45:09.006Z] GET /api/task-creation/sessions
[2026-02-21T05:45:09.010Z] GET /api/task-creation/sessions/93d383a3-a923-4100-a3ae-da501cfcafad/intent
[2026-02-21T05:45:09.011Z] GET /api/task-creation/sessions/93d383a3-a923-4100-a3ae-da501cfcafad/task-description
[2026-02-21T05:45:09.012Z] GET /api/task-creation/sessions/93d383a3-a923-4100-a3ae-da501cfcafad/execution-plan
[2026-02-21T05:45:09.012Z] GET /api/task-creation/sessions/93d383a3-a923-4100-a3ae-da501cfcafad
[2026-02-21T05:45:09.013Z] GET /api/task-creation/sessions/93d383a3-a923-4100-a3ae-da501cfcafad/messages
[2026-02-21T05:45:09.013Z] GET /api/task-creation/sessions
[2026-02-21T05:45:09.013Z] GET /api/sandbox/environment
✅ 数据库连接成功
[2026-02-21T05:46:05.897Z] GET /api/task-creation/sessions/93d383a3-a923-4100-a3ae-da501cfcafad
[2026-02-21T05:46:05.897Z] GET /api/task-creation/sessions/93d383a3-a923-4100-a3ae-da501cfcafad/messages
[2026-02-21T05:46:05.898Z] GET /api/task-creation/sessions/93d383a3-a923-4100-a3ae-da501cfcafad/intent
[2026-02-21T05:46:05.899Z] GET /api/task-creation/sessions/93d383a3-a923-4100-a3ae-da501cfcafad/task-description
[2026-02-21T05:46:05.900Z] GET /api/task-creation/sessions/93d383a3-a923-4100-a3ae-da501cfcafad/execution-plan
[2026-02-21T05:46:05.901Z] GET /api/sandbox/environment
[2026-02-21T05:46:05.902Z] GET /api/task-creation/sessions
✅ 数据库连接成功
[2026-02-21T05:46:09.004Z] GET /api/task-creation/sessions
[2026-02-21T05:46:09.566Z] GET /api/task-creation/sessions/93d383a3-a923-4100-a3ae-da501cfcafad
[2026-02-21T05:46:09.566Z] GET /api/task-creation/sessions/93d383a3-a923-4100-a3ae-da501cfcafad/messages
[2026-02-21T05:46:09.566Z] GET /api/task-creation/sessions/93d383a3-a923-4100-a3ae-da501cfcafad/task-description
[2026-02-21T05:46:09.567Z] GET /api/task-creation/sessions/93d383a3-a923-4100-a3ae-da501cfcafad/intent
[2026-02-21T05:46:09.567Z] GET /api/sandbox/environment
[2026-02-21T05:46:09.567Z] GET /api/task-creation/sessions/93d383a3-a923-4100-a3ae-da501cfcafad/execution-plan
[2026-02-21T05:46:09.568Z] GET /api/task-creation/sessions
[2026-02-21T05:46:13.566Z] GET /api/task-creation/sessions/93d383a3-a923-4100-a3ae-da501cfcafad
[2026-02-21T05:46:13.567Z] GET /api/task-creation/sessions/93d383a3-a923-4100-a3ae-da501cfcafad/messages
[2026-02-21T05:46:13.567Z] GET /api/task-creation/sessions/93d383a3-a923-4100-a3ae-da501cfcafad/intent
[2026-02-21T05:46:13.568Z] GET /api/task-creation/sessions/93d383a3-a923-4100-a3ae-da501cfcafad/task-description
[2026-02-21T05:46:13.568Z] GET /api/sandbox/environment
[2026-02-21T05:46:13.568Z] GET /api/task-creation/sessions/93d383a3-a923-4100-a3ae-da501cfcafad/execution-plan
[2026-02-21T05:46:13.569Z] GET /api/task-creation/sessions
[2026-02-21T05:46:17.558Z] GET /api/task-creation/sessions/93d383a3-a923-4100-a3ae-da501cfcafad
[2026-02-21T05:46:17.559Z] GET /api/task-creation/sessions/93d383a3-a923-4100-a3ae-da501cfcafad/messages
[2026-02-21T05:46:17.559Z] GET /api/task-creation/sessions/93d383a3-a923-4100-a3ae-da501cfcafad/intent
[2026-02-21T05:46:17.559Z] GET /api/task-creation/sessions/93d383a3-a923-4100-a3ae-da501cfcafad/task-description
[2026-02-21T05:46:17.560Z] GET /api/task-creation/sessions/93d383a3-a923-4100-a3ae-da501cfcafad/execution-plan
[2026-02-21T05:46:17.560Z] GET /api/sandbox/environment
[2026-02-21T05:46:17.560Z] GET /api/task-creation/sessions
[2026-02-21T05:46:21.562Z] GET /api/task-creation/sessions/93d383a3-a923-4100-a3ae-da501cfcafad
[2026-02-21T05:46:21.562Z] GET /api/task-creation/sessions/93d383a3-a923-4100-a3ae-da501cfcafad/messages
[2026-02-21T05:46:21.562Z] GET /api/task-creation/sessions/93d383a3-a923-4100-a3ae-da501cfcafad/intent
[2026-02-21T05:46:21.563Z] GET /api/task-creation/sessions/93d383a3-a923-4100-a3ae-da501cfcafad/task-description
[2026-02-21T05:46:21.563Z] GET /api/task-creation/sessions/93d383a3-a923-4100-a3ae-da501cfcafad/execution-plan
[2026-02-21T05:46:21.564Z] GET /api/sandbox/environment
[2026-02-21T05:46:21.564Z] GET /api/task-creation/sessions
✅ 数据库连接成功
[2026-02-21T05:46:25.554Z] GET /api/task-creation/sessions/93d383a3-a923-4100-a3ae-da501cfcafad
[2026-02-21T05:46:25.555Z] GET /api/task-creation/sessions/93d383a3-a923-4100-a3ae-da501cfcafad/messages
[2026-02-21T05:46:25.555Z] GET /api/task-creation/sessions/93d383a3-a923-4100-a3ae-da501cfcafad/intent
[2026-02-21T05:46:25.555Z] GET /api/task-creation/sessions/93d383a3-a923-4100-a3ae-da501cfcafad/execution-plan
[2026-02-21T05:46:25.556Z] GET /api/task-creation/sessions/93d383a3-a923-4100-a3ae-da501cfcafad/task-description
[2026-02-21T05:46:25.556Z] GET /api/sandbox/environment
[2026-02-21T05:46:25.556Z] GET /api/task-creation/sessions
[2026-02-21T05:46:29.552Z] GET /api/task-creation/sessions/93d383a3-a923-4100-a3ae-da501cfcafad
[2026-02-21T05:46:29.553Z] GET /api/task-creation/sessions/93d383a3-a923-4100-a3ae-da501cfcafad/messages
[2026-02-21T05:46:29.553Z] GET /api/task-creation/sessions/93d383a3-a923-4100-a3ae-da501cfcafad/intent
[2026-02-21T05:46:29.554Z] GET /api/task-creation/sessions/93d383a3-a923-4100-a3ae-da501cfcafad/task-description
[2026-02-21T05:46:29.554Z] GET /api/task-creation/sessions/93d383a3-a923-4100-a3ae-da501cfcafad/execution-plan
[2026-02-21T05:46:29.554Z] GET /api/sandbox/environment
[2026-02-21T05:46:29.555Z] GET /api/task-creation/sessions
[2026-02-21T05:46:33.556Z] GET /api/task-creation/sessions/93d383a3-a923-4100-a3ae-da501cfcafad
[2026-02-21T05:46:33.557Z] GET /api/task-creation/sessions/93d383a3-a923-4100-a3ae-da501cfcafad/messages
[2026-02-21T05:46:33.557Z] GET /api/task-creation/sessions/93d383a3-a923-4100-a3ae-da501cfcafad/intent
[2026-02-21T05:46:33.558Z] GET /api/task-creation/sessions/93d383a3-a923-4100-a3ae-da501cfcafad/task-description
[2026-02-21T05:46:33.558Z] GET /api/task-creation/sessions/93d383a3-a923-4100-a3ae-da501cfcafad/execution-plan
[2026-02-21T05:46:33.558Z] GET /api/sandbox/environment
[2026-02-21T05:46:33.559Z] GET /api/task-creation/sessions
[2026-02-21T05:46:37.556Z] GET /api/task-creation/sessions/93d383a3-a923-4100-a3ae-da501cfcafad/messages
[2026-02-21T05:46:37.557Z] GET /api/task-creation/sessions/93d383a3-a923-4100-a3ae-da501cfcafad
[2026-02-21T05:46:37.557Z] GET /api/task-creation/sessions/93d383a3-a923-4100-a3ae-da501cfcafad/intent
[2026-02-21T05:46:37.557Z] GET /api/task-creation/sessions/93d383a3-a923-4100-a3ae-da501cfcafad/task-description
[2026-02-21T05:46:37.558Z] GET /api/task-creation/sessions/93d383a3-a923-4100-a3ae-da501cfcafad/execution-plan
[2026-02-21T05:46:37.558Z] GET /api/sandbox/environment
[2026-02-21T05:46:37.558Z] GET /api/task-creation/sessions
✅ 数据库连接成功
[2026-02-21T05:46:41.559Z] GET /api/task-creation/sessions/93d383a3-a923-4100-a3ae-da501cfcafad
[2026-02-21T05:46:41.560Z] GET /api/task-creation/sessions/93d383a3-a923-4100-a3ae-da501cfcafad/messages
[2026-02-21T05:46:41.560Z] GET /api/task-creation/sessions/93d383a3-a923-4100-a3ae-da501cfcafad/intent
[2026-02-21T05:46:41.561Z] GET /api/task-creation/sessions/93d383a3-a923-4100-a3ae-da501cfcafad/task-description
[2026-02-21T05:46:41.561Z] GET /api/task-creation/sessions/93d383a3-a923-4100-a3ae-da501cfcafad/execution-plan
[2026-02-21T05:46:41.561Z] GET /api/task-creation/sessions
[2026-02-21T05:46:41.561Z] GET /api/sandbox/environment
[2026-02-21T05:46:45.554Z] GET /api/task-creation/sessions/93d383a3-a923-4100-a3ae-da501cfcafad
[2026-02-21T05:46:45.555Z] GET /api/task-creation/sessions/93d383a3-a923-4100-a3ae-da501cfcafad/messages
[2026-02-21T05:46:45.555Z] GET /api/task-creation/sessions/93d383a3-a923-4100-a3ae-da501cfcafad/intent
[2026-02-21T05:46:45.555Z] GET /api/task-creation/sessions/93d383a3-a923-4100-a3ae-da501cfcafad/task-description
[2026-02-21T05:46:45.556Z] GET /api/task-creation/sessions/93d383a3-a923-4100-a3ae-da501cfcafad/execution-plan
[2026-02-21T05:46:45.556Z] GET /api/sandbox/environment
[2026-02-21T05:46:45.557Z] GET /api/task-creation/sessions
[2026-02-21T05:46:49.560Z] GET /api/task-creation/sessions/93d383a3-a923-4100-a3ae-da501cfcafad
[2026-02-21T05:46:49.561Z] GET /api/task-creation/sessions/93d383a3-a923-4100-a3ae-da501cfcafad/messages
[2026-02-21T05:46:49.561Z] GET /api/task-creation/sessions/93d383a3-a923-4100-a3ae-da501cfcafad/intent
[2026-02-21T05:46:49.561Z] GET /api/task-creation/sessions/93d383a3-a923-4100-a3ae-da501cfcafad/task-description
[2026-02-21T05:46:49.561Z] GET /api/task-creation/sessions/93d383a3-a923-4100-a3ae-da501cfcafad/execution-plan
[2026-02-21T05:46:49.562Z] GET /api/sandbox/environment
[2026-02-21T05:46:49.562Z] GET /api/task-creation/sessions
[2026-02-21T05:46:53.555Z] GET /api/task-creation/sessions/93d383a3-a923-4100-a3ae-da501cfcafad
[2026-02-21T05:46:53.556Z] GET /api/task-creation/sessions/93d383a3-a923-4100-a3ae-da501cfcafad/messages
[2026-02-21T05:46:53.556Z] GET /api/task-creation/sessions/93d383a3-a923-4100-a3ae-da501cfcafad/intent
[2026-02-21T05:46:53.557Z] GET /api/task-creation/sessions/93d383a3-a923-4100-a3ae-da501cfcafad/task-description
[2026-02-21T05:46:53.557Z] GET /api/task-creation/sessions/93d383a3-a923-4100-a3ae-da501cfcafad/execution-plan
[2026-02-21T05:46:53.557Z] GET /api/sandbox/environment
[2026-02-21T05:46:53.558Z] GET /api/task-creation/sessions
✅ 数据库连接成功
[2026-02-21T05:46:57.555Z] GET /api/task-creation/sessions/93d383a3-a923-4100-a3ae-da501cfcafad
[2026-02-21T05:46:57.556Z] GET /api/task-creation/sessions/93d383a3-a923-4100-a3ae-da501cfcafad/messages
[2026-02-21T05:46:57.556Z] GET /api/task-creation/sessions/93d383a3-a923-4100-a3ae-da501cfcafad/intent
[2026-02-21T05:46:57.556Z] GET /api/task-creation/sessions/93d383a3-a923-4100-a3ae-da501cfcafad/task-description
[2026-02-21T05:46:57.557Z] GET /api/task-creation/sessions/93d383a3-a923-4100-a3ae-da501cfcafad/execution-plan
[2026-02-21T05:46:57.557Z] GET /api/sandbox/environment
[2026-02-21T05:46:57.558Z] GET /api/task-creation/sessions
[2026-02-21T05:47:01.562Z] GET /api/task-creation/sessions/93d383a3-a923-4100-a3ae-da501cfcafad
[2026-02-21T05:47:01.562Z] GET /api/task-creation/sessions/93d383a3-a923-4100-a3ae-da501cfcafad/messages
[2026-02-21T05:47:01.562Z] GET /api/task-creation/sessions/93d383a3-a923-4100-a3ae-da501cfcafad/intent
[2026-02-21T05:47:01.563Z] GET /api/task-creation/sessions/93d383a3-a923-4100-a3ae-da501cfcafad/task-description
[2026-02-21T05:47:01.563Z] GET /api/task-creation/sessions/93d383a3-a923-4100-a3ae-da501cfcafad/execution-plan
[2026-02-21T05:47:01.564Z] GET /api/sandbox/environment
[2026-02-21T05:47:01.564Z] GET /api/task-creation/sessions
[2026-02-21T05:47:05.560Z] GET /api/task-creation/sessions/93d383a3-a923-4100-a3ae-da501cfcafad
[2026-02-21T05:47:05.561Z] GET /api/task-creation/sessions/93d383a3-a923-4100-a3ae-da501cfcafad/intent
[2026-02-21T05:47:05.561Z] GET /api/task-creation/sessions/93d383a3-a923-4100-a3ae-da501cfcafad/messages
[2026-02-21T05:47:05.561Z] GET /api/task-creation/sessions/93d383a3-a923-4100-a3ae-da501cfcafad/task-description
[2026-02-21T05:47:05.562Z] GET /api/task-creation/sessions/93d383a3-a923-4100-a3ae-da501cfcafad/execution-plan
[2026-02-21T05:47:05.562Z] GET /api/sandbox/environment
[2026-02-21T05:47:05.562Z] GET /api/task-creation/sessions
[2026-02-21T05:47:08.998Z] GET /api/task-creation/sessions
[2026-02-21T05:47:09.560Z] GET /api/task-creation/sessions/93d383a3-a923-4100-a3ae-da501cfcafad
[2026-02-21T05:47:09.560Z] GET /api/task-creation/sessions/93d383a3-a923-4100-a3ae-da501cfcafad/messages
[2026-02-21T05:47:09.561Z] GET /api/task-creation/sessions/93d383a3-a923-4100-a3ae-da501cfcafad/intent
[2026-02-21T05:47:09.561Z] GET /api/task-creation/sessions/93d383a3-a923-4100-a3ae-da501cfcafad/task-description
[2026-02-21T05:47:09.561Z] GET /api/task-creation/sessions/93d383a3-a923-4100-a3ae-da501cfcafad/execution-plan
[2026-02-21T05:47:09.562Z] GET /api/sandbox/environment
[2026-02-21T05:47:09.562Z] GET /api/task-creation/sessions
✅ 数据库连接成功
[2026-02-21T05:47:13.556Z] GET /api/task-creation/sessions/93d383a3-a923-4100-a3ae-da501cfcafad
[2026-02-21T05:47:13.557Z] GET /api/task-creation/sessions/93d383a3-a923-4100-a3ae-da501cfcafad/messages
[2026-02-21T05:47:13.557Z] GET /api/task-creation/sessions/93d383a3-a923-4100-a3ae-da501cfcafad/intent
[2026-02-21T05:47:13.557Z] GET /api/task-creation/sessions/93d383a3-a923-4100-a3ae-da501cfcafad/task-description
[2026-02-21T05:47:13.558Z] GET /api/sandbox/environment
[2026-02-21T05:47:13.558Z] GET /api/task-creation/sessions/93d383a3-a923-4100-a3ae-da501cfcafad/execution-plan
[2026-02-21T05:47:13.558Z] GET /api/task-creation/sessions
[2026-02-21T05:47:17.562Z] GET /api/task-creation/sessions/93d383a3-a923-4100-a3ae-da501cfcafad
[2026-02-21T05:47:17.563Z] GET /api/task-creation/sessions/93d383a3-a923-4100-a3ae-da501cfcafad/messages
[2026-02-21T05:47:17.563Z] GET /api/task-creation/sessions/93d383a3-a923-4100-a3ae-da501cfcafad/intent
[2026-02-21T05:47:17.564Z] GET /api/task-creation/sessions/93d383a3-a923-4100-a3ae-da501cfcafad/task-description
[2026-02-21T05:47:17.564Z] GET /api/task-creation/sessions/93d383a3-a923-4100-a3ae-da501cfcafad/execution-plan
[2026-02-21T05:47:17.564Z] GET /api/sandbox/environment
[2026-02-21T05:47:17.565Z] GET /api/task-creation/sessions
[2026-02-21T05:47:21.556Z] GET /api/task-creation/sessions/93d383a3-a923-4100-a3ae-da501cfcafad
[2026-02-21T05:47:21.557Z] GET /api/task-creation/sessions/93d383a3-a923-4100-a3ae-da501cfcafad/messages
[2026-02-21T05:47:21.557Z] GET /api/task-creation/sessions/93d383a3-a923-4100-a3ae-da501cfcafad/intent
[2026-02-21T05:47:21.558Z] GET /api/task-creation/sessions/93d383a3-a923-4100-a3ae-da501cfcafad/task-description
[2026-02-21T05:47:21.558Z] GET /api/task-creation/sessions/93d383a3-a923-4100-a3ae-da501cfcafad/execution-plan
[2026-02-21T05:47:21.558Z] GET /api/sandbox/environment
[2026-02-21T05:47:21.559Z] GET /api/task-creation/sessions
[2026-02-21T05:47:25.562Z] GET /api/task-creation/sessions/93d383a3-a923-4100-a3ae-da501cfcafad
[2026-02-21T05:47:25.563Z] GET /api/task-creation/sessions/93d383a3-a923-4100-a3ae-da501cfcafad/intent
[2026-02-21T05:47:25.563Z] GET /api/task-creation/sessions/93d383a3-a923-4100-a3ae-da501cfcafad/messages
[2026-02-21T05:47:25.563Z] GET /api/task-creation/sessions/93d383a3-a923-4100-a3ae-da501cfcafad/task-description
[2026-02-21T05:47:25.564Z] GET /api/task-creation/sessions/93d383a3-a923-4100-a3ae-da501cfcafad/execution-plan
[2026-02-21T05:47:25.564Z] GET /api/sandbox/environment
[2026-02-21T05:47:25.564Z] GET /api/task-creation/sessions
✅ 数据库连接成功
[2026-02-21T05:47:29.555Z] GET /api/task-creation/sessions/93d383a3-a923-4100-a3ae-da501cfcafad
[2026-02-21T05:47:29.555Z] GET /api/task-creation/sessions/93d383a3-a923-4100-a3ae-da501cfcafad/messages
[2026-02-21T05:47:29.555Z] GET /api/task-creation/sessions/93d383a3-a923-4100-a3ae-da501cfcafad/intent
[2026-02-21T05:47:29.556Z] GET /api/task-creation/sessions/93d383a3-a923-4100-a3ae-da501cfcafad/execution-plan
[2026-02-21T05:47:29.556Z] GET /api/task-creation/sessions/93d383a3-a923-4100-a3ae-da501cfcafad/task-description
[2026-02-21T05:47:29.556Z] GET /api/sandbox/environment
[2026-02-21T05:47:29.557Z] GET /api/task-creation/sessions
[2026-02-21T05:47:33.567Z] GET /api/task-creation/sessions/93d383a3-a923-4100-a3ae-da501cfcafad
[2026-02-21T05:47:33.568Z] GET /api/task-creation/sessions/93d383a3-a923-4100-a3ae-da501cfcafad/messages
[2026-02-21T05:47:33.568Z] GET /api/task-creation/sessions/93d383a3-a923-4100-a3ae-da501cfcafad/intent
[2026-02-21T05:47:33.568Z] GET /api/task-creation/sessions/93d383a3-a923-4100-a3ae-da501cfcafad/task-description
[2026-02-21T05:47:33.568Z] GET /api/task-creation/sessions/93d383a3-a923-4100-a3ae-da501cfcafad/execution-plan
[2026-02-21T05:47:33.569Z] GET /api/sandbox/environment
[2026-02-21T05:47:33.570Z] GET /api/task-creation/sessions
[2026-02-21T05:47:37.563Z] GET /api/task-creation/sessions/93d383a3-a923-4100-a3ae-da501cfcafad
[2026-02-21T05:47:37.564Z] GET /api/task-creation/sessions/93d383a3-a923-4100-a3ae-da501cfcafad/messages
[2026-02-21T05:47:37.564Z] GET /api/task-creation/sessions/93d383a3-a923-4100-a3ae-da501cfcafad/intent
[2026-02-21T05:47:37.565Z] GET /api/task-creation/sessions/93d383a3-a923-4100-a3ae-da501cfcafad/task-description
[2026-02-21T05:47:37.565Z] GET /api/task-creation/sessions/93d383a3-a923-4100-a3ae-da501cfcafad/execution-plan
[2026-02-21T05:47:37.565Z] GET /api/sandbox/environment
[2026-02-21T05:47:37.565Z] GET /api/task-creation/sessions
[2026-02-21T05:47:41.560Z] GET /api/task-creation/sessions/93d383a3-a923-4100-a3ae-da501cfcafad
[2026-02-21T05:47:41.561Z] GET /api/task-creation/sessions/93d383a3-a923-4100-a3ae-da501cfcafad/messages
[2026-02-21T05:47:41.561Z] GET /api/task-creation/sessions/93d383a3-a923-4100-a3ae-da501cfcafad/intent
[2026-02-21T05:47:41.561Z] GET /api/task-creation/sessions/93d383a3-a923-4100-a3ae-da501cfcafad/task-description
[2026-02-21T05:47:41.562Z] GET /api/task-creation/sessions/93d383a3-a923-4100-a3ae-da501cfcafad/execution-plan
[2026-02-21T05:47:41.562Z] GET /api/sandbox/environment
[2026-02-21T05:47:41.562Z] GET /api/task-creation/sessions
✅ 数据库连接成功
[2026-02-21T05:47:45.560Z] GET /api/task-creation/sessions/93d383a3-a923-4100-a3ae-da501cfcafad/messages
[2026-02-21T05:47:45.560Z] GET /api/task-creation/sessions/93d383a3-a923-4100-a3ae-da501cfcafad
[2026-02-21T05:47:45.561Z] GET /api/task-creation/sessions/93d383a3-a923-4100-a3ae-da501cfcafad/intent
[2026-02-21T05:47:45.561Z] GET /api/task-creation/sessions/93d383a3-a923-4100-a3ae-da501cfcafad/task-description
[2026-02-21T05:47:45.561Z] GET /api/task-creation/sessions/93d383a3-a923-4100-a3ae-da501cfcafad/execution-plan
[2026-02-21T05:47:45.562Z] GET /api/sandbox/environment
[2026-02-21T05:47:45.562Z] GET /api/task-creation/sessions
[2026-02-21T05:47:49.562Z] GET /api/task-creation/sessions/93d383a3-a923-4100-a3ae-da501cfcafad
[2026-02-21T05:47:49.563Z] GET /api/task-creation/sessions/93d383a3-a923-4100-a3ae-da501cfcafad/messages
[2026-02-21T05:47:49.563Z] GET /api/task-creation/sessions/93d383a3-a923-4100-a3ae-da501cfcafad/intent
[2026-02-21T05:47:49.563Z] GET /api/task-creation/sessions/93d383a3-a923-4100-a3ae-da501cfcafad/execution-plan
[2026-02-21T05:47:49.564Z] GET /api/task-creation/sessions/93d383a3-a923-4100-a3ae-da501cfcafad/task-description
[2026-02-21T05:47:49.564Z] GET /api/sandbox/environment
[2026-02-21T05:47:49.565Z] GET /api/task-creation/sessions
[2026-02-21T05:47:53.564Z] GET /api/task-creation/sessions/93d383a3-a923-4100-a3ae-da501cfcafad
[2026-02-21T05:47:53.565Z] GET /api/task-creation/sessions/93d383a3-a923-4100-a3ae-da501cfcafad/intent
[2026-02-21T05:47:53.565Z] GET /api/task-creation/sessions/93d383a3-a923-4100-a3ae-da501cfcafad/messages
[2026-02-21T05:47:53.565Z] GET /api/task-creation/sessions/93d383a3-a923-4100-a3ae-da501cfcafad/task-description
[2026-02-21T05:47:53.566Z] GET /api/task-creation/sessions/93d383a3-a923-4100-a3ae-da501cfcafad/execution-plan
[2026-02-21T05:47:53.566Z] GET /api/sandbox/environment
[2026-02-21T05:47:53.566Z] GET /api/task-creation/sessions
[2026-02-21T05:47:57.562Z] GET /api/task-creation/sessions/93d383a3-a923-4100-a3ae-da501cfcafad
[2026-02-21T05:47:57.562Z] GET /api/task-creation/sessions/93d383a3-a923-4100-a3ae-da501cfcafad/messages
[2026-02-21T05:47:57.563Z] GET /api/task-creation/sessions/93d383a3-a923-4100-a3ae-da501cfcafad/intent
[2026-02-21T05:47:57.563Z] GET /api/task-creation/sessions/93d383a3-a923-4100-a3ae-da501cfcafad/task-description
[2026-02-21T05:47:57.563Z] GET /api/task-creation/sessions/93d383a3-a923-4100-a3ae-da501cfcafad/execution-plan
[2026-02-21T05:47:57.564Z] GET /api/sandbox/environment
[2026-02-21T05:47:57.564Z] GET /api/task-creation/sessions
✅ 数据库连接成功
[2026-02-21T05:48:01.561Z] GET /api/task-creation/sessions/93d383a3-a923-4100-a3ae-da501cfcafad
[2026-02-21T05:48:01.562Z] GET /api/task-creation/sessions/93d383a3-a923-4100-a3ae-da501cfcafad/intent
[2026-02-21T05:48:01.562Z] GET /api/task-creation/sessions/93d383a3-a923-4100-a3ae-da501cfcafad/messages
[2026-02-21T05:48:01.563Z] GET /api/task-creation/sessions/93d383a3-a923-4100-a3ae-da501cfcafad/task-description
[2026-02-21T05:48:01.563Z] GET /api/task-creation/sessions/93d383a3-a923-4100-a3ae-da501cfcafad/execution-plan
[2026-02-21T05:48:01.563Z] GET /api/sandbox/environment
[2026-02-21T05:48:01.564Z] GET /api/task-creation/sessions
[2026-02-21T05:48:05.563Z] GET /api/task-creation/sessions/93d383a3-a923-4100-a3ae-da501cfcafad
[2026-02-21T05:48:05.564Z] GET /api/task-creation/sessions/93d383a3-a923-4100-a3ae-da501cfcafad/messages
[2026-02-21T05:48:05.564Z] GET /api/task-creation/sessions/93d383a3-a923-4100-a3ae-da501cfcafad/intent
[2026-02-21T05:48:05.565Z] GET /api/task-creation/sessions/93d383a3-a923-4100-a3ae-da501cfcafad/task-description
[2026-02-21T05:48:05.565Z] GET /api/task-creation/sessions/93d383a3-a923-4100-a3ae-da501cfcafad/execution-plan
[2026-02-21T05:48:05.566Z] GET /api/sandbox/environment
[2026-02-21T05:48:05.566Z] GET /api/task-creation/sessions
[2026-02-21T05:48:09.011Z] GET /api/task-creation/sessions
[2026-02-21T05:48:09.559Z] GET /api/task-creation/sessions/93d383a3-a923-4100-a3ae-da501cfcafad
[2026-02-21T05:48:09.559Z] GET /api/task-creation/sessions/93d383a3-a923-4100-a3ae-da501cfcafad/messages
[2026-02-21T05:48:09.559Z] GET /api/task-creation/sessions/93d383a3-a923-4100-a3ae-da501cfcafad/intent
[2026-02-21T05:48:09.560Z] GET /api/task-creation/sessions/93d383a3-a923-4100-a3ae-da501cfcafad/task-description
[2026-02-21T05:48:09.560Z] GET /api/task-creation/sessions/93d383a3-a923-4100-a3ae-da501cfcafad/execution-plan
[2026-02-21T05:48:09.560Z] GET /api/sandbox/environment
[2026-02-21T05:48:09.560Z] GET /api/task-creation/sessions
[2026-02-21T05:48:13.559Z] GET /api/task-creation/sessions/93d383a3-a923-4100-a3ae-da501cfcafad
[2026-02-21T05:48:13.560Z] GET /api/task-creation/sessions/93d383a3-a923-4100-a3ae-da501cfcafad/messages
[2026-02-21T05:48:13.560Z] GET /api/task-creation/sessions/93d383a3-a923-4100-a3ae-da501cfcafad/intent
[2026-02-21T05:48:13.560Z] GET /api/task-creation/sessions/93d383a3-a923-4100-a3ae-da501cfcafad/task-description
[2026-02-21T05:48:13.561Z] GET /api/task-creation/sessions/93d383a3-a923-4100-a3ae-da501cfcafad/execution-plan
[2026-02-21T05:48:13.561Z] GET /api/sandbox/environment
[2026-02-21T05:48:13.561Z] GET /api/task-creation/sessions
✅ 数据库连接成功
[2026-02-21T05:48:17.551Z] GET /api/task-creation/sessions
[2026-02-21T05:48:17.551Z] GET /api/task-creation/sessions/93d383a3-a923-4100-a3ae-da501cfcafad
[2026-02-21T05:48:17.552Z] GET /api/task-creation/sessions/93d383a3-a923-4100-a3ae-da501cfcafad/messages
[2026-02-21T05:48:17.552Z] GET /api/task-creation/sessions/93d383a3-a923-4100-a3ae-da501cfcafad/intent
[2026-02-21T05:48:17.552Z] GET /api/task-creation/sessions/93d383a3-a923-4100-a3ae-da501cfcafad/task-description
[2026-02-21T05:48:17.552Z] GET /api/task-creation/sessions/93d383a3-a923-4100-a3ae-da501cfcafad/execution-plan
[2026-02-21T05:48:17.553Z] GET /api/sandbox/environment
[2026-02-21T05:48:21.564Z] GET /api/task-creation/sessions/93d383a3-a923-4100-a3ae-da501cfcafad/messages
[2026-02-21T05:48:21.564Z] GET /api/task-creation/sessions/93d383a3-a923-4100-a3ae-da501cfcafad
[2026-02-21T05:48:21.565Z] GET /api/task-creation/sessions/93d383a3-a923-4100-a3ae-da501cfcafad/intent
[2026-02-21T05:48:21.565Z] GET /api/task-creation/sessions/93d383a3-a923-4100-a3ae-da501cfcafad/task-description
[2026-02-21T05:48:21.565Z] GET /api/task-creation/sessions/93d383a3-a923-4100-a3ae-da501cfcafad/execution-plan
[2026-02-21T05:48:21.566Z] GET /api/sandbox/environment
[2026-02-21T05:48:21.566Z] GET /api/task-creation/sessions
[2026-02-21T05:48:25.561Z] GET /api/task-creation/sessions/93d383a3-a923-4100-a3ae-da501cfcafad
[2026-02-21T05:48:25.561Z] GET /api/task-creation/sessions/93d383a3-a923-4100-a3ae-da501cfcafad/messages
[2026-02-21T05:48:25.562Z] GET /api/task-creation/sessions/93d383a3-a923-4100-a3ae-da501cfcafad/intent
[2026-02-21T05:48:25.562Z] GET /api/task-creation/sessions/93d383a3-a923-4100-a3ae-da501cfcafad/task-description
[2026-02-21T05:48:25.562Z] GET /api/task-creation/sessions/93d383a3-a923-4100-a3ae-da501cfcafad/execution-plan
[2026-02-21T05:48:25.563Z] GET /api/sandbox/environment
[2026-02-21T05:48:25.563Z] GET /api/task-creation/sessions
[2026-02-21T05:48:29.559Z] GET /api/task-creation/sessions/93d383a3-a923-4100-a3ae-da501cfcafad/messages
[2026-02-21T05:48:29.560Z] GET /api/task-creation/sessions/93d383a3-a923-4100-a3ae-da501cfcafad
[2026-02-21T05:48:29.560Z] GET /api/task-creation/sessions/93d383a3-a923-4100-a3ae-da501cfcafad/intent
[2026-02-21T05:48:29.561Z] GET /api/task-creation/sessions/93d383a3-a923-4100-a3ae-da501cfcafad/task-description
[2026-02-21T05:48:29.561Z] GET /api/sandbox/environment
[2026-02-21T05:48:29.561Z] GET /api/task-creation/sessions/93d383a3-a923-4100-a3ae-da501cfcafad/execution-plan
[2026-02-21T05:48:29.561Z] GET /api/task-creation/sessions
✅ 数据库连接成功
[2026-02-21T05:48:33.565Z] GET /api/task-creation/sessions/93d383a3-a923-4100-a3ae-da501cfcafad/messages
[2026-02-21T05:48:33.566Z] GET /api/task-creation/sessions/93d383a3-a923-4100-a3ae-da501cfcafad/intent
[2026-02-21T05:48:33.566Z] GET /api/task-creation/sessions/93d383a3-a923-4100-a3ae-da501cfcafad
[2026-02-21T05:48:33.566Z] GET /api/task-creation/sessions/93d383a3-a923-4100-a3ae-da501cfcafad/task-description
[2026-02-21T05:48:33.567Z] GET /api/sandbox/environment
[2026-02-21T05:48:33.567Z] GET /api/task-creation/sessions
[2026-02-21T05:48:33.567Z] GET /api/task-creation/sessions/93d383a3-a923-4100-a3ae-da501cfcafad/execution-plan
[2026-02-21T05:48:37.560Z] GET /api/task-creation/sessions/93d383a3-a923-4100-a3ae-da501cfcafad
[2026-02-21T05:48:37.561Z] GET /api/task-creation/sessions/93d383a3-a923-4100-a3ae-da501cfcafad/messages
[2026-02-21T05:48:37.561Z] GET /api/task-creation/sessions/93d383a3-a923-4100-a3ae-da501cfcafad/intent
[2026-02-21T05:48:37.562Z] GET /api/task-creation/sessions/93d383a3-a923-4100-a3ae-da501cfcafad/task-description
[2026-02-21T05:48:37.562Z] GET /api/sandbox/environment
[2026-02-21T05:48:37.562Z] GET /api/task-creation/sessions/93d383a3-a923-4100-a3ae-da501cfcafad/execution-plan
[2026-02-21T05:48:37.563Z] GET /api/task-creation/sessions
[2026-02-21T05:48:41.556Z] GET /api/task-creation/sessions/93d383a3-a923-4100-a3ae-da501cfcafad
[2026-02-21T05:48:41.556Z] GET /api/task-creation/sessions/93d383a3-a923-4100-a3ae-da501cfcafad/intent
[2026-02-21T05:48:41.557Z] GET /api/task-creation/sessions/93d383a3-a923-4100-a3ae-da501cfcafad/messages
[2026-02-21T05:48:41.557Z] GET /api/task-creation/sessions/93d383a3-a923-4100-a3ae-da501cfcafad/task-description
[2026-02-21T05:48:41.558Z] GET /api/task-creation/sessions/93d383a3-a923-4100-a3ae-da501cfcafad/execution-plan
[2026-02-21T05:48:41.558Z] GET /api/sandbox/environment
[2026-02-21T05:48:41.558Z] GET /api/task-creation/sessions
[2026-02-21T05:48:45.551Z] GET /api/task-creation/sessions/93d383a3-a923-4100-a3ae-da501cfcafad/messages
[2026-02-21T05:48:45.552Z] GET /api/task-creation/sessions/93d383a3-a923-4100-a3ae-da501cfcafad
[2026-02-21T05:48:45.552Z] GET /api/task-creation/sessions/93d383a3-a923-4100-a3ae-da501cfcafad/intent
[2026-02-21T05:48:45.553Z] GET /api/task-creation/sessions/93d383a3-a923-4100-a3ae-da501cfcafad/task-description
[2026-02-21T05:48:45.553Z] GET /api/task-creation/sessions/93d383a3-a923-4100-a3ae-da501cfcafad/execution-plan
[2026-02-21T05:48:45.554Z] GET /api/sandbox/environment
[2026-02-21T05:48:45.554Z] GET /api/task-creation/sessions
✅ 数据库连接成功
[2026-02-21T05:48:49.561Z] GET /api/task-creation/sessions/93d383a3-a923-4100-a3ae-da501cfcafad
[2026-02-21T05:48:49.562Z] GET /api/task-creation/sessions/93d383a3-a923-4100-a3ae-da501cfcafad/intent
[2026-02-21T05:48:49.562Z] GET /api/task-creation/sessions/93d383a3-a923-4100-a3ae-da501cfcafad/messages
[2026-02-21T05:48:49.562Z] GET /api/task-creation/sessions/93d383a3-a923-4100-a3ae-da501cfcafad/task-description
[2026-02-21T05:48:49.563Z] GET /api/task-creation/sessions/93d383a3-a923-4100-a3ae-da501cfcafad/execution-plan
[2026-02-21T05:48:49.563Z] GET /api/sandbox/environment
[2026-02-21T05:48:49.564Z] GET /api/task-creation/sessions
[2026-02-21T05:48:53.562Z] GET /api/task-creation/sessions/93d383a3-a923-4100-a3ae-da501cfcafad
[2026-02-21T05:48:53.563Z] GET /api/task-creation/sessions/93d383a3-a923-4100-a3ae-da501cfcafad/messages
[2026-02-21T05:48:53.563Z] GET /api/task-creation/sessions/93d383a3-a923-4100-a3ae-da501cfcafad/intent
[2026-02-21T05:48:53.564Z] GET /api/task-creation/sessions/93d383a3-a923-4100-a3ae-da501cfcafad/task-description
[2026-02-21T05:48:53.564Z] GET /api/task-creation/sessions/93d383a3-a923-4100-a3ae-da501cfcafad/execution-plan
[2026-02-21T05:48:53.564Z] GET /api/sandbox/environment
[2026-02-21T05:48:53.564Z] GET /api/task-creation/sessions
[2026-02-21T05:48:57.552Z] GET /api/task-creation/sessions/93d383a3-a923-4100-a3ae-da501cfcafad/messages
[2026-02-21T05:48:57.552Z] GET /api/task-creation/sessions/93d383a3-a923-4100-a3ae-da501cfcafad/intent
[2026-02-21T05:48:57.553Z] GET /api/task-creation/sessions/93d383a3-a923-4100-a3ae-da501cfcafad
[2026-02-21T05:48:57.553Z] GET /api/task-creation/sessions/93d383a3-a923-4100-a3ae-da501cfcafad/task-description
[2026-02-21T05:48:57.554Z] GET /api/sandbox/environment
[2026-02-21T05:48:57.554Z] GET /api/task-creation/sessions
[2026-02-21T05:48:57.554Z] GET /api/task-creation/sessions/93d383a3-a923-4100-a3ae-da501cfcafad/execution-plan
[2026-02-21T05:49:01.566Z] GET /api/task-creation/sessions/93d383a3-a923-4100-a3ae-da501cfcafad
[2026-02-21T05:49:01.567Z] GET /api/task-creation/sessions/93d383a3-a923-4100-a3ae-da501cfcafad/messages
[2026-02-21T05:49:01.567Z] GET /api/task-creation/sessions/93d383a3-a923-4100-a3ae-da501cfcafad/intent
[2026-02-21T05:49:01.567Z] GET /api/task-creation/sessions/93d383a3-a923-4100-a3ae-da501cfcafad/task-description
[2026-02-21T05:49:01.567Z] GET /api/task-creation/sessions/93d383a3-a923-4100-a3ae-da501cfcafad/execution-plan
[2026-02-21T05:49:01.568Z] GET /api/sandbox/environment
[2026-02-21T05:49:01.568Z] GET /api/task-creation/sessions
✅ 数据库连接成功
[2026-02-21T05:49:05.557Z] GET /api/task-creation/sessions/93d383a3-a923-4100-a3ae-da501cfcafad
[2026-02-21T05:49:05.558Z] GET /api/task-creation/sessions/93d383a3-a923-4100-a3ae-da501cfcafad/messages
[2026-02-21T05:49:05.558Z] GET /api/task-creation/sessions/93d383a3-a923-4100-a3ae-da501cfcafad/intent
[2026-02-21T05:49:05.559Z] GET /api/task-creation/sessions/93d383a3-a923-4100-a3ae-da501cfcafad/execution-plan
[2026-02-21T05:49:05.559Z] GET /api/task-creation/sessions/93d383a3-a923-4100-a3ae-da501cfcafad/task-description
[2026-02-21T05:49:05.560Z] GET /api/sandbox/environment
[2026-02-21T05:49:05.560Z] GET /api/task-creation/sessions
[2026-02-21T05:49:09.010Z] GET /api/task-creation/sessions
[2026-02-21T05:49:09.561Z] GET /api/task-creation/sessions/93d383a3-a923-4100-a3ae-da501cfcafad
[2026-02-21T05:49:09.562Z] GET /api/task-creation/sessions/93d383a3-a923-4100-a3ae-da501cfcafad/messages
[2026-02-21T05:49:09.562Z] GET /api/task-creation/sessions/93d383a3-a923-4100-a3ae-da501cfcafad/intent
[2026-02-21T05:49:09.562Z] GET /api/task-creation/sessions/93d383a3-a923-4100-a3ae-da501cfcafad/task-description
[2026-02-21T05:49:09.562Z] GET /api/task-creation/sessions/93d383a3-a923-4100-a3ae-da501cfcafad/execution-plan
[2026-02-21T05:49:09.563Z] GET /api/sandbox/environment
[2026-02-21T05:49:09.563Z] GET /api/task-creation/sessions
[2026-02-21T05:49:13.556Z] GET /api/task-creation/sessions/93d383a3-a923-4100-a3ae-da501cfcafad
[2026-02-21T05:49:13.557Z] GET /api/task-creation/sessions/93d383a3-a923-4100-a3ae-da501cfcafad/intent
[2026-02-21T05:49:13.558Z] GET /api/task-creation/sessions/93d383a3-a923-4100-a3ae-da501cfcafad/messages
[2026-02-21T05:49:13.558Z] GET /api/task-creation/sessions/93d383a3-a923-4100-a3ae-da501cfcafad/task-description
[2026-02-21T05:49:13.558Z] GET /api/task-creation/sessions/93d383a3-a923-4100-a3ae-da501cfcafad/execution-plan
[2026-02-21T05:49:13.558Z] GET /api/sandbox/environment
[2026-02-21T05:49:13.559Z] GET /api/task-creation/sessions
[2026-02-21T05:49:17.555Z] GET /api/task-creation/sessions/93d383a3-a923-4100-a3ae-da501cfcafad
[2026-02-21T05:49:17.556Z] GET /api/task-creation/sessions/93d383a3-a923-4100-a3ae-da501cfcafad/intent
[2026-02-21T05:49:17.556Z] GET /api/task-creation/sessions/93d383a3-a923-4100-a3ae-da501cfcafad/messages
[2026-02-21T05:49:17.556Z] GET /api/task-creation/sessions/93d383a3-a923-4100-a3ae-da501cfcafad/task-description
[2026-02-21T05:49:17.557Z] GET /api/task-creation/sessions/93d383a3-a923-4100-a3ae-da501cfcafad/execution-plan
[2026-02-21T05:49:17.557Z] GET /api/sandbox/environment
[2026-02-21T05:49:17.557Z] GET /api/task-creation/sessions
✅ 数据库连接成功
[2026-02-21T05:49:21.557Z] GET /api/task-creation/sessions/93d383a3-a923-4100-a3ae-da501cfcafad
[2026-02-21T05:49:21.557Z] GET /api/task-creation/sessions/93d383a3-a923-4100-a3ae-da501cfcafad/messages
[2026-02-21T05:49:21.557Z] GET /api/task-creation/sessions/93d383a3-a923-4100-a3ae-da501cfcafad/intent
[2026-02-21T05:49:21.558Z] GET /api/task-creation/sessions/93d383a3-a923-4100-a3ae-da501cfcafad/task-description
[2026-02-21T05:49:21.558Z] GET /api/task-creation/sessions/93d383a3-a923-4100-a3ae-da501cfcafad/execution-plan
[2026-02-21T05:49:21.558Z] GET /api/sandbox/environment
[2026-02-21T05:49:21.559Z] GET /api/task-creation/sessions
[2026-02-21T05:49:25.563Z] GET /api/task-creation/sessions/93d383a3-a923-4100-a3ae-da501cfcafad
[2026-02-21T05:49:25.563Z] GET /api/task-creation/sessions/93d383a3-a923-4100-a3ae-da501cfcafad/messages
[2026-02-21T05:49:25.563Z] GET /api/task-creation/sessions/93d383a3-a923-4100-a3ae-da501cfcafad/intent
[2026-02-21T05:49:25.564Z] GET /api/task-creation/sessions/93d383a3-a923-4100-a3ae-da501cfcafad/task-description
[2026-02-21T05:49:25.564Z] GET /api/task-creation/sessions/93d383a3-a923-4100-a3ae-da501cfcafad/execution-plan
[2026-02-21T05:49:25.564Z] GET /api/sandbox/environment
[2026-02-21T05:49:25.565Z] GET /api/task-creation/sessions
[2026-02-21T05:49:29.552Z] GET /api/task-creation/sessions/93d383a3-a923-4100-a3ae-da501cfcafad
[2026-02-21T05:49:29.553Z] GET /api/task-creation/sessions/93d383a3-a923-4100-a3ae-da501cfcafad/intent
[2026-02-21T05:49:29.554Z] GET /api/task-creation/sessions/93d383a3-a923-4100-a3ae-da501cfcafad/messages
[2026-02-21T05:49:29.554Z] GET /api/task-creation/sessions/93d383a3-a923-4100-a3ae-da501cfcafad/task-description
[2026-02-21T05:49:29.554Z] GET /api/task-creation/sessions/93d383a3-a923-4100-a3ae-da501cfcafad/execution-plan
[2026-02-21T05:49:29.555Z] GET /api/sandbox/environment
[2026-02-21T05:49:29.555Z] GET /api/task-creation/sessions
[2026-02-21T05:49:33.555Z] GET /api/task-creation/sessions/93d383a3-a923-4100-a3ae-da501cfcafad
[2026-02-21T05:49:33.556Z] GET /api/task-creation/sessions/93d383a3-a923-4100-a3ae-da501cfcafad/messages
[2026-02-21T05:49:33.556Z] GET /api/task-creation/sessions/93d383a3-a923-4100-a3ae-da501cfcafad/intent
[2026-02-21T05:49:33.556Z] GET /api/task-creation/sessions/93d383a3-a923-4100-a3ae-da501cfcafad/task-description
[2026-02-21T05:49:33.557Z] GET /api/task-creation/sessions/93d383a3-a923-4100-a3ae-da501cfcafad/execution-plan
[2026-02-21T05:49:33.557Z] GET /api/sandbox/environment
[2026-02-21T05:49:33.557Z] GET /api/task-creation/sessions
✅ 数据库连接成功
[2026-02-21T05:49:37.562Z] GET /api/task-creation/sessions/93d383a3-a923-4100-a3ae-da501cfcafad
[2026-02-21T05:49:37.563Z] GET /api/task-creation/sessions/93d383a3-a923-4100-a3ae-da501cfcafad/messages
[2026-02-21T05:49:37.563Z] GET /api/task-creation/sessions/93d383a3-a923-4100-a3ae-da501cfcafad/intent
[2026-02-21T05:49:37.563Z] GET /api/task-creation/sessions/93d383a3-a923-4100-a3ae-da501cfcafad/task-description
[2026-02-21T05:49:37.564Z] GET /api/task-creation/sessions/93d383a3-a923-4100-a3ae-da501cfcafad/execution-plan
[2026-02-21T05:49:37.564Z] GET /api/sandbox/environment
[2026-02-21T05:49:37.564Z] GET /api/task-creation/sessions
[2026-02-21T05:49:41.556Z] GET /api/task-creation/sessions
[2026-02-21T05:49:41.556Z] GET /api/task-creation/sessions/93d383a3-a923-4100-a3ae-da501cfcafad/messages
[2026-02-21T05:49:41.557Z] GET /api/task-creation/sessions/93d383a3-a923-4100-a3ae-da501cfcafad
[2026-02-21T05:49:41.557Z] GET /api/task-creation/sessions/93d383a3-a923-4100-a3ae-da501cfcafad/intent
[2026-02-21T05:49:41.557Z] GET /api/task-creation/sessions/93d383a3-a923-4100-a3ae-da501cfcafad/task-description
[2026-02-21T05:49:41.557Z] GET /api/task-creation/sessions/93d383a3-a923-4100-a3ae-da501cfcafad/execution-plan
[2026-02-21T05:49:41.558Z] GET /api/sandbox/environment
[2026-02-21T05:49:45.554Z] GET /api/task-creation/sessions/93d383a3-a923-4100-a3ae-da501cfcafad
[2026-02-21T05:49:45.555Z] GET /api/task-creation/sessions/93d383a3-a923-4100-a3ae-da501cfcafad/messages
[2026-02-21T05:49:45.555Z] GET /api/task-creation/sessions/93d383a3-a923-4100-a3ae-da501cfcafad/task-description
[2026-02-21T05:49:45.555Z] GET /api/task-creation/sessions/93d383a3-a923-4100-a3ae-da501cfcafad/intent
[2026-02-21T05:49:45.556Z] GET /api/task-creation/sessions/93d383a3-a923-4100-a3ae-da501cfcafad/execution-plan
[2026-02-21T05:49:45.556Z] GET /api/sandbox/environment
[2026-02-21T05:49:45.556Z] GET /api/task-creation/sessions
[2026-02-21T05:49:49.564Z] GET /api/task-creation/sessions/93d383a3-a923-4100-a3ae-da501cfcafad
[2026-02-21T05:49:49.565Z] GET /api/task-creation/sessions/93d383a3-a923-4100-a3ae-da501cfcafad/messages
[2026-02-21T05:49:49.565Z] GET /api/task-creation/sessions/93d383a3-a923-4100-a3ae-da501cfcafad/intent
[2026-02-21T05:49:49.566Z] GET /api/task-creation/sessions/93d383a3-a923-4100-a3ae-da501cfcafad/execution-plan
[2026-02-21T05:49:49.566Z] GET /api/task-creation/sessions/93d383a3-a923-4100-a3ae-da501cfcafad/task-description
[2026-02-21T05:49:49.566Z] GET /api/sandbox/environment
[2026-02-21T05:49:49.567Z] GET /api/task-creation/sessions
✅ 数据库连接成功
[2026-02-21T05:49:53.554Z] GET /api/task-creation/sessions/93d383a3-a923-4100-a3ae-da501cfcafad
[2026-02-21T05:49:53.555Z] GET /api/task-creation/sessions/93d383a3-a923-4100-a3ae-da501cfcafad/messages
[2026-02-21T05:49:53.555Z] GET /api/task-creation/sessions/93d383a3-a923-4100-a3ae-da501cfcafad/intent
[2026-02-21T05:49:53.556Z] GET /api/task-creation/sessions/93d383a3-a923-4100-a3ae-da501cfcafad/task-description
[2026-02-21T05:49:53.556Z] GET /api/task-creation/sessions/93d383a3-a923-4100-a3ae-da501cfcafad/execution-plan
[2026-02-21T05:49:53.556Z] GET /api/sandbox/environment
[2026-02-21T05:49:53.557Z] GET /api/task-creation/sessions
[2026-02-21T05:49:57.555Z] GET /api/task-creation/sessions/93d383a3-a923-4100-a3ae-da501cfcafad/messages
[2026-02-21T05:49:57.556Z] GET /api/task-creation/sessions/93d383a3-a923-4100-a3ae-da501cfcafad
[2026-02-21T05:49:57.556Z] GET /api/task-creation/sessions/93d383a3-a923-4100-a3ae-da501cfcafad/intent
[2026-02-21T05:49:57.556Z] GET /api/task-creation/sessions/93d383a3-a923-4100-a3ae-da501cfcafad/task-description
[2026-02-21T05:49:57.557Z] GET /api/sandbox/environment
[2026-02-21T05:49:57.557Z] GET /api/task-creation/sessions/93d383a3-a923-4100-a3ae-da501cfcafad/execution-plan
[2026-02-21T05:49:57.557Z] GET /api/task-creation/sessions
[2026-02-21T05:50:01.560Z] GET /api/task-creation/sessions/93d383a3-a923-4100-a3ae-da501cfcafad
[2026-02-21T05:50:01.560Z] GET /api/task-creation/sessions/93d383a3-a923-4100-a3ae-da501cfcafad/messages
[2026-02-21T05:50:01.561Z] GET /api/task-creation/sessions/93d383a3-a923-4100-a3ae-da501cfcafad/intent
[2026-02-21T05:50:01.561Z] GET /api/task-creation/sessions/93d383a3-a923-4100-a3ae-da501cfcafad/task-description
[2026-02-21T05:50:01.561Z] GET /api/sandbox/environment
[2026-02-21T05:50:01.562Z] GET /api/task-creation/sessions/93d383a3-a923-4100-a3ae-da501cfcafad/execution-plan
[2026-02-21T05:50:01.562Z] GET /api/task-creation/sessions
[2026-02-21T05:50:05.566Z] GET /api/task-creation/sessions/93d383a3-a923-4100-a3ae-da501cfcafad
[2026-02-21T05:50:05.567Z] GET /api/task-creation/sessions/93d383a3-a923-4100-a3ae-da501cfcafad/messages
[2026-02-21T05:50:05.567Z] GET /api/task-creation/sessions/93d383a3-a923-4100-a3ae-da501cfcafad/intent
[2026-02-21T05:50:05.568Z] GET /api/task-creation/sessions
[2026-02-21T05:50:05.568Z] GET /api/task-creation/sessions/93d383a3-a923-4100-a3ae-da501cfcafad/task-description
[2026-02-21T05:50:05.568Z] GET /api/task-creation/sessions/93d383a3-a923-4100-a3ae-da501cfcafad/execution-plan
[2026-02-21T05:50:05.568Z] GET /api/sandbox/environment
✅ 数据库连接成功
[2026-02-21T05:50:09.005Z] GET /api/task-creation/sessions
[2026-02-21T05:50:09.558Z] GET /api/task-creation/sessions/93d383a3-a923-4100-a3ae-da501cfcafad
[2026-02-21T05:50:09.559Z] GET /api/task-creation/sessions/93d383a3-a923-4100-a3ae-da501cfcafad/messages
[2026-02-21T05:50:09.559Z] GET /api/task-creation/sessions/93d383a3-a923-4100-a3ae-da501cfcafad/intent
[2026-02-21T05:50:09.560Z] GET /api/task-creation/sessions/93d383a3-a923-4100-a3ae-da501cfcafad/task-description
[2026-02-21T05:50:09.560Z] GET /api/task-creation/sessions/93d383a3-a923-4100-a3ae-da501cfcafad/execution-plan
[2026-02-21T05:50:09.561Z] GET /api/sandbox/environment
[2026-02-21T05:50:09.561Z] GET /api/task-creation/sessions
[2026-02-21T05:50:13.563Z] GET /api/task-creation/sessions/93d383a3-a923-4100-a3ae-da501cfcafad
[2026-02-21T05:50:13.563Z] GET /api/task-creation/sessions/93d383a3-a923-4100-a3ae-da501cfcafad/messages
[2026-02-21T05:50:13.563Z] GET /api/task-creation/sessions/93d383a3-a923-4100-a3ae-da501cfcafad/intent
[2026-02-21T05:50:13.564Z] GET /api/task-creation/sessions/93d383a3-a923-4100-a3ae-da501cfcafad/execution-plan
[2026-02-21T05:50:13.564Z] GET /api/task-creation/sessions/93d383a3-a923-4100-a3ae-da501cfcafad/task-description
[2026-02-21T05:50:13.564Z] GET /api/sandbox/environment
[2026-02-21T05:50:13.565Z] GET /api/task-creation/sessions
[2026-02-21T05:50:17.556Z] GET /api/task-creation/sessions/93d383a3-a923-4100-a3ae-da501cfcafad
[2026-02-21T05:50:17.556Z] GET /api/task-creation/sessions/93d383a3-a923-4100-a3ae-da501cfcafad/messages
[2026-02-21T05:50:17.557Z] GET /api/task-creation/sessions/93d383a3-a923-4100-a3ae-da501cfcafad/intent
[2026-02-21T05:50:17.557Z] GET /api/task-creation/sessions/93d383a3-a923-4100-a3ae-da501cfcafad/task-description
[2026-02-21T05:50:17.557Z] GET /api/task-creation/sessions/93d383a3-a923-4100-a3ae-da501cfcafad/execution-plan
[2026-02-21T05:50:17.558Z] GET /api/sandbox/environment
[2026-02-21T05:50:17.558Z] GET /api/task-creation/sessions
[2026-02-21T05:50:21.565Z] GET /api/task-creation/sessions/93d383a3-a923-4100-a3ae-da501cfcafad/messages
[2026-02-21T05:50:21.566Z] GET /api/task-creation/sessions/93d383a3-a923-4100-a3ae-da501cfcafad
[2026-02-21T05:50:21.566Z] GET /api/task-creation/sessions/93d383a3-a923-4100-a3ae-da501cfcafad/intent
[2026-02-21T05:50:21.566Z] GET /api/task-creation/sessions/93d383a3-a923-4100-a3ae-da501cfcafad/task-description
[2026-02-21T05:50:21.567Z] GET /api/task-creation/sessions/93d383a3-a923-4100-a3ae-da501cfcafad/execution-plan
[2026-02-21T05:50:21.567Z] GET /api/sandbox/environment
[2026-02-21T05:50:21.568Z] GET /api/task-creation/sessions
✅ 数据库连接成功
[2026-02-21T05:50:25.556Z] GET /api/task-creation/sessions/93d383a3-a923-4100-a3ae-da501cfcafad
[2026-02-21T05:50:25.557Z] GET /api/task-creation/sessions/93d383a3-a923-4100-a3ae-da501cfcafad/messages
[2026-02-21T05:50:25.557Z] GET /api/task-creation/sessions/93d383a3-a923-4100-a3ae-da501cfcafad/intent
[2026-02-21T05:50:25.557Z] GET /api/task-creation/sessions/93d383a3-a923-4100-a3ae-da501cfcafad/task-description
[2026-02-21T05:50:25.557Z] GET /api/task-creation/sessions/93d383a3-a923-4100-a3ae-da501cfcafad/execution-plan
[2026-02-21T05:50:25.558Z] GET /api/sandbox/environment
[2026-02-21T05:50:25.558Z] GET /api/task-creation/sessions
[2026-02-21T05:50:29.568Z] GET /api/task-creation/sessions/93d383a3-a923-4100-a3ae-da501cfcafad
[2026-02-21T05:50:29.569Z] GET /api/task-creation/sessions/93d383a3-a923-4100-a3ae-da501cfcafad/messages
[2026-02-21T05:50:29.569Z] GET /api/task-creation/sessions/93d383a3-a923-4100-a3ae-da501cfcafad/intent
[2026-02-21T05:50:29.570Z] GET /api/task-creation/sessions/93d383a3-a923-4100-a3ae-da501cfcafad/task-description
[2026-02-21T05:50:29.570Z] GET /api/task-creation/sessions/93d383a3-a923-4100-a3ae-da501cfcafad/execution-plan
[2026-02-21T05:50:29.570Z] GET /api/sandbox/environment
[2026-02-21T05:50:29.571Z] GET /api/task-creation/sessions
[2026-02-21T05:50:33.552Z] GET /api/task-creation/sessions/93d383a3-a923-4100-a3ae-da501cfcafad
[2026-02-21T05:50:33.552Z] GET /api/task-creation/sessions/93d383a3-a923-4100-a3ae-da501cfcafad/intent
[2026-02-21T05:50:33.553Z] GET /api/task-creation/sessions/93d383a3-a923-4100-a3ae-da501cfcafad/messages
[2026-02-21T05:50:33.553Z] GET /api/task-creation/sessions/93d383a3-a923-4100-a3ae-da501cfcafad/task-description
[2026-02-21T05:50:33.554Z] GET /api/task-creation/sessions/93d383a3-a923-4100-a3ae-da501cfcafad/execution-plan
[2026-02-21T05:50:33.554Z] GET /api/sandbox/environment
[2026-02-21T05:50:33.554Z] GET /api/task-creation/sessions
[2026-02-21T05:50:37.561Z] GET /api/task-creation/sessions/93d383a3-a923-4100-a3ae-da501cfcafad
[2026-02-21T05:50:37.562Z] GET /api/task-creation/sessions/93d383a3-a923-4100-a3ae-da501cfcafad/intent
[2026-02-21T05:50:37.562Z] GET /api/task-creation/sessions/93d383a3-a923-4100-a3ae-da501cfcafad/task-description
[2026-02-21T05:50:37.562Z] GET /api/task-creation/sessions/93d383a3-a923-4100-a3ae-da501cfcafad/execution-plan
[2026-02-21T05:50:37.563Z] GET /api/task-creation/sessions/93d383a3-a923-4100-a3ae-da501cfcafad/messages
[2026-02-21T05:50:37.563Z] GET /api/sandbox/environment
[2026-02-21T05:50:37.563Z] GET /api/task-creation/sessions
✅ 数据库连接成功
[2026-02-21T05:50:41.555Z] GET /api/task-creation/sessions/93d383a3-a923-4100-a3ae-da501cfcafad/messages
[2026-02-21T05:50:41.556Z] GET /api/task-creation/sessions/93d383a3-a923-4100-a3ae-da501cfcafad
[2026-02-21T05:50:41.556Z] GET /api/task-creation/sessions/93d383a3-a923-4100-a3ae-da501cfcafad/intent
[2026-02-21T05:50:41.556Z] GET /api/task-creation/sessions/93d383a3-a923-4100-a3ae-da501cfcafad/task-description
[2026-02-21T05:50:41.557Z] GET /api/task-creation/sessions/93d383a3-a923-4100-a3ae-da501cfcafad/execution-plan
[2026-02-21T05:50:41.557Z] GET /api/sandbox/environment
[2026-02-21T05:50:41.557Z] GET /api/task-creation/sessions
[2026-02-21T05:50:45.555Z] GET /api/task-creation/sessions/93d383a3-a923-4100-a3ae-da501cfcafad
[2026-02-21T05:50:45.556Z] GET /api/task-creation/sessions/93d383a3-a923-4100-a3ae-da501cfcafad/messages
[2026-02-21T05:50:45.556Z] GET /api/task-creation/sessions/93d383a3-a923-4100-a3ae-da501cfcafad/intent
[2026-02-21T05:50:45.556Z] GET /api/task-creation/sessions/93d383a3-a923-4100-a3ae-da501cfcafad/task-description
[2026-02-21T05:50:45.557Z] GET /api/task-creation/sessions/93d383a3-a923-4100-a3ae-da501cfcafad/execution-plan
[2026-02-21T05:50:45.557Z] GET /api/sandbox/environment
[2026-02-21T05:50:45.557Z] GET /api/task-creation/sessions
[2026-02-21T05:50:49.566Z] GET /api/task-creation/sessions/93d383a3-a923-4100-a3ae-da501cfcafad
[2026-02-21T05:50:49.566Z] GET /api/task-creation/sessions/93d383a3-a923-4100-a3ae-da501cfcafad/intent
[2026-02-21T05:50:49.567Z] GET /api/task-creation/sessions/93d383a3-a923-4100-a3ae-da501cfcafad/task-description
[2026-02-21T05:50:49.567Z] GET /api/task-creation/sessions/93d383a3-a923-4100-a3ae-da501cfcafad/messages
[2026-02-21T05:50:49.568Z] GET /api/task-creation/sessions/93d383a3-a923-4100-a3ae-da501cfcafad/execution-plan
[2026-02-21T05:50:49.568Z] GET /api/task-creation/sessions
[2026-02-21T05:50:49.568Z] GET /api/sandbox/environment
[2026-02-21T05:50:53.554Z] GET /api/task-creation/sessions/93d383a3-a923-4100-a3ae-da501cfcafad
[2026-02-21T05:50:53.554Z] GET /api/task-creation/sessions/93d383a3-a923-4100-a3ae-da501cfcafad/intent
[2026-02-21T05:50:53.555Z] GET /api/task-creation/sessions/93d383a3-a923-4100-a3ae-da501cfcafad/messages
[2026-02-21T05:50:53.555Z] GET /api/sandbox/environment
[2026-02-21T05:50:53.555Z] GET /api/task-creation/sessions
[2026-02-21T05:50:53.555Z] GET /api/task-creation/sessions/93d383a3-a923-4100-a3ae-da501cfcafad/task-description
[2026-02-21T05:50:53.556Z] GET /api/task-creation/sessions/93d383a3-a923-4100-a3ae-da501cfcafad/execution-plan
✅ 数据库连接成功
[2026-02-21T05:50:57.561Z] GET /api/task-creation/sessions/93d383a3-a923-4100-a3ae-da501cfcafad/messages
[2026-02-21T05:50:57.562Z] GET /api/task-creation/sessions/93d383a3-a923-4100-a3ae-da501cfcafad
[2026-02-21T05:50:57.562Z] GET /api/task-creation/sessions/93d383a3-a923-4100-a3ae-da501cfcafad/intent
[2026-02-21T05:50:57.562Z] GET /api/task-creation/sessions/93d383a3-a923-4100-a3ae-da501cfcafad/execution-plan
[2026-02-21T05:50:57.563Z] GET /api/task-creation/sessions/93d383a3-a923-4100-a3ae-da501cfcafad/task-description
[2026-02-21T05:50:57.563Z] GET /api/sandbox/environment
[2026-02-21T05:50:57.563Z] GET /api/task-creation/sessions
[2026-02-21T05:51:01.558Z] GET /api/task-creation/sessions/93d383a3-a923-4100-a3ae-da501cfcafad
[2026-02-21T05:51:01.559Z] GET /api/task-creation/sessions/93d383a3-a923-4100-a3ae-da501cfcafad/messages
[2026-02-21T05:51:01.559Z] GET /api/task-creation/sessions/93d383a3-a923-4100-a3ae-da501cfcafad/intent
[2026-02-21T05:51:01.559Z] GET /api/task-creation/sessions/93d383a3-a923-4100-a3ae-da501cfcafad/execution-plan
[2026-02-21T05:51:01.560Z] GET /api/task-creation/sessions/93d383a3-a923-4100-a3ae-da501cfcafad/task-description
[2026-02-21T05:51:01.560Z] GET /api/sandbox/environment
[2026-02-21T05:51:01.560Z] GET /api/task-creation/sessions
[2026-02-21T05:51:05.561Z] GET /api/task-creation/sessions/93d383a3-a923-4100-a3ae-da501cfcafad/messages
[2026-02-21T05:51:05.562Z] GET /api/task-creation/sessions/93d383a3-a923-4100-a3ae-da501cfcafad
[2026-02-21T05:51:05.562Z] GET /api/task-creation/sessions/93d383a3-a923-4100-a3ae-da501cfcafad/intent
[2026-02-21T05:51:05.562Z] GET /api/task-creation/sessions/93d383a3-a923-4100-a3ae-da501cfcafad/execution-plan
[2026-02-21T05:51:05.563Z] GET /api/task-creation/sessions/93d383a3-a923-4100-a3ae-da501cfcafad/task-description
[2026-02-21T05:51:05.563Z] GET /api/sandbox/environment
[2026-02-21T05:51:05.563Z] GET /api/task-creation/sessions
[2026-02-21T05:51:08.998Z] GET /api/task-creation/sessions
[2026-02-21T05:51:09.561Z] GET /api/task-creation/sessions/93d383a3-a923-4100-a3ae-da501cfcafad/messages
[2026-02-21T05:51:09.562Z] GET /api/task-creation/sessions/93d383a3-a923-4100-a3ae-da501cfcafad
[2026-02-21T05:51:09.562Z] GET /api/task-creation/sessions/93d383a3-a923-4100-a3ae-da501cfcafad/intent
[2026-02-21T05:51:09.562Z] GET /api/task-creation/sessions/93d383a3-a923-4100-a3ae-da501cfcafad/execution-plan
[2026-02-21T05:51:09.563Z] GET /api/task-creation/sessions/93d383a3-a923-4100-a3ae-da501cfcafad/task-description
[2026-02-21T05:51:09.563Z] GET /api/sandbox/environment
[2026-02-21T05:51:09.563Z] GET /api/task-creation/sessions
✅ 数据库连接成功
[2026-02-21T05:51:13.555Z] GET /api/task-creation/sessions/93d383a3-a923-4100-a3ae-da501cfcafad
[2026-02-21T05:51:13.556Z] GET /api/task-creation/sessions/93d383a3-a923-4100-a3ae-da501cfcafad/messages
[2026-02-21T05:51:13.556Z] GET /api/task-creation/sessions/93d383a3-a923-4100-a3ae-da501cfcafad/intent
[2026-02-21T05:51:13.556Z] GET /api/task-creation/sessions/93d383a3-a923-4100-a3ae-da501cfcafad/task-description
[2026-02-21T05:51:13.557Z] GET /api/task-creation/sessions/93d383a3-a923-4100-a3ae-da501cfcafad/execution-plan
[2026-02-21T05:51:13.557Z] GET /api/sandbox/environment
[2026-02-21T05:51:13.557Z] GET /api/task-creation/sessions
[2026-02-21T05:51:17.555Z] GET /api/task-creation/sessions
[2026-02-21T05:51:17.556Z] GET /api/task-creation/sessions/93d383a3-a923-4100-a3ae-da501cfcafad
[2026-02-21T05:51:17.556Z] GET /api/task-creation/sessions/93d383a3-a923-4100-a3ae-da501cfcafad/messages
[2026-02-21T05:51:17.556Z] GET /api/task-creation/sessions/93d383a3-a923-4100-a3ae-da501cfcafad/task-description
[2026-02-21T05:51:17.556Z] GET /api/task-creation/sessions/93d383a3-a923-4100-a3ae-da501cfcafad/intent
[2026-02-21T05:51:17.557Z] GET /api/task-creation/sessions/93d383a3-a923-4100-a3ae-da501cfcafad/execution-plan
[2026-02-21T05:51:17.557Z] GET /api/sandbox/environment
[2026-02-21T05:51:21.565Z] GET /api/task-creation/sessions/93d383a3-a923-4100-a3ae-da501cfcafad
[2026-02-21T05:51:21.566Z] GET /api/task-creation/sessions/93d383a3-a923-4100-a3ae-da501cfcafad/messages
[2026-02-21T05:51:21.566Z] GET /api/task-creation/sessions/93d383a3-a923-4100-a3ae-da501cfcafad/intent
[2026-02-21T05:51:21.567Z] GET /api/task-creation/sessions/93d383a3-a923-4100-a3ae-da501cfcafad/task-description
[2026-02-21T05:51:21.567Z] GET /api/task-creation/sessions/93d383a3-a923-4100-a3ae-da501cfcafad/execution-plan
[2026-02-21T05:51:21.567Z] GET /api/sandbox/environment
[2026-02-21T05:51:21.567Z] GET /api/task-creation/sessions
[2026-02-21T05:51:25.559Z] GET /api/task-creation/sessions/93d383a3-a923-4100-a3ae-da501cfcafad
[2026-02-21T05:51:25.559Z] GET /api/task-creation/sessions/93d383a3-a923-4100-a3ae-da501cfcafad/intent
[2026-02-21T05:51:25.560Z] GET /api/task-creation/sessions/93d383a3-a923-4100-a3ae-da501cfcafad/messages
[2026-02-21T05:51:25.560Z] GET /api/task-creation/sessions/93d383a3-a923-4100-a3ae-da501cfcafad/task-description
[2026-02-21T05:51:25.560Z] GET /api/task-creation/sessions/93d383a3-a923-4100-a3ae-da501cfcafad/execution-plan
[2026-02-21T05:51:25.560Z] GET /api/sandbox/environment
[2026-02-21T05:51:25.561Z] GET /api/task-creation/sessions
✅ 数据库连接成功
[2026-02-21T05:51:29.565Z] GET /api/task-creation/sessions/93d383a3-a923-4100-a3ae-da501cfcafad
[2026-02-21T05:51:29.565Z] GET /api/task-creation/sessions/93d383a3-a923-4100-a3ae-da501cfcafad/messages
[2026-02-21T05:51:29.566Z] GET /api/task-creation/sessions/93d383a3-a923-4100-a3ae-da501cfcafad/intent
[2026-02-21T05:51:29.566Z] GET /api/task-creation/sessions/93d383a3-a923-4100-a3ae-da501cfcafad/task-description
[2026-02-21T05:51:29.566Z] GET /api/task-creation/sessions/93d383a3-a923-4100-a3ae-da501cfcafad/execution-plan
[2026-02-21T05:51:29.566Z] GET /api/sandbox/environment
[2026-02-21T05:51:29.567Z] GET /api/task-creation/sessions
[2026-02-21T05:51:33.553Z] GET /api/task-creation/sessions/93d383a3-a923-4100-a3ae-da501cfcafad
[2026-02-21T05:51:33.553Z] GET /api/task-creation/sessions/93d383a3-a923-4100-a3ae-da501cfcafad/messages
[2026-02-21T05:51:33.554Z] GET /api/task-creation/sessions/93d383a3-a923-4100-a3ae-da501cfcafad/intent
[2026-02-21T05:51:33.554Z] GET /api/task-creation/sessions/93d383a3-a923-4100-a3ae-da501cfcafad/task-description
[2026-02-21T05:51:33.555Z] GET /api/task-creation/sessions/93d383a3-a923-4100-a3ae-da501cfcafad/execution-plan
[2026-02-21T05:51:33.555Z] GET /api/sandbox/environment
[2026-02-21T05:51:33.555Z] GET /api/task-creation/sessions
[2026-02-21T05:51:37.552Z] GET /api/task-creation/sessions/93d383a3-a923-4100-a3ae-da501cfcafad/messages
[2026-02-21T05:51:37.553Z] GET /api/task-creation/sessions/93d383a3-a923-4100-a3ae-da501cfcafad
[2026-02-21T05:51:37.553Z] GET /api/task-creation/sessions/93d383a3-a923-4100-a3ae-da501cfcafad/intent
[2026-02-21T05:51:37.554Z] GET /api/task-creation/sessions/93d383a3-a923-4100-a3ae-da501cfcafad/task-description
[2026-02-21T05:51:37.554Z] GET /api/task-creation/sessions/93d383a3-a923-4100-a3ae-da501cfcafad/execution-plan
[2026-02-21T05:51:37.554Z] GET /api/sandbox/environment
[2026-02-21T05:51:37.555Z] GET /api/task-creation/sessions
[2026-02-21T05:51:41.553Z] GET /api/task-creation/sessions/93d383a3-a923-4100-a3ae-da501cfcafad
[2026-02-21T05:51:41.554Z] GET /api/task-creation/sessions/93d383a3-a923-4100-a3ae-da501cfcafad/intent
[2026-02-21T05:51:41.554Z] GET /api/task-creation/sessions/93d383a3-a923-4100-a3ae-da501cfcafad/messages
[2026-02-21T05:51:41.555Z] GET /api/task-creation/sessions/93d383a3-a923-4100-a3ae-da501cfcafad/task-description
[2026-02-21T05:51:41.555Z] GET /api/task-creation/sessions/93d383a3-a923-4100-a3ae-da501cfcafad/execution-plan
[2026-02-21T05:51:41.555Z] GET /api/sandbox/environment
[2026-02-21T05:51:41.555Z] GET /api/task-creation/sessions
✅ 数据库连接成功
[2026-02-21T05:51:45.565Z] GET /api/task-creation/sessions/93d383a3-a923-4100-a3ae-da501cfcafad
[2026-02-21T05:51:45.566Z] GET /api/task-creation/sessions/93d383a3-a923-4100-a3ae-da501cfcafad/messages
[2026-02-21T05:51:45.566Z] GET /api/task-creation/sessions/93d383a3-a923-4100-a3ae-da501cfcafad/intent
[2026-02-21T05:51:45.566Z] GET /api/task-creation/sessions/93d383a3-a923-4100-a3ae-da501cfcafad/task-description
[2026-02-21T05:51:45.566Z] GET /api/task-creation/sessions/93d383a3-a923-4100-a3ae-da501cfcafad/execution-plan
[2026-02-21T05:51:45.567Z] GET /api/sandbox/environment
[2026-02-21T05:51:45.567Z] GET /api/task-creation/sessions
[2026-02-21T05:51:49.552Z] GET /api/task-creation/sessions/93d383a3-a923-4100-a3ae-da501cfcafad/messages
[2026-02-21T05:51:49.553Z] GET /api/task-creation/sessions/93d383a3-a923-4100-a3ae-da501cfcafad
[2026-02-21T05:51:49.553Z] GET /api/task-creation/sessions/93d383a3-a923-4100-a3ae-da501cfcafad/intent
[2026-02-21T05:51:49.553Z] GET /api/task-creation/sessions/93d383a3-a923-4100-a3ae-da501cfcafad/task-description
[2026-02-21T05:51:49.554Z] GET /api/task-creation/sessions/93d383a3-a923-4100-a3ae-da501cfcafad/execution-plan
[2026-02-21T05:51:49.554Z] GET /api/sandbox/environment
[2026-02-21T05:51:49.555Z] GET /api/task-creation/sessions
[2026-02-21T05:51:53.558Z] GET /api/task-creation/sessions/93d383a3-a923-4100-a3ae-da501cfcafad
[2026-02-21T05:51:53.559Z] GET /api/task-creation/sessions/93d383a3-a923-4100-a3ae-da501cfcafad/messages
[2026-02-21T05:51:53.559Z] GET /api/task-creation/sessions/93d383a3-a923-4100-a3ae-da501cfcafad/intent
[2026-02-21T05:51:53.559Z] GET /api/task-creation/sessions/93d383a3-a923-4100-a3ae-da501cfcafad/task-description
[2026-02-21T05:51:53.559Z] GET /api/task-creation/sessions/93d383a3-a923-4100-a3ae-da501cfcafad/execution-plan
[2026-02-21T05:51:53.560Z] GET /api/task-creation/sessions
[2026-02-21T05:51:53.560Z] GET /api/sandbox/environment
[2026-02-21T05:51:57.566Z] GET /api/task-creation/sessions/93d383a3-a923-4100-a3ae-da501cfcafad/messages
[2026-02-21T05:51:57.567Z] GET /api/task-creation/sessions/93d383a3-a923-4100-a3ae-da501cfcafad
[2026-02-21T05:51:57.567Z] GET /api/task-creation/sessions/93d383a3-a923-4100-a3ae-da501cfcafad/intent
[2026-02-21T05:51:57.567Z] GET /api/task-creation/sessions/93d383a3-a923-4100-a3ae-da501cfcafad/task-description
[2026-02-21T05:51:57.568Z] GET /api/task-creation/sessions/93d383a3-a923-4100-a3ae-da501cfcafad/execution-plan
[2026-02-21T05:51:57.568Z] GET /api/sandbox/environment
[2026-02-21T05:51:57.569Z] GET /api/task-creation/sessions
✅ 数据库连接成功
[2026-02-21T05:52:01.557Z] GET /api/task-creation/sessions/93d383a3-a923-4100-a3ae-da501cfcafad/messages
[2026-02-21T05:52:01.557Z] GET /api/task-creation/sessions/93d383a3-a923-4100-a3ae-da501cfcafad
[2026-02-21T05:52:01.558Z] GET /api/task-creation/sessions/93d383a3-a923-4100-a3ae-da501cfcafad/intent
[2026-02-21T05:52:01.558Z] GET /api/task-creation/sessions/93d383a3-a923-4100-a3ae-da501cfcafad/task-description
[2026-02-21T05:52:01.558Z] GET /api/task-creation/sessions/93d383a3-a923-4100-a3ae-da501cfcafad/execution-plan
[2026-02-21T05:52:01.559Z] GET /api/sandbox/environment
[2026-02-21T05:52:01.559Z] GET /api/task-creation/sessions
[2026-02-21T05:52:05.562Z] GET /api/task-creation/sessions/93d383a3-a923-4100-a3ae-da501cfcafad
[2026-02-21T05:52:05.562Z] GET /api/task-creation/sessions/93d383a3-a923-4100-a3ae-da501cfcafad/intent
[2026-02-21T05:52:05.563Z] GET /api/task-creation/sessions/93d383a3-a923-4100-a3ae-da501cfcafad/messages
[2026-02-21T05:52:05.563Z] GET /api/task-creation/sessions/93d383a3-a923-4100-a3ae-da501cfcafad/task-description
[2026-02-21T05:52:05.563Z] GET /api/task-creation/sessions/93d383a3-a923-4100-a3ae-da501cfcafad/execution-plan
[2026-02-21T05:52:05.564Z] GET /api/sandbox/environment
[2026-02-21T05:52:05.564Z] GET /api/task-creation/sessions
[2026-02-21T05:52:09.002Z] GET /api/task-creation/sessions
[2026-02-21T05:52:09.553Z] GET /api/task-creation/sessions/93d383a3-a923-4100-a3ae-da501cfcafad/messages
[2026-02-21T05:52:09.554Z] GET /api/task-creation/sessions/93d383a3-a923-4100-a3ae-da501cfcafad
[2026-02-21T05:52:09.554Z] GET /api/task-creation/sessions/93d383a3-a923-4100-a3ae-da501cfcafad/intent
[2026-02-21T05:52:09.554Z] GET /api/task-creation/sessions/93d383a3-a923-4100-a3ae-da501cfcafad/task-description
[2026-02-21T05:52:09.555Z] GET /api/task-creation/sessions/93d383a3-a923-4100-a3ae-da501cfcafad/execution-plan
[2026-02-21T05:52:09.555Z] GET /api/sandbox/environment
[2026-02-21T05:52:09.555Z] GET /api/task-creation/sessions
[2026-02-21T05:52:13.556Z] GET /api/task-creation/sessions/93d383a3-a923-4100-a3ae-da501cfcafad
[2026-02-21T05:52:13.556Z] GET /api/task-creation/sessions/93d383a3-a923-4100-a3ae-da501cfcafad/messages
[2026-02-21T05:52:13.557Z] GET /api/task-creation/sessions/93d383a3-a923-4100-a3ae-da501cfcafad/intent
[2026-02-21T05:52:13.557Z] GET /api/task-creation/sessions/93d383a3-a923-4100-a3ae-da501cfcafad/task-description
[2026-02-21T05:52:13.557Z] GET /api/task-creation/sessions/93d383a3-a923-4100-a3ae-da501cfcafad/execution-plan
[2026-02-21T05:52:13.557Z] GET /api/sandbox/environment
[2026-02-21T05:52:13.558Z] GET /api/task-creation/sessions
✅ 数据库连接成功
[2026-02-21T05:52:17.562Z] GET /api/task-creation/sessions/93d383a3-a923-4100-a3ae-da501cfcafad
[2026-02-21T05:52:17.563Z] GET /api/task-creation/sessions/93d383a3-a923-4100-a3ae-da501cfcafad/intent
[2026-02-21T05:52:17.563Z] GET /api/task-creation/sessions/93d383a3-a923-4100-a3ae-da501cfcafad/messages
[2026-02-21T05:52:17.563Z] GET /api/task-creation/sessions/93d383a3-a923-4100-a3ae-da501cfcafad/task-description
[2026-02-21T05:52:17.564Z] GET /api/task-creation/sessions/93d383a3-a923-4100-a3ae-da501cfcafad/execution-plan
[2026-02-21T05:52:17.564Z] GET /api/sandbox/environment
[2026-02-21T05:52:17.564Z] GET /api/task-creation/sessions
[2026-02-21T05:52:21.556Z] GET /api/task-creation/sessions/93d383a3-a923-4100-a3ae-da501cfcafad
[2026-02-21T05:52:21.556Z] GET /api/task-creation/sessions/93d383a3-a923-4100-a3ae-da501cfcafad/messages
[2026-02-21T05:52:21.556Z] GET /api/task-creation/sessions/93d383a3-a923-4100-a3ae-da501cfcafad/intent
[2026-02-21T05:52:21.557Z] GET /api/task-creation/sessions/93d383a3-a923-4100-a3ae-da501cfcafad/task-description
[2026-02-21T05:52:21.557Z] GET /api/task-creation/sessions/93d383a3-a923-4100-a3ae-da501cfcafad/execution-plan
[2026-02-21T05:52:21.558Z] GET /api/task-creation/sessions
[2026-02-21T05:52:21.558Z] GET /api/sandbox/environment
[2026-02-21T05:52:25.554Z] GET /api/task-creation/sessions/93d383a3-a923-4100-a3ae-da501cfcafad
[2026-02-21T05:52:25.555Z] GET /api/task-creation/sessions/93d383a3-a923-4100-a3ae-da501cfcafad/messages
[2026-02-21T05:52:25.555Z] GET /api/task-creation/sessions/93d383a3-a923-4100-a3ae-da501cfcafad/intent
[2026-02-21T05:52:25.556Z] GET /api/task-creation/sessions/93d383a3-a923-4100-a3ae-da501cfcafad/task-description
[2026-02-21T05:52:25.556Z] GET /api/task-creation/sessions/93d383a3-a923-4100-a3ae-da501cfcafad/execution-plan
[2026-02-21T05:52:25.556Z] GET /api/task-creation/sessions
[2026-02-21T05:52:25.556Z] GET /api/sandbox/environment
[2026-02-21T05:52:29.558Z] GET /api/task-creation/sessions/93d383a3-a923-4100-a3ae-da501cfcafad
[2026-02-21T05:52:29.559Z] GET /api/task-creation/sessions/93d383a3-a923-4100-a3ae-da501cfcafad/messages
[2026-02-21T05:52:29.559Z] GET /api/task-creation/sessions/93d383a3-a923-4100-a3ae-da501cfcafad/intent
[2026-02-21T05:52:29.559Z] GET /api/task-creation/sessions/93d383a3-a923-4100-a3ae-da501cfcafad/task-description
[2026-02-21T05:52:29.560Z] GET /api/task-creation/sessions/93d383a3-a923-4100-a3ae-da501cfcafad/execution-plan
[2026-02-21T05:52:29.560Z] GET /api/sandbox/environment
[2026-02-21T05:52:29.560Z] GET /api/task-creation/sessions
✅ 数据库连接成功
[2026-02-21T05:52:33.566Z] GET /api/task-creation/sessions/93d383a3-a923-4100-a3ae-da501cfcafad/messages
[2026-02-21T05:52:33.566Z] GET /api/task-creation/sessions/93d383a3-a923-4100-a3ae-da501cfcafad
[2026-02-21T05:52:33.567Z] GET /api/task-creation/sessions/93d383a3-a923-4100-a3ae-da501cfcafad/intent
[2026-02-21T05:52:33.567Z] GET /api/task-creation/sessions/93d383a3-a923-4100-a3ae-da501cfcafad/task-description
[2026-02-21T05:52:33.567Z] GET /api/task-creation/sessions/93d383a3-a923-4100-a3ae-da501cfcafad/execution-plan
[2026-02-21T05:52:33.567Z] GET /api/sandbox/environment
[2026-02-21T05:52:33.568Z] GET /api/task-creation/sessions
[2026-02-21T05:52:37.563Z] GET /api/task-creation/sessions/93d383a3-a923-4100-a3ae-da501cfcafad
[2026-02-21T05:52:37.563Z] GET /api/task-creation/sessions/93d383a3-a923-4100-a3ae-da501cfcafad/messages
[2026-02-21T05:52:37.564Z] GET /api/task-creation/sessions/93d383a3-a923-4100-a3ae-da501cfcafad/intent
[2026-02-21T05:52:37.564Z] GET /api/task-creation/sessions/93d383a3-a923-4100-a3ae-da501cfcafad/task-description
[2026-02-21T05:52:37.564Z] GET /api/task-creation/sessions/93d383a3-a923-4100-a3ae-da501cfcafad/execution-plan
[2026-02-21T05:52:37.565Z] GET /api/sandbox/environment
[2026-02-21T05:52:37.565Z] GET /api/task-creation/sessions
[2026-02-21T05:52:41.566Z] GET /api/task-creation/sessions/93d383a3-a923-4100-a3ae-da501cfcafad
[2026-02-21T05:52:41.567Z] GET /api/task-creation/sessions/93d383a3-a923-4100-a3ae-da501cfcafad/intent
[2026-02-21T05:52:41.567Z] GET /api/task-creation/sessions/93d383a3-a923-4100-a3ae-da501cfcafad/messages
[2026-02-21T05:52:41.568Z] GET /api/task-creation/sessions/93d383a3-a923-4100-a3ae-da501cfcafad/task-description
[2026-02-21T05:52:41.568Z] GET /api/task-creation/sessions/93d383a3-a923-4100-a3ae-da501cfcafad/execution-plan
[2026-02-21T05:52:41.568Z] GET /api/sandbox/environment
[2026-02-21T05:52:41.568Z] GET /api/task-creation/sessions
[2026-02-21T05:52:45.553Z] GET /api/task-creation/sessions/93d383a3-a923-4100-a3ae-da501cfcafad/messages
[2026-02-21T05:52:45.554Z] GET /api/task-creation/sessions/93d383a3-a923-4100-a3ae-da501cfcafad
[2026-02-21T05:52:45.554Z] GET /api/task-creation/sessions/93d383a3-a923-4100-a3ae-da501cfcafad/intent
[2026-02-21T05:52:45.555Z] GET /api/task-creation/sessions/93d383a3-a923-4100-a3ae-da501cfcafad/task-description
[2026-02-21T05:52:45.555Z] GET /api/task-creation/sessions/93d383a3-a923-4100-a3ae-da501cfcafad/execution-plan
[2026-02-21T05:52:45.556Z] GET /api/sandbox/environment
[2026-02-21T05:52:45.556Z] GET /api/task-creation/sessions
✅ 数据库连接成功
[2026-02-21T05:52:49.565Z] GET /api/task-creation/sessions/93d383a3-a923-4100-a3ae-da501cfcafad
[2026-02-21T05:52:49.566Z] GET /api/task-creation/sessions/93d383a3-a923-4100-a3ae-da501cfcafad/messages
[2026-02-21T05:52:49.566Z] GET /api/task-creation/sessions/93d383a3-a923-4100-a3ae-da501cfcafad/intent
[2026-02-21T05:52:49.567Z] GET /api/task-creation/sessions/93d383a3-a923-4100-a3ae-da501cfcafad/task-description
[2026-02-21T05:52:49.567Z] GET /api/task-creation/sessions/93d383a3-a923-4100-a3ae-da501cfcafad/execution-plan
[2026-02-21T05:52:49.567Z] GET /api/sandbox/environment
[2026-02-21T05:52:49.567Z] GET /api/task-creation/sessions
[2026-02-21T05:52:53.566Z] GET /api/task-creation/sessions/93d383a3-a923-4100-a3ae-da501cfcafad
[2026-02-21T05:52:53.567Z] GET /api/task-creation/sessions/93d383a3-a923-4100-a3ae-da501cfcafad/messages
[2026-02-21T05:52:53.567Z] GET /api/task-creation/sessions/93d383a3-a923-4100-a3ae-da501cfcafad/intent
[2026-02-21T05:52:53.567Z] GET /api/task-creation/sessions/93d383a3-a923-4100-a3ae-da501cfcafad/execution-plan
[2026-02-21T05:52:53.568Z] GET /api/task-creation/sessions/93d383a3-a923-4100-a3ae-da501cfcafad/task-description
[2026-02-21T05:52:53.568Z] GET /api/sandbox/environment
[2026-02-21T05:52:53.568Z] GET /api/task-creation/sessions
[2026-02-21T05:52:57.566Z] GET /api/task-creation/sessions/93d383a3-a923-4100-a3ae-da501cfcafad
[2026-02-21T05:52:57.567Z] GET /api/task-creation/sessions/93d383a3-a923-4100-a3ae-da501cfcafad/messages
[2026-02-21T05:52:57.567Z] GET /api/task-creation/sessions/93d383a3-a923-4100-a3ae-da501cfcafad/intent
[2026-02-21T05:52:57.568Z] GET /api/task-creation/sessions/93d383a3-a923-4100-a3ae-da501cfcafad/task-description
[2026-02-21T05:52:57.568Z] GET /api/task-creation/sessions/93d383a3-a923-4100-a3ae-da501cfcafad/execution-plan
[2026-02-21T05:52:57.568Z] GET /api/sandbox/environment
[2026-02-21T05:52:57.568Z] GET /api/task-creation/sessions
[2026-02-21T05:53:01.555Z] GET /api/task-creation/sessions/93d383a3-a923-4100-a3ae-da501cfcafad
[2026-02-21T05:53:01.556Z] GET /api/task-creation/sessions/93d383a3-a923-4100-a3ae-da501cfcafad/messages
[2026-02-21T05:53:01.556Z] GET /api/task-creation/sessions/93d383a3-a923-4100-a3ae-da501cfcafad/intent
[2026-02-21T05:53:01.556Z] GET /api/task-creation/sessions/93d383a3-a923-4100-a3ae-da501cfcafad/task-description
[2026-02-21T05:53:01.557Z] GET /api/task-creation/sessions/93d383a3-a923-4100-a3ae-da501cfcafad/execution-plan
[2026-02-21T05:53:01.557Z] GET /api/task-creation/sessions
[2026-02-21T05:53:01.557Z] GET /api/sandbox/environment
✅ 数据库连接成功
[2026-02-21T05:53:05.554Z] GET /api/task-creation/sessions/93d383a3-a923-4100-a3ae-da501cfcafad
[2026-02-21T05:53:05.554Z] GET /api/task-creation/sessions/93d383a3-a923-4100-a3ae-da501cfcafad/messages
[2026-02-21T05:53:05.554Z] GET /api/task-creation/sessions/93d383a3-a923-4100-a3ae-da501cfcafad/intent
[2026-02-21T05:53:05.555Z] GET /api/task-creation/sessions/93d383a3-a923-4100-a3ae-da501cfcafad/task-description
[2026-02-21T05:53:05.555Z] GET /api/task-creation/sessions/93d383a3-a923-4100-a3ae-da501cfcafad/execution-plan
[2026-02-21T05:53:05.555Z] GET /api/sandbox/environment
[2026-02-21T05:53:05.556Z] GET /api/task-creation/sessions
[2026-02-21T05:53:09.003Z] GET /api/task-creation/sessions
[2026-02-21T05:53:09.567Z] GET /api/task-creation/sessions/93d383a3-a923-4100-a3ae-da501cfcafad
[2026-02-21T05:53:09.568Z] GET /api/task-creation/sessions/93d383a3-a923-4100-a3ae-da501cfcafad/messages
[2026-02-21T05:53:09.568Z] GET /api/task-creation/sessions/93d383a3-a923-4100-a3ae-da501cfcafad/intent
[2026-02-21T05:53:09.569Z] GET /api/task-creation/sessions/93d383a3-a923-4100-a3ae-da501cfcafad/task-description
[2026-02-21T05:53:09.569Z] GET /api/task-creation/sessions/93d383a3-a923-4100-a3ae-da501cfcafad/execution-plan
[2026-02-21T05:53:09.569Z] GET /api/sandbox/environment
[2026-02-21T05:53:09.570Z] GET /api/task-creation/sessions
[2026-02-21T05:53:13.556Z] GET /api/task-creation/sessions/93d383a3-a923-4100-a3ae-da501cfcafad
[2026-02-21T05:53:13.557Z] GET /api/task-creation/sessions/93d383a3-a923-4100-a3ae-da501cfcafad/messages
[2026-02-21T05:53:13.558Z] GET /api/task-creation/sessions/93d383a3-a923-4100-a3ae-da501cfcafad/task-description
[2026-02-21T05:53:13.558Z] GET /api/task-creation/sessions/93d383a3-a923-4100-a3ae-da501cfcafad/intent
[2026-02-21T05:53:13.558Z] GET /api/task-creation/sessions/93d383a3-a923-4100-a3ae-da501cfcafad/execution-plan
[2026-02-21T05:53:13.558Z] GET /api/sandbox/environment
[2026-02-21T05:53:13.559Z] GET /api/task-creation/sessions
[2026-02-21T05:53:17.561Z] GET /api/task-creation/sessions/93d383a3-a923-4100-a3ae-da501cfcafad
[2026-02-21T05:53:17.561Z] GET /api/task-creation/sessions/93d383a3-a923-4100-a3ae-da501cfcafad/messages
[2026-02-21T05:53:17.562Z] GET /api/task-creation/sessions/93d383a3-a923-4100-a3ae-da501cfcafad/intent
[2026-02-21T05:53:17.562Z] GET /api/task-creation/sessions/93d383a3-a923-4100-a3ae-da501cfcafad/task-description
[2026-02-21T05:53:17.562Z] GET /api/task-creation/sessions/93d383a3-a923-4100-a3ae-da501cfcafad/execution-plan
[2026-02-21T05:53:17.562Z] GET /api/sandbox/environment
[2026-02-21T05:53:17.562Z] GET /api/task-creation/sessions
✅ 数据库连接成功
[2026-02-21T05:53:21.553Z] GET /api/task-creation/sessions/93d383a3-a923-4100-a3ae-da501cfcafad
[2026-02-21T05:53:21.553Z] GET /api/task-creation/sessions/93d383a3-a923-4100-a3ae-da501cfcafad/messages
[2026-02-21T05:53:21.554Z] GET /api/task-creation/sessions/93d383a3-a923-4100-a3ae-da501cfcafad/intent
[2026-02-21T05:53:21.554Z] GET /api/task-creation/sessions/93d383a3-a923-4100-a3ae-da501cfcafad/execution-plan
[2026-02-21T05:53:21.554Z] GET /api/task-creation/sessions/93d383a3-a923-4100-a3ae-da501cfcafad/task-description
[2026-02-21T05:53:21.555Z] GET /api/sandbox/environment
[2026-02-21T05:53:21.555Z] GET /api/task-creation/sessions
[2026-02-21T05:53:25.557Z] GET /api/task-creation/sessions/93d383a3-a923-4100-a3ae-da501cfcafad
[2026-02-21T05:53:25.558Z] GET /api/task-creation/sessions/93d383a3-a923-4100-a3ae-da501cfcafad/messages
[2026-02-21T05:53:25.558Z] GET /api/task-creation/sessions/93d383a3-a923-4100-a3ae-da501cfcafad/intent
[2026-02-21T05:53:25.558Z] GET /api/task-creation/sessions/93d383a3-a923-4100-a3ae-da501cfcafad/task-description
[2026-02-21T05:53:25.559Z] GET /api/task-creation/sessions/93d383a3-a923-4100-a3ae-da501cfcafad/execution-plan
[2026-02-21T05:53:25.559Z] GET /api/sandbox/environment
[2026-02-21T05:53:25.559Z] GET /api/task-creation/sessions
[2026-02-21T05:53:29.563Z] GET /api/task-creation/sessions/93d383a3-a923-4100-a3ae-da501cfcafad
[2026-02-21T05:53:29.564Z] GET /api/task-creation/sessions/93d383a3-a923-4100-a3ae-da501cfcafad/messages
[2026-02-21T05:53:29.564Z] GET /api/task-creation/sessions/93d383a3-a923-4100-a3ae-da501cfcafad/intent
[2026-02-21T05:53:29.564Z] GET /api/task-creation/sessions/93d383a3-a923-4100-a3ae-da501cfcafad/task-description
[2026-02-21T05:53:29.565Z] GET /api/task-creation/sessions/93d383a3-a923-4100-a3ae-da501cfcafad/execution-plan
[2026-02-21T05:53:29.565Z] GET /api/sandbox/environment
[2026-02-21T05:53:29.565Z] GET /api/task-creation/sessions
[2026-02-21T05:53:33.560Z] GET /api/task-creation/sessions/93d383a3-a923-4100-a3ae-da501cfcafad
[2026-02-21T05:53:33.560Z] GET /api/task-creation/sessions/93d383a3-a923-4100-a3ae-da501cfcafad/messages
[2026-02-21T05:53:33.561Z] GET /api/task-creation/sessions/93d383a3-a923-4100-a3ae-da501cfcafad/intent
[2026-02-21T05:53:33.561Z] GET /api/task-creation/sessions/93d383a3-a923-4100-a3ae-da501cfcafad/task-description
[2026-02-21T05:53:33.561Z] GET /api/task-creation/sessions/93d383a3-a923-4100-a3ae-da501cfcafad/execution-plan
[2026-02-21T05:53:33.562Z] GET /api/sandbox/environment
[2026-02-21T05:53:33.562Z] GET /api/task-creation/sessions
✅ 数据库连接成功
[2026-02-21T05:53:37.560Z] GET /api/task-creation/sessions/93d383a3-a923-4100-a3ae-da501cfcafad/messages
[2026-02-21T05:53:37.561Z] GET /api/task-creation/sessions/93d383a3-a923-4100-a3ae-da501cfcafad
[2026-02-21T05:53:37.561Z] GET /api/task-creation/sessions/93d383a3-a923-4100-a3ae-da501cfcafad/intent
[2026-02-21T05:53:37.562Z] GET /api/task-creation/sessions/93d383a3-a923-4100-a3ae-da501cfcafad/task-description
[2026-02-21T05:53:37.562Z] GET /api/task-creation/sessions/93d383a3-a923-4100-a3ae-da501cfcafad/execution-plan
[2026-02-21T05:53:37.563Z] GET /api/sandbox/environment
[2026-02-21T05:53:37.563Z] GET /api/task-creation/sessions
[2026-02-21T05:53:41.561Z] GET /api/task-creation/sessions/93d383a3-a923-4100-a3ae-da501cfcafad
[2026-02-21T05:53:41.562Z] GET /api/task-creation/sessions/93d383a3-a923-4100-a3ae-da501cfcafad/messages
[2026-02-21T05:53:41.562Z] GET /api/task-creation/sessions/93d383a3-a923-4100-a3ae-da501cfcafad/intent
[2026-02-21T05:53:41.562Z] GET /api/task-creation/sessions/93d383a3-a923-4100-a3ae-da501cfcafad/task-description
[2026-02-21T05:53:41.563Z] GET /api/task-creation/sessions/93d383a3-a923-4100-a3ae-da501cfcafad/execution-plan
[2026-02-21T05:53:41.563Z] GET /api/sandbox/environment
[2026-02-21T05:53:41.563Z] GET /api/task-creation/sessions
[2026-02-21T05:53:45.552Z] GET /api/task-creation/sessions/93d383a3-a923-4100-a3ae-da501cfcafad
[2026-02-21T05:53:45.552Z] GET /api/task-creation/sessions/93d383a3-a923-4100-a3ae-da501cfcafad/messages
[2026-02-21T05:53:45.552Z] GET /api/task-creation/sessions/93d383a3-a923-4100-a3ae-da501cfcafad/intent
[2026-02-21T05:53:45.553Z] GET /api/task-creation/sessions/93d383a3-a923-4100-a3ae-da501cfcafad/task-description
[2026-02-21T05:53:45.553Z] GET /api/task-creation/sessions/93d383a3-a923-4100-a3ae-da501cfcafad/execution-plan
[2026-02-21T05:53:45.553Z] GET /api/sandbox/environment
[2026-02-21T05:53:45.553Z] GET /api/task-creation/sessions
[2026-02-21T05:53:49.558Z] GET /api/task-creation/sessions/93d383a3-a923-4100-a3ae-da501cfcafad/messages
[2026-02-21T05:53:49.559Z] GET /api/task-creation/sessions/93d383a3-a923-4100-a3ae-da501cfcafad
[2026-02-21T05:53:49.559Z] GET /api/task-creation/sessions/93d383a3-a923-4100-a3ae-da501cfcafad/intent
[2026-02-21T05:53:49.559Z] GET /api/task-creation/sessions/93d383a3-a923-4100-a3ae-da501cfcafad/task-description
[2026-02-21T05:53:49.559Z] GET /api/task-creation/sessions/93d383a3-a923-4100-a3ae-da501cfcafad/execution-plan
[2026-02-21T05:53:49.560Z] GET /api/sandbox/environment
[2026-02-21T05:53:49.560Z] GET /api/task-creation/sessions
✅ 数据库连接成功
[2026-02-21T05:53:53.558Z] GET /api/task-creation/sessions
[2026-02-21T05:53:53.559Z] GET /api/task-creation/sessions/93d383a3-a923-4100-a3ae-da501cfcafad/messages
[2026-02-21T05:53:53.559Z] GET /api/task-creation/sessions/93d383a3-a923-4100-a3ae-da501cfcafad
[2026-02-21T05:53:53.559Z] GET /api/task-creation/sessions/93d383a3-a923-4100-a3ae-da501cfcafad/intent
[2026-02-21T05:53:53.559Z] GET /api/task-creation/sessions/93d383a3-a923-4100-a3ae-da501cfcafad/task-description
[2026-02-21T05:53:53.560Z] GET /api/task-creation/sessions/93d383a3-a923-4100-a3ae-da501cfcafad/execution-plan
[2026-02-21T05:53:53.560Z] GET /api/sandbox/environment
[2026-02-21T05:53:57.564Z] GET /api/task-creation/sessions/93d383a3-a923-4100-a3ae-da501cfcafad
[2026-02-21T05:53:57.565Z] GET /api/task-creation/sessions/93d383a3-a923-4100-a3ae-da501cfcafad/messages
[2026-02-21T05:53:57.565Z] GET /api/task-creation/sessions/93d383a3-a923-4100-a3ae-da501cfcafad/intent
[2026-02-21T05:53:57.566Z] GET /api/task-creation/sessions/93d383a3-a923-4100-a3ae-da501cfcafad/task-description
[2026-02-21T05:53:57.566Z] GET /api/task-creation/sessions/93d383a3-a923-4100-a3ae-da501cfcafad/execution-plan
[2026-02-21T05:53:57.566Z] GET /api/sandbox/environment
[2026-02-21T05:53:57.566Z] GET /api/task-creation/sessions
[2026-02-21T05:54:01.559Z] GET /api/task-creation/sessions/93d383a3-a923-4100-a3ae-da501cfcafad
[2026-02-21T05:54:01.560Z] GET /api/task-creation/sessions/93d383a3-a923-4100-a3ae-da501cfcafad/messages
[2026-02-21T05:54:01.560Z] GET /api/task-creation/sessions/93d383a3-a923-4100-a3ae-da501cfcafad/intent
[2026-02-21T05:54:01.560Z] GET /api/task-creation/sessions/93d383a3-a923-4100-a3ae-da501cfcafad/task-description
[2026-02-21T05:54:01.561Z] GET /api/task-creation/sessions/93d383a3-a923-4100-a3ae-da501cfcafad/execution-plan
[2026-02-21T05:54:01.561Z] GET /api/sandbox/environment
[2026-02-21T05:54:01.561Z] GET /api/task-creation/sessions
[2026-02-21T05:54:05.553Z] GET /api/task-creation/sessions/93d383a3-a923-4100-a3ae-da501cfcafad
[2026-02-21T05:54:05.553Z] GET /api/task-creation/sessions/93d383a3-a923-4100-a3ae-da501cfcafad/messages
[2026-02-21T05:54:05.553Z] GET /api/task-creation/sessions/93d383a3-a923-4100-a3ae-da501cfcafad/intent
[2026-02-21T05:54:05.554Z] GET /api/task-creation/sessions/93d383a3-a923-4100-a3ae-da501cfcafad/task-description
[2026-02-21T05:54:05.554Z] GET /api/task-creation/sessions/93d383a3-a923-4100-a3ae-da501cfcafad/execution-plan
[2026-02-21T05:54:05.554Z] GET /api/sandbox/environment
[2026-02-21T05:54:05.554Z] GET /api/task-creation/sessions
✅ 数据库连接成功
[2026-02-21T05:54:09.004Z] GET /api/task-creation/sessions
[2026-02-21T05:54:09.568Z] GET /api/task-creation/sessions/93d383a3-a923-4100-a3ae-da501cfcafad
[2026-02-21T05:54:09.569Z] GET /api/task-creation/sessions/93d383a3-a923-4100-a3ae-da501cfcafad/messages
[2026-02-21T05:54:09.569Z] GET /api/task-creation/sessions/93d383a3-a923-4100-a3ae-da501cfcafad/intent
[2026-02-21T05:54:09.570Z] GET /api/task-creation/sessions/93d383a3-a923-4100-a3ae-da501cfcafad/execution-plan
[2026-02-21T05:54:09.570Z] GET /api/sandbox/environment
[2026-02-21T05:54:09.571Z] GET /api/task-creation/sessions
[2026-02-21T05:54:09.571Z] GET /api/task-creation/sessions/93d383a3-a923-4100-a3ae-da501cfcafad/task-description
[2026-02-21T05:54:13.552Z] GET /api/task-creation/sessions/93d383a3-a923-4100-a3ae-da501cfcafad
[2026-02-21T05:54:13.553Z] GET /api/task-creation/sessions/93d383a3-a923-4100-a3ae-da501cfcafad/messages
[2026-02-21T05:54:13.553Z] GET /api/task-creation/sessions/93d383a3-a923-4100-a3ae-da501cfcafad/intent
[2026-02-21T05:54:13.553Z] GET /api/task-creation/sessions/93d383a3-a923-4100-a3ae-da501cfcafad/task-description
[2026-02-21T05:54:13.554Z] GET /api/task-creation/sessions/93d383a3-a923-4100-a3ae-da501cfcafad/execution-plan
[2026-02-21T05:54:13.554Z] GET /api/sandbox/environment
[2026-02-21T05:54:13.554Z] GET /api/task-creation/sessions
[2026-02-21T05:54:17.564Z] GET /api/task-creation/sessions/93d383a3-a923-4100-a3ae-da501cfcafad
[2026-02-21T05:54:17.564Z] GET /api/task-creation/sessions/93d383a3-a923-4100-a3ae-da501cfcafad/messages
[2026-02-21T05:54:17.565Z] GET /api/task-creation/sessions/93d383a3-a923-4100-a3ae-da501cfcafad/intent
[2026-02-21T05:54:17.565Z] GET /api/task-creation/sessions/93d383a3-a923-4100-a3ae-da501cfcafad/task-description
[2026-02-21T05:54:17.565Z] GET /api/task-creation/sessions/93d383a3-a923-4100-a3ae-da501cfcafad/execution-plan
[2026-02-21T05:54:17.566Z] GET /api/sandbox/environment
[2026-02-21T05:54:17.566Z] GET /api/task-creation/sessions
[2026-02-21T05:54:21.564Z] GET /api/task-creation/sessions/93d383a3-a923-4100-a3ae-da501cfcafad/messages
[2026-02-21T05:54:21.564Z] GET /api/task-creation/sessions/93d383a3-a923-4100-a3ae-da501cfcafad
[2026-02-21T05:54:21.564Z] GET /api/task-creation/sessions/93d383a3-a923-4100-a3ae-da501cfcafad/intent
[2026-02-21T05:54:21.565Z] GET /api/task-creation/sessions/93d383a3-a923-4100-a3ae-da501cfcafad/execution-plan
[2026-02-21T05:54:21.565Z] GET /api/task-creation/sessions/93d383a3-a923-4100-a3ae-da501cfcafad/task-description
[2026-02-21T05:54:21.565Z] GET /api/sandbox/environment
[2026-02-21T05:54:21.566Z] GET /api/task-creation/sessions
✅ 数据库连接成功
[2026-02-21T05:54:25.552Z] GET /api/task-creation/sessions/93d383a3-a923-4100-a3ae-da501cfcafad
[2026-02-21T05:54:25.553Z] GET /api/task-creation/sessions/93d383a3-a923-4100-a3ae-da501cfcafad/messages
[2026-02-21T05:54:25.553Z] GET /api/task-creation/sessions/93d383a3-a923-4100-a3ae-da501cfcafad/intent
[2026-02-21T05:54:25.554Z] GET /api/task-creation/sessions/93d383a3-a923-4100-a3ae-da501cfcafad/task-description
[2026-02-21T05:54:25.554Z] GET /api/task-creation/sessions/93d383a3-a923-4100-a3ae-da501cfcafad/execution-plan
[2026-02-21T05:54:25.554Z] GET /api/sandbox/environment
[2026-02-21T05:54:25.554Z] GET /api/task-creation/sessions
[2026-02-21T05:54:29.565Z] GET /api/task-creation/sessions/93d383a3-a923-4100-a3ae-da501cfcafad
[2026-02-21T05:54:29.566Z] GET /api/task-creation/sessions/93d383a3-a923-4100-a3ae-da501cfcafad/messages
[2026-02-21T05:54:29.566Z] GET /api/task-creation/sessions/93d383a3-a923-4100-a3ae-da501cfcafad/intent
[2026-02-21T05:54:29.567Z] GET /api/task-creation/sessions/93d383a3-a923-4100-a3ae-da501cfcafad/task-description
[2026-02-21T05:54:29.567Z] GET /api/task-creation/sessions/93d383a3-a923-4100-a3ae-da501cfcafad/execution-plan
[2026-02-21T05:54:29.567Z] GET /api/sandbox/environment
[2026-02-21T05:54:29.567Z] GET /api/task-creation/sessions
[2026-02-21T05:54:33.553Z] GET /api/task-creation/sessions/93d383a3-a923-4100-a3ae-da501cfcafad
[2026-02-21T05:54:33.554Z] GET /api/task-creation/sessions/93d383a3-a923-4100-a3ae-da501cfcafad/messages
[2026-02-21T05:54:33.554Z] GET /api/task-creation/sessions/93d383a3-a923-4100-a3ae-da501cfcafad/intent
[2026-02-21T05:54:33.555Z] GET /api/task-creation/sessions/93d383a3-a923-4100-a3ae-da501cfcafad/task-description
[2026-02-21T05:54:33.555Z] GET /api/task-creation/sessions/93d383a3-a923-4100-a3ae-da501cfcafad/execution-plan
[2026-02-21T05:54:33.555Z] GET /api/task-creation/sessions
[2026-02-21T05:54:33.555Z] GET /api/sandbox/environment
[2026-02-21T05:54:37.561Z] GET /api/task-creation/sessions/93d383a3-a923-4100-a3ae-da501cfcafad
[2026-02-21T05:54:37.562Z] GET /api/task-creation/sessions/93d383a3-a923-4100-a3ae-da501cfcafad/messages
[2026-02-21T05:54:37.562Z] GET /api/task-creation/sessions/93d383a3-a923-4100-a3ae-da501cfcafad/intent
[2026-02-21T05:54:37.562Z] GET /api/task-creation/sessions/93d383a3-a923-4100-a3ae-da501cfcafad/execution-plan
[2026-02-21T05:54:37.562Z] GET /api/task-creation/sessions/93d383a3-a923-4100-a3ae-da501cfcafad/task-description
[2026-02-21T05:54:37.563Z] GET /api/sandbox/environment
[2026-02-21T05:54:37.563Z] GET /api/task-creation/sessions
✅ 数据库连接成功
[2026-02-21T05:54:41.563Z] GET /api/task-creation/sessions/93d383a3-a923-4100-a3ae-da501cfcafad
[2026-02-21T05:54:41.564Z] GET /api/task-creation/sessions/93d383a3-a923-4100-a3ae-da501cfcafad/messages
[2026-02-21T05:54:41.564Z] GET /api/task-creation/sessions/93d383a3-a923-4100-a3ae-da501cfcafad/intent
[2026-02-21T05:54:41.565Z] GET /api/task-creation/sessions/93d383a3-a923-4100-a3ae-da501cfcafad/task-description
[2026-02-21T05:54:41.565Z] GET /api/task-creation/sessions/93d383a3-a923-4100-a3ae-da501cfcafad/execution-plan
[2026-02-21T05:54:41.565Z] GET /api/sandbox/environment
[2026-02-21T05:54:41.566Z] GET /api/task-creation/sessions
[2026-02-21T05:54:45.560Z] GET /api/task-creation/sessions/93d383a3-a923-4100-a3ae-da501cfcafad
[2026-02-21T05:54:45.560Z] GET /api/task-creation/sessions/93d383a3-a923-4100-a3ae-da501cfcafad/messages
[2026-02-21T05:54:45.560Z] GET /api/task-creation/sessions/93d383a3-a923-4100-a3ae-da501cfcafad/intent
[2026-02-21T05:54:45.561Z] GET /api/task-creation/sessions/93d383a3-a923-4100-a3ae-da501cfcafad/task-description
[2026-02-21T05:54:45.561Z] GET /api/task-creation/sessions/93d383a3-a923-4100-a3ae-da501cfcafad/execution-plan
[2026-02-21T05:54:45.561Z] GET /api/sandbox/environment
[2026-02-21T05:54:45.562Z] GET /api/task-creation/sessions
[2026-02-21T05:54:49.558Z] GET /api/task-creation/sessions/93d383a3-a923-4100-a3ae-da501cfcafad
[2026-02-21T05:54:49.558Z] GET /api/task-creation/sessions/93d383a3-a923-4100-a3ae-da501cfcafad/intent
[2026-02-21T05:54:49.559Z] GET /api/task-creation/sessions/93d383a3-a923-4100-a3ae-da501cfcafad/messages
[2026-02-21T05:54:49.559Z] GET /api/task-creation/sessions/93d383a3-a923-4100-a3ae-da501cfcafad/task-description
[2026-02-21T05:54:49.559Z] GET /api/sandbox/environment
[2026-02-21T05:54:49.560Z] GET /api/task-creation/sessions/93d383a3-a923-4100-a3ae-da501cfcafad/execution-plan
[2026-02-21T05:54:49.560Z] GET /api/task-creation/sessions
[2026-02-21T05:54:53.552Z] GET /api/task-creation/sessions/93d383a3-a923-4100-a3ae-da501cfcafad
[2026-02-21T05:54:53.553Z] GET /api/task-creation/sessions/93d383a3-a923-4100-a3ae-da501cfcafad/messages
[2026-02-21T05:54:53.553Z] GET /api/task-creation/sessions/93d383a3-a923-4100-a3ae-da501cfcafad/intent
[2026-02-21T05:54:53.553Z] GET /api/task-creation/sessions/93d383a3-a923-4100-a3ae-da501cfcafad/task-description
[2026-02-21T05:54:53.553Z] GET /api/task-creation/sessions/93d383a3-a923-4100-a3ae-da501cfcafad/execution-plan
[2026-02-21T05:54:53.554Z] GET /api/task-creation/sessions
[2026-02-21T05:54:53.554Z] GET /api/sandbox/environment
✅ 数据库连接成功
[2026-02-21T05:54:57.564Z] GET /api/task-creation/sessions/93d383a3-a923-4100-a3ae-da501cfcafad
[2026-02-21T05:54:57.564Z] GET /api/task-creation/sessions/93d383a3-a923-4100-a3ae-da501cfcafad/messages
[2026-02-21T05:54:57.565Z] GET /api/sandbox/environment
[2026-02-21T05:54:57.565Z] GET /api/task-creation/sessions/93d383a3-a923-4100-a3ae-da501cfcafad/intent
[2026-02-21T05:54:57.566Z] GET /api/task-creation/sessions/93d383a3-a923-4100-a3ae-da501cfcafad/task-description
[2026-02-21T05:54:57.566Z] GET /api/task-creation/sessions/93d383a3-a923-4100-a3ae-da501cfcafad/execution-plan
[2026-02-21T05:54:57.566Z] GET /api/task-creation/sessions
[2026-02-21T05:55:01.564Z] GET /api/task-creation/sessions/93d383a3-a923-4100-a3ae-da501cfcafad
[2026-02-21T05:55:01.565Z] GET /api/task-creation/sessions/93d383a3-a923-4100-a3ae-da501cfcafad/execution-plan
[2026-02-21T05:55:01.565Z] GET /api/task-creation/sessions/93d383a3-a923-4100-a3ae-da501cfcafad/intent
[2026-02-21T05:55:01.566Z] GET /api/task-creation/sessions/93d383a3-a923-4100-a3ae-da501cfcafad/task-description
[2026-02-21T05:55:01.566Z] GET /api/task-creation/sessions/93d383a3-a923-4100-a3ae-da501cfcafad/messages
[2026-02-21T05:55:01.566Z] GET /api/sandbox/environment
[2026-02-21T05:55:01.567Z] GET /api/task-creation/sessions
[2026-02-21T05:55:05.557Z] GET /api/task-creation/sessions/93d383a3-a923-4100-a3ae-da501cfcafad
[2026-02-21T05:55:05.557Z] GET /api/task-creation/sessions/93d383a3-a923-4100-a3ae-da501cfcafad/messages
[2026-02-21T05:55:05.558Z] GET /api/task-creation/sessions/93d383a3-a923-4100-a3ae-da501cfcafad/intent
[2026-02-21T05:55:05.558Z] GET /api/task-creation/sessions/93d383a3-a923-4100-a3ae-da501cfcafad/task-description
[2026-02-21T05:55:05.558Z] GET /api/task-creation/sessions/93d383a3-a923-4100-a3ae-da501cfcafad/execution-plan
[2026-02-21T05:55:05.559Z] GET /api/sandbox/environment
[2026-02-21T05:55:05.559Z] GET /api/task-creation/sessions
[2026-02-21T05:55:09.005Z] GET /api/task-creation/sessions
[2026-02-21T05:55:09.553Z] GET /api/task-creation/sessions/93d383a3-a923-4100-a3ae-da501cfcafad
[2026-02-21T05:55:09.554Z] GET /api/task-creation/sessions/93d383a3-a923-4100-a3ae-da501cfcafad/messages
[2026-02-21T05:55:09.554Z] GET /api/task-creation/sessions/93d383a3-a923-4100-a3ae-da501cfcafad/intent
[2026-02-21T05:55:09.554Z] GET /api/task-creation/sessions/93d383a3-a923-4100-a3ae-da501cfcafad/task-description
[2026-02-21T05:55:09.555Z] GET /api/task-creation/sessions/93d383a3-a923-4100-a3ae-da501cfcafad/execution-plan
[2026-02-21T05:55:09.555Z] GET /api/sandbox/environment
[2026-02-21T05:55:09.555Z] GET /api/task-creation/sessions
✅ 数据库连接成功
[2026-02-21T05:55:13.556Z] GET /api/task-creation/sessions/93d383a3-a923-4100-a3ae-da501cfcafad
[2026-02-21T05:55:13.557Z] GET /api/task-creation/sessions/93d383a3-a923-4100-a3ae-da501cfcafad/messages
[2026-02-21T05:55:13.557Z] GET /api/task-creation/sessions/93d383a3-a923-4100-a3ae-da501cfcafad/intent
[2026-02-21T05:55:13.557Z] GET /api/task-creation/sessions/93d383a3-a923-4100-a3ae-da501cfcafad/task-description
[2026-02-21T05:55:13.557Z] GET /api/task-creation/sessions/93d383a3-a923-4100-a3ae-da501cfcafad/execution-plan
[2026-02-21T05:55:13.558Z] GET /api/sandbox/environment
[2026-02-21T05:55:13.558Z] GET /api/task-creation/sessions
[2026-02-21T05:55:17.553Z] GET /api/task-creation/sessions/93d383a3-a923-4100-a3ae-da501cfcafad
[2026-02-21T05:55:17.553Z] GET /api/task-creation/sessions/93d383a3-a923-4100-a3ae-da501cfcafad/messages
[2026-02-21T05:55:17.553Z] GET /api/task-creation/sessions/93d383a3-a923-4100-a3ae-da501cfcafad/intent
[2026-02-21T05:55:17.554Z] GET /api/task-creation/sessions/93d383a3-a923-4100-a3ae-da501cfcafad/execution-plan
[2026-02-21T05:55:17.554Z] GET /api/task-creation/sessions/93d383a3-a923-4100-a3ae-da501cfcafad/task-description
[2026-02-21T05:55:17.554Z] GET /api/sandbox/environment
[2026-02-21T05:55:17.555Z] GET /api/task-creation/sessions
[2026-02-21T05:55:21.555Z] GET /api/task-creation/sessions/93d383a3-a923-4100-a3ae-da501cfcafad
[2026-02-21T05:55:21.555Z] GET /api/task-creation/sessions/93d383a3-a923-4100-a3ae-da501cfcafad/intent
[2026-02-21T05:55:21.556Z] GET /api/task-creation/sessions/93d383a3-a923-4100-a3ae-da501cfcafad/messages
[2026-02-21T05:55:21.556Z] GET /api/task-creation/sessions/93d383a3-a923-4100-a3ae-da501cfcafad/task-description
[2026-02-21T05:55:21.556Z] GET /api/task-creation/sessions/93d383a3-a923-4100-a3ae-da501cfcafad/execution-plan
[2026-02-21T05:55:21.557Z] GET /api/sandbox/environment
[2026-02-21T05:55:21.557Z] GET /api/task-creation/sessions
[2026-02-21T05:55:25.556Z] GET /api/task-creation/sessions/93d383a3-a923-4100-a3ae-da501cfcafad
[2026-02-21T05:55:25.556Z] GET /api/task-creation/sessions/93d383a3-a923-4100-a3ae-da501cfcafad/messages
[2026-02-21T05:55:25.557Z] GET /api/task-creation/sessions/93d383a3-a923-4100-a3ae-da501cfcafad/intent
[2026-02-21T05:55:25.557Z] GET /api/task-creation/sessions/93d383a3-a923-4100-a3ae-da501cfcafad/task-description
[2026-02-21T05:55:25.557Z] GET /api/task-creation/sessions/93d383a3-a923-4100-a3ae-da501cfcafad/execution-plan
[2026-02-21T05:55:25.558Z] GET /api/sandbox/environment
[2026-02-21T05:55:25.558Z] GET /api/task-creation/sessions
✅ 数据库连接成功
[2026-02-21T05:55:29.563Z] GET /api/task-creation/sessions/93d383a3-a923-4100-a3ae-da501cfcafad
[2026-02-21T05:55:29.564Z] GET /api/task-creation/sessions/93d383a3-a923-4100-a3ae-da501cfcafad/messages
[2026-02-21T05:55:29.564Z] GET /api/task-creation/sessions/93d383a3-a923-4100-a3ae-da501cfcafad/intent
[2026-02-21T05:55:29.564Z] GET /api/task-creation/sessions/93d383a3-a923-4100-a3ae-da501cfcafad/task-description
[2026-02-21T05:55:29.565Z] GET /api/task-creation/sessions/93d383a3-a923-4100-a3ae-da501cfcafad/execution-plan
[2026-02-21T05:55:29.565Z] GET /api/task-creation/sessions
[2026-02-21T05:55:29.566Z] GET /api/sandbox/environment
[2026-02-21T05:55:33.557Z] GET /api/task-creation/sessions/93d383a3-a923-4100-a3ae-da501cfcafad
[2026-02-21T05:55:33.558Z] GET /api/task-creation/sessions/93d383a3-a923-4100-a3ae-da501cfcafad/messages
[2026-02-21T05:55:33.558Z] GET /api/task-creation/sessions/93d383a3-a923-4100-a3ae-da501cfcafad/intent
[2026-02-21T05:55:33.559Z] GET /api/task-creation/sessions/93d383a3-a923-4100-a3ae-da501cfcafad/task-description
[2026-02-21T05:55:33.559Z] GET /api/task-creation/sessions/93d383a3-a923-4100-a3ae-da501cfcafad/execution-plan
[2026-02-21T05:55:33.559Z] GET /api/sandbox/environment
[2026-02-21T05:55:33.560Z] GET /api/task-creation/sessions
[2026-02-21T05:55:37.565Z] GET /api/task-creation/sessions/93d383a3-a923-4100-a3ae-da501cfcafad
[2026-02-21T05:55:37.565Z] GET /api/task-creation/sessions/93d383a3-a923-4100-a3ae-da501cfcafad/messages
[2026-02-21T05:55:37.565Z] GET /api/task-creation/sessions/93d383a3-a923-4100-a3ae-da501cfcafad/intent
[2026-02-21T05:55:37.566Z] GET /api/task-creation/sessions/93d383a3-a923-4100-a3ae-da501cfcafad/task-description
[2026-02-21T05:55:37.566Z] GET /api/task-creation/sessions/93d383a3-a923-4100-a3ae-da501cfcafad/execution-plan
[2026-02-21T05:55:37.566Z] GET /api/sandbox/environment
[2026-02-21T05:55:37.567Z] GET /api/task-creation/sessions
[2026-02-21T05:55:41.566Z] GET /api/task-creation/sessions/93d383a3-a923-4100-a3ae-da501cfcafad
[2026-02-21T05:55:41.567Z] GET /api/task-creation/sessions/93d383a3-a923-4100-a3ae-da501cfcafad/messages
[2026-02-21T05:55:41.567Z] GET /api/task-creation/sessions/93d383a3-a923-4100-a3ae-da501cfcafad/intent
[2026-02-21T05:55:41.567Z] GET /api/task-creation/sessions/93d383a3-a923-4100-a3ae-da501cfcafad/task-description
[2026-02-21T05:55:41.568Z] GET /api/task-creation/sessions/93d383a3-a923-4100-a3ae-da501cfcafad/execution-plan
[2026-02-21T05:55:41.568Z] GET /api/sandbox/environment
[2026-02-21T05:55:41.568Z] GET /api/task-creation/sessions
✅ 数据库连接成功
[2026-02-21T05:55:45.557Z] GET /api/task-creation/sessions/93d383a3-a923-4100-a3ae-da501cfcafad
[2026-02-21T05:55:45.558Z] GET /api/task-creation/sessions/93d383a3-a923-4100-a3ae-da501cfcafad/messages
[2026-02-21T05:55:45.558Z] GET /api/task-creation/sessions/93d383a3-a923-4100-a3ae-da501cfcafad/intent
[2026-02-21T05:55:45.559Z] GET /api/task-creation/sessions/93d383a3-a923-4100-a3ae-da501cfcafad/task-description
[2026-02-21T05:55:45.559Z] GET /api/task-creation/sessions/93d383a3-a923-4100-a3ae-da501cfcafad/execution-plan
[2026-02-21T05:55:45.559Z] GET /api/sandbox/environment
[2026-02-21T05:55:45.560Z] GET /api/task-creation/sessions
[2026-02-21T05:55:49.561Z] GET /api/task-creation/sessions/93d383a3-a923-4100-a3ae-da501cfcafad
[2026-02-21T05:55:49.562Z] GET /api/task-creation/sessions/93d383a3-a923-4100-a3ae-da501cfcafad/intent
[2026-02-21T05:55:49.562Z] GET /api/task-creation/sessions/93d383a3-a923-4100-a3ae-da501cfcafad/messages
[2026-02-21T05:55:49.563Z] GET /api/task-creation/sessions/93d383a3-a923-4100-a3ae-da501cfcafad/task-description
[2026-02-21T05:55:49.563Z] GET /api/task-creation/sessions/93d383a3-a923-4100-a3ae-da501cfcafad/execution-plan
[2026-02-21T05:55:49.563Z] GET /api/sandbox/environment
[2026-02-21T05:55:49.563Z] GET /api/task-creation/sessions
[2026-02-21T05:55:53.556Z] GET /api/task-creation/sessions/93d383a3-a923-4100-a3ae-da501cfcafad
[2026-02-21T05:55:53.557Z] GET /api/task-creation/sessions/93d383a3-a923-4100-a3ae-da501cfcafad/messages
[2026-02-21T05:55:53.557Z] GET /api/task-creation/sessions/93d383a3-a923-4100-a3ae-da501cfcafad/intent
[2026-02-21T05:55:53.558Z] GET /api/task-creation/sessions/93d383a3-a923-4100-a3ae-da501cfcafad/execution-plan
[2026-02-21T05:55:53.558Z] GET /api/task-creation/sessions/93d383a3-a923-4100-a3ae-da501cfcafad/task-description
[2026-02-21T05:55:53.559Z] GET /api/sandbox/environment
[2026-02-21T05:55:53.559Z] GET /api/task-creation/sessions
[2026-02-21T05:55:57.556Z] GET /api/task-creation/sessions/93d383a3-a923-4100-a3ae-da501cfcafad
[2026-02-21T05:55:57.557Z] GET /api/task-creation/sessions/93d383a3-a923-4100-a3ae-da501cfcafad/messages
[2026-02-21T05:55:57.557Z] GET /api/task-creation/sessions/93d383a3-a923-4100-a3ae-da501cfcafad/intent
[2026-02-21T05:55:57.557Z] GET /api/task-creation/sessions/93d383a3-a923-4100-a3ae-da501cfcafad/task-description
[2026-02-21T05:55:57.558Z] GET /api/task-creation/sessions/93d383a3-a923-4100-a3ae-da501cfcafad/execution-plan
[2026-02-21T05:55:57.558Z] GET /api/sandbox/environment
[2026-02-21T05:55:57.558Z] GET /api/task-creation/sessions
✅ 数据库连接成功
[2026-02-21T05:56:01.563Z] GET /api/task-creation/sessions/93d383a3-a923-4100-a3ae-da501cfcafad
[2026-02-21T05:56:01.564Z] GET /api/task-creation/sessions/93d383a3-a923-4100-a3ae-da501cfcafad/messages
[2026-02-21T05:56:01.564Z] GET /api/task-creation/sessions/93d383a3-a923-4100-a3ae-da501cfcafad/intent
[2026-02-21T05:56:01.564Z] GET /api/task-creation/sessions/93d383a3-a923-4100-a3ae-da501cfcafad/task-description
[2026-02-21T05:56:01.564Z] GET /api/task-creation/sessions/93d383a3-a923-4100-a3ae-da501cfcafad/execution-plan
[2026-02-21T05:56:01.565Z] GET /api/sandbox/environment
[2026-02-21T05:56:01.565Z] GET /api/task-creation/sessions
[2026-02-21T05:56:05.557Z] GET /api/task-creation/sessions/93d383a3-a923-4100-a3ae-da501cfcafad
[2026-02-21T05:56:05.558Z] GET /api/task-creation/sessions/93d383a3-a923-4100-a3ae-da501cfcafad/intent
[2026-02-21T05:56:05.559Z] GET /api/task-creation/sessions/93d383a3-a923-4100-a3ae-da501cfcafad/task-description
[2026-02-21T05:56:05.559Z] GET /api/sandbox/environment
[2026-02-21T05:56:05.559Z] GET /api/task-creation/sessions/93d383a3-a923-4100-a3ae-da501cfcafad/messages
[2026-02-21T05:56:05.559Z] GET /api/task-creation/sessions/93d383a3-a923-4100-a3ae-da501cfcafad/execution-plan
[2026-02-21T05:56:05.560Z] GET /api/task-creation/sessions
[2026-02-21T05:56:09.007Z] GET /api/task-creation/sessions
[2026-02-21T05:56:09.555Z] GET /api/task-creation/sessions/93d383a3-a923-4100-a3ae-da501cfcafad
[2026-02-21T05:56:09.556Z] GET /api/task-creation/sessions/93d383a3-a923-4100-a3ae-da501cfcafad/messages
[2026-02-21T05:56:09.556Z] GET /api/task-creation/sessions/93d383a3-a923-4100-a3ae-da501cfcafad/intent
[2026-02-21T05:56:09.556Z] GET /api/task-creation/sessions/93d383a3-a923-4100-a3ae-da501cfcafad/task-description
[2026-02-21T05:56:09.557Z] GET /api/task-creation/sessions/93d383a3-a923-4100-a3ae-da501cfcafad/execution-plan
[2026-02-21T05:56:09.557Z] GET /api/sandbox/environment
[2026-02-21T05:56:09.557Z] GET /api/task-creation/sessions
[2026-02-21T05:56:13.561Z] GET /api/task-creation/sessions/93d383a3-a923-4100-a3ae-da501cfcafad
[2026-02-21T05:56:13.562Z] GET /api/task-creation/sessions/93d383a3-a923-4100-a3ae-da501cfcafad/intent
[2026-02-21T05:56:13.563Z] GET /api/task-creation/sessions/93d383a3-a923-4100-a3ae-da501cfcafad/messages
[2026-02-21T05:56:13.563Z] GET /api/task-creation/sessions/93d383a3-a923-4100-a3ae-da501cfcafad/task-description
[2026-02-21T05:56:13.564Z] GET /api/sandbox/environment
[2026-02-21T05:56:13.564Z] GET /api/task-creation/sessions/93d383a3-a923-4100-a3ae-da501cfcafad/execution-plan
[2026-02-21T05:56:13.564Z] GET /api/task-creation/sessions
✅ 数据库连接成功
[2026-02-21T05:56:17.552Z] GET /api/task-creation/sessions/93d383a3-a923-4100-a3ae-da501cfcafad
[2026-02-21T05:56:17.552Z] GET /api/task-creation/sessions/93d383a3-a923-4100-a3ae-da501cfcafad/messages
[2026-02-21T05:56:17.553Z] GET /api/task-creation/sessions/93d383a3-a923-4100-a3ae-da501cfcafad/intent
[2026-02-21T05:56:17.553Z] GET /api/task-creation/sessions/93d383a3-a923-4100-a3ae-da501cfcafad/task-description
[2026-02-21T05:56:17.553Z] GET /api/task-creation/sessions/93d383a3-a923-4100-a3ae-da501cfcafad/execution-plan
[2026-02-21T05:56:17.553Z] GET /api/sandbox/environment
[2026-02-21T05:56:17.554Z] GET /api/task-creation/sessions
[2026-02-21T05:56:21.563Z] GET /api/task-creation/sessions/93d383a3-a923-4100-a3ae-da501cfcafad
[2026-02-21T05:56:21.564Z] GET /api/task-creation/sessions/93d383a3-a923-4100-a3ae-da501cfcafad/messages
[2026-02-21T05:56:21.564Z] GET /api/task-creation/sessions/93d383a3-a923-4100-a3ae-da501cfcafad/intent
[2026-02-21T05:56:21.564Z] GET /api/task-creation/sessions/93d383a3-a923-4100-a3ae-da501cfcafad/task-description
[2026-02-21T05:56:21.565Z] GET /api/task-creation/sessions/93d383a3-a923-4100-a3ae-da501cfcafad/execution-plan
[2026-02-21T05:56:21.565Z] GET /api/sandbox/environment
[2026-02-21T05:56:21.565Z] GET /api/task-creation/sessions
[2026-02-21T05:56:25.567Z] GET /api/task-creation/sessions/93d383a3-a923-4100-a3ae-da501cfcafad
[2026-02-21T05:56:25.568Z] GET /api/task-creation/sessions/93d383a3-a923-4100-a3ae-da501cfcafad/messages
[2026-02-21T05:56:25.568Z] GET /api/task-creation/sessions/93d383a3-a923-4100-a3ae-da501cfcafad/intent
[2026-02-21T05:56:25.568Z] GET /api/task-creation/sessions/93d383a3-a923-4100-a3ae-da501cfcafad/task-description
[2026-02-21T05:56:25.569Z] GET /api/task-creation/sessions/93d383a3-a923-4100-a3ae-da501cfcafad/execution-plan
[2026-02-21T05:56:25.569Z] GET /api/sandbox/environment
[2026-02-21T05:56:25.569Z] GET /api/task-creation/sessions
[2026-02-21T05:56:29.558Z] GET /api/task-creation/sessions
[2026-02-21T05:56:29.559Z] GET /api/task-creation/sessions/93d383a3-a923-4100-a3ae-da501cfcafad
[2026-02-21T05:56:29.559Z] GET /api/task-creation/sessions/93d383a3-a923-4100-a3ae-da501cfcafad/messages
[2026-02-21T05:56:29.560Z] GET /api/task-creation/sessions/93d383a3-a923-4100-a3ae-da501cfcafad/intent
[2026-02-21T05:56:29.560Z] GET /api/task-creation/sessions/93d383a3-a923-4100-a3ae-da501cfcafad/execution-plan
[2026-02-21T05:56:29.560Z] GET /api/task-creation/sessions/93d383a3-a923-4100-a3ae-da501cfcafad/task-description
[2026-02-21T05:56:29.560Z] GET /api/sandbox/environment
✅ 数据库连接成功
[2026-02-21T05:56:33.557Z] GET /api/task-creation/sessions/93d383a3-a923-4100-a3ae-da501cfcafad
[2026-02-21T05:56:33.558Z] GET /api/task-creation/sessions/93d383a3-a923-4100-a3ae-da501cfcafad/messages
[2026-02-21T05:56:33.558Z] GET /api/task-creation/sessions/93d383a3-a923-4100-a3ae-da501cfcafad/intent
[2026-02-21T05:56:33.558Z] GET /api/task-creation/sessions/93d383a3-a923-4100-a3ae-da501cfcafad/task-description
[2026-02-21T05:56:33.559Z] GET /api/task-creation/sessions/93d383a3-a923-4100-a3ae-da501cfcafad/execution-plan
[2026-02-21T05:56:33.559Z] GET /api/sandbox/environment
[2026-02-21T05:56:33.560Z] GET /api/task-creation/sessions
[2026-02-21T05:56:37.561Z] GET /api/task-creation/sessions/93d383a3-a923-4100-a3ae-da501cfcafad
[2026-02-21T05:56:37.562Z] GET /api/task-creation/sessions/93d383a3-a923-4100-a3ae-da501cfcafad/messages
[2026-02-21T05:56:37.562Z] GET /api/task-creation/sessions/93d383a3-a923-4100-a3ae-da501cfcafad/intent
[2026-02-21T05:56:37.562Z] GET /api/task-creation/sessions/93d383a3-a923-4100-a3ae-da501cfcafad/task-description
[2026-02-21T05:56:37.562Z] GET /api/task-creation/sessions/93d383a3-a923-4100-a3ae-da501cfcafad/execution-plan
[2026-02-21T05:56:37.563Z] GET /api/task-creation/sessions
[2026-02-21T05:56:37.563Z] GET /api/sandbox/environment
[2026-02-21T05:56:41.558Z] GET /api/task-creation/sessions/93d383a3-a923-4100-a3ae-da501cfcafad
[2026-02-21T05:56:41.559Z] GET /api/task-creation/sessions/93d383a3-a923-4100-a3ae-da501cfcafad/messages
[2026-02-21T05:56:41.559Z] GET /api/task-creation/sessions/93d383a3-a923-4100-a3ae-da501cfcafad/intent
[2026-02-21T05:56:41.560Z] GET /api/task-creation/sessions/93d383a3-a923-4100-a3ae-da501cfcafad/task-description
[2026-02-21T05:56:41.560Z] GET /api/task-creation/sessions/93d383a3-a923-4100-a3ae-da501cfcafad/execution-plan
[2026-02-21T05:56:41.560Z] GET /api/task-creation/sessions
[2026-02-21T05:56:41.560Z] GET /api/sandbox/environment
[2026-02-21T05:56:45.557Z] GET /api/task-creation/sessions/93d383a3-a923-4100-a3ae-da501cfcafad
[2026-02-21T05:56:45.558Z] GET /api/task-creation/sessions/93d383a3-a923-4100-a3ae-da501cfcafad/messages
[2026-02-21T05:56:45.558Z] GET /api/task-creation/sessions/93d383a3-a923-4100-a3ae-da501cfcafad/intent
[2026-02-21T05:56:45.559Z] GET /api/task-creation/sessions/93d383a3-a923-4100-a3ae-da501cfcafad/task-description
[2026-02-21T05:56:45.559Z] GET /api/task-creation/sessions/93d383a3-a923-4100-a3ae-da501cfcafad/execution-plan
[2026-02-21T05:56:45.559Z] GET /api/sandbox/environment
[2026-02-21T05:56:45.560Z] GET /api/task-creation/sessions
✅ 数据库连接成功
[2026-02-21T05:56:49.557Z] GET /api/task-creation/sessions/93d383a3-a923-4100-a3ae-da501cfcafad
[2026-02-21T05:56:49.558Z] GET /api/task-creation/sessions/93d383a3-a923-4100-a3ae-da501cfcafad/messages
[2026-02-21T05:56:49.558Z] GET /api/task-creation/sessions/93d383a3-a923-4100-a3ae-da501cfcafad/intent
[2026-02-21T05:56:49.558Z] GET /api/task-creation/sessions/93d383a3-a923-4100-a3ae-da501cfcafad/task-description
[2026-02-21T05:56:49.559Z] GET /api/task-creation/sessions/93d383a3-a923-4100-a3ae-da501cfcafad/execution-plan
[2026-02-21T05:56:49.559Z] GET /api/task-creation/sessions
[2026-02-21T05:56:49.559Z] GET /api/sandbox/environment
[2026-02-21T05:56:53.558Z] GET /api/task-creation/sessions/93d383a3-a923-4100-a3ae-da501cfcafad
[2026-02-21T05:56:53.559Z] GET /api/task-creation/sessions/93d383a3-a923-4100-a3ae-da501cfcafad/messages
[2026-02-21T05:56:53.559Z] GET /api/task-creation/sessions/93d383a3-a923-4100-a3ae-da501cfcafad/intent
[2026-02-21T05:56:53.559Z] GET /api/task-creation/sessions/93d383a3-a923-4100-a3ae-da501cfcafad/task-description
[2026-02-21T05:56:53.560Z] GET /api/task-creation/sessions/93d383a3-a923-4100-a3ae-da501cfcafad/execution-plan
[2026-02-21T05:56:53.560Z] GET /api/sandbox/environment
[2026-02-21T05:56:53.560Z] GET /api/task-creation/sessions
[2026-02-21T05:56:57.557Z] GET /api/task-creation/sessions/93d383a3-a923-4100-a3ae-da501cfcafad/messages
[2026-02-21T05:56:57.557Z] GET /api/task-creation/sessions/93d383a3-a923-4100-a3ae-da501cfcafad
[2026-02-21T05:56:57.557Z] GET /api/task-creation/sessions/93d383a3-a923-4100-a3ae-da501cfcafad/intent
[2026-02-21T05:56:57.558Z] GET /api/task-creation/sessions/93d383a3-a923-4100-a3ae-da501cfcafad/task-description
[2026-02-21T05:56:57.558Z] GET /api/task-creation/sessions/93d383a3-a923-4100-a3ae-da501cfcafad/execution-plan
[2026-02-21T05:56:57.558Z] GET /api/sandbox/environment
[2026-02-21T05:56:57.559Z] GET /api/task-creation/sessions
[2026-02-21T05:57:01.558Z] GET /api/task-creation/sessions/93d383a3-a923-4100-a3ae-da501cfcafad
[2026-02-21T05:57:01.558Z] GET /api/task-creation/sessions/93d383a3-a923-4100-a3ae-da501cfcafad/messages
[2026-02-21T05:57:01.558Z] GET /api/task-creation/sessions/93d383a3-a923-4100-a3ae-da501cfcafad/intent
[2026-02-21T05:57:01.559Z] GET /api/task-creation/sessions/93d383a3-a923-4100-a3ae-da501cfcafad/task-description
[2026-02-21T05:57:01.559Z] GET /api/task-creation/sessions/93d383a3-a923-4100-a3ae-da501cfcafad/execution-plan
[2026-02-21T05:57:01.560Z] GET /api/sandbox/environment
[2026-02-21T05:57:01.560Z] GET /api/task-creation/sessions
✅ 数据库连接成功
[2026-02-21T05:57:05.564Z] GET /api/task-creation/sessions/93d383a3-a923-4100-a3ae-da501cfcafad
[2026-02-21T05:57:05.565Z] GET /api/task-creation/sessions/93d383a3-a923-4100-a3ae-da501cfcafad/messages
[2026-02-21T05:57:05.565Z] GET /api/task-creation/sessions/93d383a3-a923-4100-a3ae-da501cfcafad/intent
[2026-02-21T05:57:05.565Z] GET /api/task-creation/sessions/93d383a3-a923-4100-a3ae-da501cfcafad/task-description
[2026-02-21T05:57:05.565Z] GET /api/task-creation/sessions/93d383a3-a923-4100-a3ae-da501cfcafad/execution-plan
[2026-02-21T05:57:05.566Z] GET /api/sandbox/environment
[2026-02-21T05:57:05.566Z] GET /api/task-creation/sessions
[2026-02-21T05:57:09.000Z] GET /api/task-creation/sessions
[2026-02-21T05:57:09.561Z] GET /api/task-creation/sessions/93d383a3-a923-4100-a3ae-da501cfcafad
[2026-02-21T05:57:09.562Z] GET /api/task-creation/sessions/93d383a3-a923-4100-a3ae-da501cfcafad/messages
[2026-02-21T05:57:09.562Z] GET /api/task-creation/sessions/93d383a3-a923-4100-a3ae-da501cfcafad/intent
[2026-02-21T05:57:09.562Z] GET /api/task-creation/sessions/93d383a3-a923-4100-a3ae-da501cfcafad/task-description
[2026-02-21T05:57:09.563Z] GET /api/task-creation/sessions/93d383a3-a923-4100-a3ae-da501cfcafad/execution-plan
[2026-02-21T05:57:09.563Z] GET /api/sandbox/environment
[2026-02-21T05:57:09.563Z] GET /api/task-creation/sessions
[2026-02-21T05:57:13.555Z] GET /api/task-creation/sessions/93d383a3-a923-4100-a3ae-da501cfcafad/messages
[2026-02-21T05:57:13.556Z] GET /api/task-creation/sessions/93d383a3-a923-4100-a3ae-da501cfcafad
[2026-02-21T05:57:13.556Z] GET /api/task-creation/sessions/93d383a3-a923-4100-a3ae-da501cfcafad/intent
[2026-02-21T05:57:13.557Z] GET /api/task-creation/sessions/93d383a3-a923-4100-a3ae-da501cfcafad/task-description
[2026-02-21T05:57:13.557Z] GET /api/task-creation/sessions/93d383a3-a923-4100-a3ae-da501cfcafad/execution-plan
[2026-02-21T05:57:13.557Z] GET /api/sandbox/environment
[2026-02-21T05:57:13.557Z] GET /api/task-creation/sessions
[2026-02-21T05:57:17.563Z] GET /api/task-creation/sessions/93d383a3-a923-4100-a3ae-da501cfcafad
[2026-02-21T05:57:17.564Z] GET /api/task-creation/sessions/93d383a3-a923-4100-a3ae-da501cfcafad/messages
[2026-02-21T05:57:17.564Z] GET /api/task-creation/sessions/93d383a3-a923-4100-a3ae-da501cfcafad/intent
[2026-02-21T05:57:17.565Z] GET /api/task-creation/sessions/93d383a3-a923-4100-a3ae-da501cfcafad/task-description
[2026-02-21T05:57:17.565Z] GET /api/task-creation/sessions/93d383a3-a923-4100-a3ae-da501cfcafad/execution-plan
[2026-02-21T05:57:17.565Z] GET /api/sandbox/environment
[2026-02-21T05:57:17.565Z] GET /api/task-creation/sessions
✅ 数据库连接成功
[2026-02-21T05:57:21.551Z] GET /api/task-creation/sessions/93d383a3-a923-4100-a3ae-da501cfcafad
[2026-02-21T05:57:21.552Z] GET /api/task-creation/sessions/93d383a3-a923-4100-a3ae-da501cfcafad/messages
[2026-02-21T05:57:21.552Z] GET /api/task-creation/sessions/93d383a3-a923-4100-a3ae-da501cfcafad/intent
[2026-02-21T05:57:21.553Z] GET /api/task-creation/sessions/93d383a3-a923-4100-a3ae-da501cfcafad/task-description
[2026-02-21T05:57:21.553Z] GET /api/task-creation/sessions/93d383a3-a923-4100-a3ae-da501cfcafad/execution-plan
[2026-02-21T05:57:21.554Z] GET /api/sandbox/environment
[2026-02-21T05:57:21.554Z] GET /api/task-creation/sessions
[2026-02-21T05:57:25.556Z] GET /api/task-creation/sessions/93d383a3-a923-4100-a3ae-da501cfcafad/messages
[2026-02-21T05:57:25.557Z] GET /api/task-creation/sessions/93d383a3-a923-4100-a3ae-da501cfcafad
[2026-02-21T05:57:25.557Z] GET /api/task-creation/sessions/93d383a3-a923-4100-a3ae-da501cfcafad/intent
[2026-02-21T05:57:25.558Z] GET /api/task-creation/sessions/93d383a3-a923-4100-a3ae-da501cfcafad/task-description
[2026-02-21T05:57:25.558Z] GET /api/task-creation/sessions/93d383a3-a923-4100-a3ae-da501cfcafad/execution-plan
[2026-02-21T05:57:25.558Z] GET /api/sandbox/environment
[2026-02-21T05:57:25.558Z] GET /api/task-creation/sessions
[2026-02-21T05:57:29.560Z] GET /api/task-creation/sessions/93d383a3-a923-4100-a3ae-da501cfcafad
[2026-02-21T05:57:29.560Z] GET /api/task-creation/sessions/93d383a3-a923-4100-a3ae-da501cfcafad/intent
[2026-02-21T05:57:29.561Z] GET /api/task-creation/sessions/93d383a3-a923-4100-a3ae-da501cfcafad/messages
[2026-02-21T05:57:29.561Z] GET /api/task-creation/sessions/93d383a3-a923-4100-a3ae-da501cfcafad/task-description
[2026-02-21T05:57:29.561Z] GET /api/task-creation/sessions/93d383a3-a923-4100-a3ae-da501cfcafad/execution-plan
[2026-02-21T05:57:29.561Z] GET /api/sandbox/environment
[2026-02-21T05:57:29.562Z] GET /api/task-creation/sessions
[2026-02-21T05:57:33.555Z] GET /api/task-creation/sessions/93d383a3-a923-4100-a3ae-da501cfcafad
[2026-02-21T05:57:33.556Z] GET /api/task-creation/sessions/93d383a3-a923-4100-a3ae-da501cfcafad/messages
[2026-02-21T05:57:33.556Z] GET /api/task-creation/sessions/93d383a3-a923-4100-a3ae-da501cfcafad/intent
[2026-02-21T05:57:33.557Z] GET /api/task-creation/sessions/93d383a3-a923-4100-a3ae-da501cfcafad/task-description
[2026-02-21T05:57:33.557Z] GET /api/task-creation/sessions/93d383a3-a923-4100-a3ae-da501cfcafad/execution-plan
[2026-02-21T05:57:33.557Z] GET /api/sandbox/environment
[2026-02-21T05:57:33.558Z] GET /api/task-creation/sessions
✅ 数据库连接成功
[2026-02-21T05:57:37.558Z] GET /api/task-creation/sessions/93d383a3-a923-4100-a3ae-da501cfcafad
[2026-02-21T05:57:37.559Z] GET /api/task-creation/sessions/93d383a3-a923-4100-a3ae-da501cfcafad/messages
[2026-02-21T05:57:37.559Z] GET /api/task-creation/sessions/93d383a3-a923-4100-a3ae-da501cfcafad/intent
[2026-02-21T05:57:37.560Z] GET /api/task-creation/sessions/93d383a3-a923-4100-a3ae-da501cfcafad/task-description
[2026-02-21T05:57:37.560Z] GET /api/task-creation/sessions/93d383a3-a923-4100-a3ae-da501cfcafad/execution-plan
[2026-02-21T05:57:37.560Z] GET /api/sandbox/environment
[2026-02-21T05:57:37.561Z] GET /api/task-creation/sessions
[2026-02-21T05:57:41.566Z] GET /api/task-creation/sessions/93d383a3-a923-4100-a3ae-da501cfcafad
[2026-02-21T05:57:41.566Z] GET /api/task-creation/sessions/93d383a3-a923-4100-a3ae-da501cfcafad/messages
[2026-02-21T05:57:41.567Z] GET /api/task-creation/sessions/93d383a3-a923-4100-a3ae-da501cfcafad/intent
[2026-02-21T05:57:41.567Z] GET /api/task-creation/sessions/93d383a3-a923-4100-a3ae-da501cfcafad/task-description
[2026-02-21T05:57:41.567Z] GET /api/task-creation/sessions/93d383a3-a923-4100-a3ae-da501cfcafad/execution-plan
[2026-02-21T05:57:41.568Z] GET /api/sandbox/environment
[2026-02-21T05:57:41.568Z] GET /api/task-creation/sessions
[2026-02-21T05:57:45.554Z] GET /api/task-creation/sessions/93d383a3-a923-4100-a3ae-da501cfcafad
[2026-02-21T05:57:45.555Z] GET /api/task-creation/sessions/93d383a3-a923-4100-a3ae-da501cfcafad/messages
[2026-02-21T05:57:45.555Z] GET /api/task-creation/sessions/93d383a3-a923-4100-a3ae-da501cfcafad/intent
[2026-02-21T05:57:45.555Z] GET /api/task-creation/sessions/93d383a3-a923-4100-a3ae-da501cfcafad/task-description
[2026-02-21T05:57:45.555Z] GET /api/task-creation/sessions/93d383a3-a923-4100-a3ae-da501cfcafad/execution-plan
[2026-02-21T05:57:45.556Z] GET /api/sandbox/environment
[2026-02-21T05:57:45.556Z] GET /api/task-creation/sessions
[2026-02-21T05:57:49.553Z] GET /api/task-creation/sessions/93d383a3-a923-4100-a3ae-da501cfcafad
[2026-02-21T05:57:49.554Z] GET /api/task-creation/sessions/93d383a3-a923-4100-a3ae-da501cfcafad/intent
[2026-02-21T05:57:49.554Z] GET /api/task-creation/sessions/93d383a3-a923-4100-a3ae-da501cfcafad/task-description
[2026-02-21T05:57:49.555Z] GET /api/task-creation/sessions/93d383a3-a923-4100-a3ae-da501cfcafad/execution-plan
[2026-02-21T05:57:49.555Z] GET /api/task-creation/sessions/93d383a3-a923-4100-a3ae-da501cfcafad/messages
[2026-02-21T05:57:49.555Z] GET /api/sandbox/environment
[2026-02-21T05:57:49.555Z] GET /api/task-creation/sessions
✅ 数据库连接成功
[2026-02-21T05:57:53.561Z] GET /api/task-creation/sessions/93d383a3-a923-4100-a3ae-da501cfcafad
[2026-02-21T05:57:53.562Z] GET /api/task-creation/sessions/93d383a3-a923-4100-a3ae-da501cfcafad/messages
[2026-02-21T05:57:53.562Z] GET /api/task-creation/sessions/93d383a3-a923-4100-a3ae-da501cfcafad/intent
[2026-02-21T05:57:53.562Z] GET /api/task-creation/sessions/93d383a3-a923-4100-a3ae-da501cfcafad/task-description
[2026-02-21T05:57:53.562Z] GET /api/task-creation/sessions/93d383a3-a923-4100-a3ae-da501cfcafad/execution-plan
[2026-02-21T05:57:53.563Z] GET /api/sandbox/environment
[2026-02-21T05:57:53.563Z] GET /api/task-creation/sessions
[2026-02-21T05:57:57.553Z] GET /api/task-creation/sessions/93d383a3-a923-4100-a3ae-da501cfcafad
[2026-02-21T05:57:57.553Z] GET /api/task-creation/sessions/93d383a3-a923-4100-a3ae-da501cfcafad/messages
[2026-02-21T05:57:57.554Z] GET /api/task-creation/sessions/93d383a3-a923-4100-a3ae-da501cfcafad/intent
[2026-02-21T05:57:57.554Z] GET /api/task-creation/sessions/93d383a3-a923-4100-a3ae-da501cfcafad/task-description
[2026-02-21T05:57:57.555Z] GET /api/task-creation/sessions/93d383a3-a923-4100-a3ae-da501cfcafad/execution-plan
[2026-02-21T05:57:57.555Z] GET /api/sandbox/environment
[2026-02-21T05:57:57.555Z] GET /api/task-creation/sessions
[2026-02-21T05:58:01.556Z] GET /api/task-creation/sessions/93d383a3-a923-4100-a3ae-da501cfcafad
[2026-02-21T05:58:01.556Z] GET /api/task-creation/sessions/93d383a3-a923-4100-a3ae-da501cfcafad/messages
[2026-02-21T05:58:01.556Z] GET /api/task-creation/sessions/93d383a3-a923-4100-a3ae-da501cfcafad/intent
[2026-02-21T05:58:01.557Z] GET /api/task-creation/sessions/93d383a3-a923-4100-a3ae-da501cfcafad/task-description
[2026-02-21T05:58:01.557Z] GET /api/task-creation/sessions/93d383a3-a923-4100-a3ae-da501cfcafad/execution-plan
[2026-02-21T05:58:01.557Z] GET /api/sandbox/environment
[2026-02-21T05:58:01.558Z] GET /api/task-creation/sessions
[2026-02-21T05:58:05.559Z] GET /api/task-creation/sessions/93d383a3-a923-4100-a3ae-da501cfcafad
[2026-02-21T05:58:05.560Z] GET /api/task-creation/sessions/93d383a3-a923-4100-a3ae-da501cfcafad/intent
[2026-02-21T05:58:05.561Z] GET /api/task-creation/sessions/93d383a3-a923-4100-a3ae-da501cfcafad/messages
[2026-02-21T05:58:05.561Z] GET /api/task-creation/sessions/93d383a3-a923-4100-a3ae-da501cfcafad/task-description
[2026-02-21T05:58:05.561Z] GET /api/task-creation/sessions/93d383a3-a923-4100-a3ae-da501cfcafad/execution-plan
[2026-02-21T05:58:05.562Z] GET /api/sandbox/environment
[2026-02-21T05:58:05.562Z] GET /api/task-creation/sessions
✅ 数据库连接成功
[2026-02-21T05:58:09.011Z] GET /api/task-creation/sessions
[2026-02-21T05:58:09.561Z] GET /api/task-creation/sessions/93d383a3-a923-4100-a3ae-da501cfcafad
[2026-02-21T05:58:09.562Z] GET /api/task-creation/sessions/93d383a3-a923-4100-a3ae-da501cfcafad/messages
[2026-02-21T05:58:09.562Z] GET /api/task-creation/sessions/93d383a3-a923-4100-a3ae-da501cfcafad/intent
[2026-02-21T05:58:09.562Z] GET /api/task-creation/sessions/93d383a3-a923-4100-a3ae-da501cfcafad/task-description
[2026-02-21T05:58:09.562Z] GET /api/task-creation/sessions/93d383a3-a923-4100-a3ae-da501cfcafad/execution-plan
[2026-02-21T05:58:09.563Z] GET /api/sandbox/environment
[2026-02-21T05:58:09.563Z] GET /api/task-creation/sessions
[2026-02-21T05:58:13.553Z] GET /api/task-creation/sessions/93d383a3-a923-4100-a3ae-da501cfcafad
[2026-02-21T05:58:13.554Z] GET /api/task-creation/sessions/93d383a3-a923-4100-a3ae-da501cfcafad/messages
[2026-02-21T05:58:13.554Z] GET /api/task-creation/sessions/93d383a3-a923-4100-a3ae-da501cfcafad/intent
[2026-02-21T05:58:13.555Z] GET /api/task-creation/sessions/93d383a3-a923-4100-a3ae-da501cfcafad/task-description
[2026-02-21T05:58:13.555Z] GET /api/task-creation/sessions/93d383a3-a923-4100-a3ae-da501cfcafad/execution-plan
[2026-02-21T05:58:13.555Z] GET /api/sandbox/environment
[2026-02-21T05:58:13.555Z] GET /api/task-creation/sessions
[2026-02-21T05:58:17.552Z] GET /api/task-creation/sessions/93d383a3-a923-4100-a3ae-da501cfcafad/messages
[2026-02-21T05:58:17.553Z] GET /api/task-creation/sessions/93d383a3-a923-4100-a3ae-da501cfcafad
[2026-02-21T05:58:17.553Z] GET /api/task-creation/sessions/93d383a3-a923-4100-a3ae-da501cfcafad/intent
[2026-02-21T05:58:17.553Z] GET /api/task-creation/sessions/93d383a3-a923-4100-a3ae-da501cfcafad/task-description
[2026-02-21T05:58:17.554Z] GET /api/task-creation/sessions/93d383a3-a923-4100-a3ae-da501cfcafad/execution-plan
[2026-02-21T05:58:17.554Z] GET /api/sandbox/environment
[2026-02-21T05:58:17.554Z] GET /api/task-creation/sessions
[2026-02-21T05:58:21.563Z] GET /api/task-creation/sessions/93d383a3-a923-4100-a3ae-da501cfcafad
[2026-02-21T05:58:21.564Z] GET /api/task-creation/sessions/93d383a3-a923-4100-a3ae-da501cfcafad/messages
[2026-02-21T05:58:21.564Z] GET /api/task-creation/sessions/93d383a3-a923-4100-a3ae-da501cfcafad/intent
[2026-02-21T05:58:21.564Z] GET /api/task-creation/sessions/93d383a3-a923-4100-a3ae-da501cfcafad/task-description
[2026-02-21T05:58:21.564Z] GET /api/task-creation/sessions/93d383a3-a923-4100-a3ae-da501cfcafad/execution-plan
[2026-02-21T05:58:21.565Z] GET /api/sandbox/environment
[2026-02-21T05:58:21.565Z] GET /api/task-creation/sessions
✅ 数据库连接成功
[2026-02-21T05:58:25.566Z] GET /api/task-creation/sessions/93d383a3-a923-4100-a3ae-da501cfcafad
[2026-02-21T05:58:25.567Z] GET /api/task-creation/sessions/93d383a3-a923-4100-a3ae-da501cfcafad/messages
[2026-02-21T05:58:25.567Z] GET /api/task-creation/sessions/93d383a3-a923-4100-a3ae-da501cfcafad/intent
[2026-02-21T05:58:25.568Z] GET /api/task-creation/sessions/93d383a3-a923-4100-a3ae-da501cfcafad/task-description
[2026-02-21T05:58:25.568Z] GET /api/task-creation/sessions/93d383a3-a923-4100-a3ae-da501cfcafad/execution-plan
[2026-02-21T05:58:25.568Z] GET /api/sandbox/environment
[2026-02-21T05:58:25.568Z] GET /api/task-creation/sessions
13:58:29 [tsx] change in ./src\clients\osac-client.ts Restarting...
c[OSAC_CONNECTION_MANAGER] fixed_session_mode: disable background health check

🚀 oneceo.ai API Server
━━━━━━━━━━━━━━━━━━━━━━━━━━━━━━━━━━━━━━━━━━━━━
📡 API server running on http://localhost:4000
🔌 WebSocket server running on ws://localhost:4000
🔌 Task Creation WebSocket: ws://localhost:4000/ws/task-creation
🏥 Health check: http://localhost:4000/health
━━━━━━━━━━━━━━━━━━━━━━━━━━━━━━━━━━━━━━━━━━━━━
[OSAC_PERSISTENT_RECOVER_SKIP] fixed_session_mode

✅ 数据库连接成功
[2026-02-21T05:58:33.566Z] GET /api/task-creation/sessions/93d383a3-a923-4100-a3ae-da501cfcafad/messages
[2026-02-21T05:58:33.568Z] GET /api/task-creation/sessions/93d383a3-a923-4100-a3ae-da501cfcafad
[2026-02-21T05:58:33.569Z] GET /api/task-creation/sessions/93d383a3-a923-4100-a3ae-da501cfcafad/intent
[2026-02-21T05:58:33.571Z] GET /api/task-creation/sessions/93d383a3-a923-4100-a3ae-da501cfcafad/task-description
[2026-02-21T05:58:33.572Z] GET /api/task-creation/sessions/93d383a3-a923-4100-a3ae-da501cfcafad/execution-plan
[2026-02-21T05:58:33.573Z] GET /api/sandbox/environment
[2026-02-21T05:58:33.574Z] GET /api/task-creation/sessions
[2026-02-21T05:58:37.561Z] GET /api/task-creation/sessions/93d383a3-a923-4100-a3ae-da501cfcafad/intent
[2026-02-21T05:58:37.562Z] GET /api/task-creation/sessions/93d383a3-a923-4100-a3ae-da501cfcafad/task-description
[2026-02-21T05:58:37.563Z] GET /api/sandbox/environment
[2026-02-21T05:58:37.563Z] GET /api/task-creation/sessions/93d383a3-a923-4100-a3ae-da501cfcafad/execution-plan
[2026-02-21T05:58:37.564Z] GET /api/task-creation/sessions
[2026-02-21T05:58:37.564Z] GET /api/task-creation/sessions/93d383a3-a923-4100-a3ae-da501cfcafad/messages
[2026-02-21T05:58:37.564Z] GET /api/task-creation/sessions/93d383a3-a923-4100-a3ae-da501cfcafad
[2026-02-21T05:58:41.559Z] GET /api/task-creation/sessions/93d383a3-a923-4100-a3ae-da501cfcafad
[2026-02-21T05:58:41.560Z] GET /api/task-creation/sessions/93d383a3-a923-4100-a3ae-da501cfcafad/intent
[2026-02-21T05:58:41.561Z] GET /api/task-creation/sessions/93d383a3-a923-4100-a3ae-da501cfcafad/messages
[2026-02-21T05:58:41.562Z] GET /api/task-creation/sessions/93d383a3-a923-4100-a3ae-da501cfcafad/task-description
[2026-02-21T05:58:41.562Z] GET /api/task-creation/sessions/93d383a3-a923-4100-a3ae-da501cfcafad/execution-plan
[2026-02-21T05:58:41.563Z] GET /api/sandbox/environment
[2026-02-21T05:58:41.563Z] GET /api/task-creation/sessions
[2026-02-21T05:58:45.557Z] GET /api/task-creation/sessions/93d383a3-a923-4100-a3ae-da501cfcafad
[2026-02-21T05:58:45.558Z] GET /api/task-creation/sessions/93d383a3-a923-4100-a3ae-da501cfcafad/messages
[2026-02-21T05:58:45.558Z] GET /api/task-creation/sessions/93d383a3-a923-4100-a3ae-da501cfcafad/intent
[2026-02-21T05:58:45.558Z] GET /api/task-creation/sessions/93d383a3-a923-4100-a3ae-da501cfcafad/task-description
[2026-02-21T05:58:45.559Z] GET /api/task-creation/sessions/93d383a3-a923-4100-a3ae-da501cfcafad/execution-plan
[2026-02-21T05:58:45.559Z] GET /api/sandbox/environment
[2026-02-21T05:58:45.559Z] GET /api/task-creation/sessions
[2026-02-21T05:58:49.557Z] GET /api/task-creation/sessions/93d383a3-a923-4100-a3ae-da501cfcafad/messages
[2026-02-21T05:58:49.557Z] GET /api/task-creation/sessions/93d383a3-a923-4100-a3ae-da501cfcafad
[2026-02-21T05:58:49.557Z] GET /api/task-creation/sessions/93d383a3-a923-4100-a3ae-da501cfcafad/intent
[2026-02-21T05:58:49.558Z] GET /api/task-creation/sessions/93d383a3-a923-4100-a3ae-da501cfcafad/task-description
[2026-02-21T05:58:49.558Z] GET /api/task-creation/sessions/93d383a3-a923-4100-a3ae-da501cfcafad/execution-plan
[2026-02-21T05:58:49.559Z] GET /api/sandbox/environment
[2026-02-21T05:58:49.559Z] GET /api/task-creation/sessions
✅ 数据库连接成功
[2026-02-21T05:58:53.556Z] GET /api/task-creation/sessions/93d383a3-a923-4100-a3ae-da501cfcafad
[2026-02-21T05:58:53.557Z] GET /api/task-creation/sessions/93d383a3-a923-4100-a3ae-da501cfcafad/messages
[2026-02-21T05:58:53.557Z] GET /api/task-creation/sessions/93d383a3-a923-4100-a3ae-da501cfcafad/intent
[2026-02-21T05:58:53.558Z] GET /api/task-creation/sessions/93d383a3-a923-4100-a3ae-da501cfcafad/task-description
[2026-02-21T05:58:53.558Z] GET /api/task-creation/sessions/93d383a3-a923-4100-a3ae-da501cfcafad/execution-plan
[2026-02-21T05:58:53.559Z] GET /api/sandbox/environment
[2026-02-21T05:58:53.559Z] GET /api/task-creation/sessions
[2026-02-21T05:58:57.553Z] GET /api/task-creation/sessions/93d383a3-a923-4100-a3ae-da501cfcafad
[2026-02-21T05:58:57.554Z] GET /api/task-creation/sessions/93d383a3-a923-4100-a3ae-da501cfcafad/messages
[2026-02-21T05:58:57.554Z] GET /api/task-creation/sessions/93d383a3-a923-4100-a3ae-da501cfcafad/intent
[2026-02-21T05:58:57.555Z] GET /api/task-creation/sessions/93d383a3-a923-4100-a3ae-da501cfcafad/task-description
[2026-02-21T05:58:57.555Z] GET /api/task-creation/sessions/93d383a3-a923-4100-a3ae-da501cfcafad/execution-plan
[2026-02-21T05:58:57.556Z] GET /api/sandbox/environment
[2026-02-21T05:58:57.556Z] GET /api/task-creation/sessions
[2026-02-21T05:59:01.559Z] GET /api/task-creation/sessions/93d383a3-a923-4100-a3ae-da501cfcafad
[2026-02-21T05:59:01.560Z] GET /api/task-creation/sessions/93d383a3-a923-4100-a3ae-da501cfcafad/messages
[2026-02-21T05:59:01.560Z] GET /api/task-creation/sessions/93d383a3-a923-4100-a3ae-da501cfcafad/intent
[2026-02-21T05:59:01.561Z] GET /api/task-creation/sessions/93d383a3-a923-4100-a3ae-da501cfcafad/task-description
[2026-02-21T05:59:01.562Z] GET /api/task-creation/sessions/93d383a3-a923-4100-a3ae-da501cfcafad/execution-plan
[2026-02-21T05:59:01.562Z] GET /api/task-creation/sessions
[2026-02-21T05:59:01.562Z] GET /api/sandbox/environment
[2026-02-21T05:59:05.559Z] GET /api/task-creation/sessions/93d383a3-a923-4100-a3ae-da501cfcafad
[2026-02-21T05:59:05.560Z] GET /api/task-creation/sessions/93d383a3-a923-4100-a3ae-da501cfcafad/intent
[2026-02-21T05:59:05.561Z] GET /api/task-creation/sessions/93d383a3-a923-4100-a3ae-da501cfcafad/messages
[2026-02-21T05:59:05.561Z] GET /api/task-creation/sessions/93d383a3-a923-4100-a3ae-da501cfcafad/task-description
[2026-02-21T05:59:05.561Z] GET /api/task-creation/sessions/93d383a3-a923-4100-a3ae-da501cfcafad/execution-plan
[2026-02-21T05:59:05.561Z] GET /api/sandbox/environment
[2026-02-21T05:59:05.562Z] GET /api/task-creation/sessions
✅ 数据库连接成功
[2026-02-21T05:59:09.003Z] GET /api/task-creation/sessions
[2026-02-21T05:59:09.563Z] GET /api/task-creation/sessions/93d383a3-a923-4100-a3ae-da501cfcafad/messages
[2026-02-21T05:59:09.564Z] GET /api/task-creation/sessions/93d383a3-a923-4100-a3ae-da501cfcafad
[2026-02-21T05:59:09.564Z] GET /api/task-creation/sessions/93d383a3-a923-4100-a3ae-da501cfcafad/intent
[2026-02-21T05:59:09.565Z] GET /api/task-creation/sessions/93d383a3-a923-4100-a3ae-da501cfcafad/task-description
[2026-02-21T05:59:09.565Z] GET /api/task-creation/sessions
[2026-02-21T05:59:09.565Z] GET /api/task-creation/sessions/93d383a3-a923-4100-a3ae-da501cfcafad/execution-plan
[2026-02-21T05:59:09.566Z] GET /api/sandbox/environment
[2026-02-21T05:59:13.553Z] GET /api/task-creation/sessions/93d383a3-a923-4100-a3ae-da501cfcafad/messages
[2026-02-21T05:59:13.553Z] GET /api/task-creation/sessions/93d383a3-a923-4100-a3ae-da501cfcafad
[2026-02-21T05:59:13.554Z] GET /api/task-creation/sessions/93d383a3-a923-4100-a3ae-da501cfcafad/intent
[2026-02-21T05:59:13.555Z] GET /api/task-creation/sessions/93d383a3-a923-4100-a3ae-da501cfcafad/task-description
[2026-02-21T05:59:13.555Z] GET /api/task-creation/sessions/93d383a3-a923-4100-a3ae-da501cfcafad/execution-plan
[2026-02-21T05:59:13.555Z] GET /api/sandbox/environment
[2026-02-21T05:59:13.556Z] GET /api/task-creation/sessions
[2026-02-21T05:59:17.558Z] GET /api/task-creation/sessions/93d383a3-a923-4100-a3ae-da501cfcafad
[2026-02-21T05:59:17.559Z] GET /api/task-creation/sessions/93d383a3-a923-4100-a3ae-da501cfcafad/messages
[2026-02-21T05:59:17.559Z] GET /api/task-creation/sessions/93d383a3-a923-4100-a3ae-da501cfcafad/intent
[2026-02-21T05:59:17.559Z] GET /api/task-creation/sessions/93d383a3-a923-4100-a3ae-da501cfcafad/task-description
[2026-02-21T05:59:17.560Z] GET /api/task-creation/sessions/93d383a3-a923-4100-a3ae-da501cfcafad/execution-plan
[2026-02-21T05:59:17.560Z] GET /api/sandbox/environment
[2026-02-21T05:59:17.560Z] GET /api/task-creation/sessions
[2026-02-21T05:59:21.553Z] GET /api/task-creation/sessions/93d383a3-a923-4100-a3ae-da501cfcafad
[2026-02-21T05:59:21.554Z] GET /api/task-creation/sessions/93d383a3-a923-4100-a3ae-da501cfcafad/messages
[2026-02-21T05:59:21.554Z] GET /api/task-creation/sessions/93d383a3-a923-4100-a3ae-da501cfcafad/intent
[2026-02-21T05:59:21.555Z] GET /api/task-creation/sessions/93d383a3-a923-4100-a3ae-da501cfcafad/task-description
[2026-02-21T05:59:21.555Z] GET /api/task-creation/sessions/93d383a3-a923-4100-a3ae-da501cfcafad/execution-plan
[2026-02-21T05:59:21.555Z] GET /api/task-creation/sessions
[2026-02-21T05:59:21.556Z] GET /api/sandbox/environment
✅ 数据库连接成功
[2026-02-21T05:59:25.564Z] GET /api/task-creation/sessions/93d383a3-a923-4100-a3ae-da501cfcafad
[2026-02-21T05:59:25.564Z] GET /api/task-creation/sessions/93d383a3-a923-4100-a3ae-da501cfcafad/messages
[2026-02-21T05:59:25.565Z] GET /api/task-creation/sessions/93d383a3-a923-4100-a3ae-da501cfcafad/intent
[2026-02-21T05:59:25.565Z] GET /api/task-creation/sessions/93d383a3-a923-4100-a3ae-da501cfcafad/task-description
[2026-02-21T05:59:25.565Z] GET /api/task-creation/sessions/93d383a3-a923-4100-a3ae-da501cfcafad/execution-plan
[2026-02-21T05:59:25.565Z] GET /api/sandbox/environment
[2026-02-21T05:59:25.566Z] GET /api/task-creation/sessions
[2026-02-21T05:59:29.564Z] GET /api/task-creation/sessions/93d383a3-a923-4100-a3ae-da501cfcafad/messages
[2026-02-21T05:59:29.565Z] GET /api/task-creation/sessions/93d383a3-a923-4100-a3ae-da501cfcafad
[2026-02-21T05:59:29.565Z] GET /api/task-creation/sessions/93d383a3-a923-4100-a3ae-da501cfcafad/intent
[2026-02-21T05:59:29.566Z] GET /api/task-creation/sessions/93d383a3-a923-4100-a3ae-da501cfcafad/task-description
[2026-02-21T05:59:29.566Z] GET /api/task-creation/sessions/93d383a3-a923-4100-a3ae-da501cfcafad/execution-plan
[2026-02-21T05:59:29.566Z] GET /api/sandbox/environment
[2026-02-21T05:59:29.567Z] GET /api/task-creation/sessions
[2026-02-21T05:59:33.561Z] GET /api/task-creation/sessions/93d383a3-a923-4100-a3ae-da501cfcafad
[2026-02-21T05:59:33.562Z] GET /api/task-creation/sessions/93d383a3-a923-4100-a3ae-da501cfcafad/intent
[2026-02-21T05:59:33.563Z] GET /api/task-creation/sessions/93d383a3-a923-4100-a3ae-da501cfcafad/task-description
[2026-02-21T05:59:33.563Z] GET /api/task-creation/sessions/93d383a3-a923-4100-a3ae-da501cfcafad/messages
[2026-02-21T05:59:33.563Z] GET /api/task-creation/sessions/93d383a3-a923-4100-a3ae-da501cfcafad/execution-plan
[2026-02-21T05:59:33.564Z] GET /api/sandbox/environment
[2026-02-21T05:59:33.564Z] GET /api/task-creation/sessions
[2026-02-21T05:59:37.565Z] GET /api/task-creation/sessions/93d383a3-a923-4100-a3ae-da501cfcafad
[2026-02-21T05:59:37.565Z] GET /api/task-creation/sessions/93d383a3-a923-4100-a3ae-da501cfcafad/messages
[2026-02-21T05:59:37.565Z] GET /api/task-creation/sessions/93d383a3-a923-4100-a3ae-da501cfcafad/intent
[2026-02-21T05:59:37.566Z] GET /api/task-creation/sessions/93d383a3-a923-4100-a3ae-da501cfcafad/task-description
[2026-02-21T05:59:37.566Z] GET /api/task-creation/sessions/93d383a3-a923-4100-a3ae-da501cfcafad/execution-plan
[2026-02-21T05:59:37.567Z] GET /api/sandbox/environment
[2026-02-21T05:59:37.567Z] GET /api/task-creation/sessions
✅ 数据库连接成功
[2026-02-21T05:59:41.557Z] GET /api/task-creation/sessions/93d383a3-a923-4100-a3ae-da501cfcafad
[2026-02-21T05:59:41.558Z] GET /api/task-creation/sessions/93d383a3-a923-4100-a3ae-da501cfcafad/intent
[2026-02-21T05:59:41.558Z] GET /api/task-creation/sessions/93d383a3-a923-4100-a3ae-da501cfcafad/messages
[2026-02-21T05:59:41.559Z] GET /api/task-creation/sessions/93d383a3-a923-4100-a3ae-da501cfcafad/task-description
[2026-02-21T05:59:41.559Z] GET /api/task-creation/sessions/93d383a3-a923-4100-a3ae-da501cfcafad/execution-plan
[2026-02-21T05:59:41.559Z] GET /api/sandbox/environment
[2026-02-21T05:59:41.559Z] GET /api/task-creation/sessions
[2026-02-21T05:59:45.560Z] GET /api/task-creation/sessions/93d383a3-a923-4100-a3ae-da501cfcafad/messages
[2026-02-21T05:59:45.560Z] GET /api/task-creation/sessions/93d383a3-a923-4100-a3ae-da501cfcafad
[2026-02-21T05:59:45.561Z] GET /api/task-creation/sessions/93d383a3-a923-4100-a3ae-da501cfcafad/intent
[2026-02-21T05:59:45.561Z] GET /api/task-creation/sessions/93d383a3-a923-4100-a3ae-da501cfcafad/task-description
[2026-02-21T05:59:45.561Z] GET /api/task-creation/sessions/93d383a3-a923-4100-a3ae-da501cfcafad/execution-plan
[2026-02-21T05:59:45.562Z] GET /api/sandbox/environment
[2026-02-21T05:59:45.562Z] GET /api/task-creation/sessions
13:59:46 [tsx] change in ./src\clients\osac-client.ts Restarting...
c[OSAC_CONNECTION_MANAGER] fixed_session_mode: disable background health check

🚀 oneceo.ai API Server
━━━━━━━━━━━━━━━━━━━━━━━━━━━━━━━━━━━━━━━━━━━━━
📡 API server running on http://localhost:4000
🔌 WebSocket server running on ws://localhost:4000
🔌 Task Creation WebSocket: ws://localhost:4000/ws/task-creation
🏥 Health check: http://localhost:4000/health
━━━━━━━━━━━━━━━━━━━━━━━━━━━━━━━━━━━━━━━━━━━━━
[OSAC_PERSISTENT_RECOVER_SKIP] fixed_session_mode

✅ 数据库连接成功
[2026-02-21T05:59:49.560Z] GET /api/task-creation/sessions/93d383a3-a923-4100-a3ae-da501cfcafad
[2026-02-21T05:59:49.562Z] GET /api/task-creation/sessions/93d383a3-a923-4100-a3ae-da501cfcafad/intent
[2026-02-21T05:59:49.564Z] GET /api/task-creation/sessions/93d383a3-a923-4100-a3ae-da501cfcafad/messages
[2026-02-21T05:59:49.565Z] GET /api/task-creation/sessions/93d383a3-a923-4100-a3ae-da501cfcafad/task-description
[2026-02-21T05:59:49.566Z] GET /api/task-creation/sessions/93d383a3-a923-4100-a3ae-da501cfcafad/execution-plan
[2026-02-21T05:59:49.567Z] GET /api/sandbox/environment
[2026-02-21T05:59:49.568Z] GET /api/task-creation/sessions
[2026-02-21T05:59:53.566Z] GET /api/task-creation/sessions/93d383a3-a923-4100-a3ae-da501cfcafad/messages
[2026-02-21T05:59:53.567Z] GET /api/task-creation/sessions/93d383a3-a923-4100-a3ae-da501cfcafad
[2026-02-21T05:59:53.568Z] GET /api/task-creation/sessions/93d383a3-a923-4100-a3ae-da501cfcafad/intent
[2026-02-21T05:59:53.568Z] GET /api/task-creation/sessions/93d383a3-a923-4100-a3ae-da501cfcafad/execution-plan
[2026-02-21T05:59:53.569Z] GET /api/sandbox/environment
[2026-02-21T05:59:53.569Z] GET /api/task-creation/sessions
[2026-02-21T05:59:53.570Z] GET /api/task-creation/sessions/93d383a3-a923-4100-a3ae-da501cfcafad/task-description
[2026-02-21T05:59:57.561Z] GET /api/task-creation/sessions/93d383a3-a923-4100-a3ae-da501cfcafad/messages
[2026-02-21T05:59:57.561Z] GET /api/task-creation/sessions/93d383a3-a923-4100-a3ae-da501cfcafad
[2026-02-21T05:59:57.562Z] GET /api/task-creation/sessions/93d383a3-a923-4100-a3ae-da501cfcafad/intent
[2026-02-21T05:59:57.563Z] GET /api/task-creation/sessions/93d383a3-a923-4100-a3ae-da501cfcafad/task-description
[2026-02-21T05:59:57.563Z] GET /api/task-creation/sessions/93d383a3-a923-4100-a3ae-da501cfcafad/execution-plan
[2026-02-21T05:59:57.564Z] GET /api/sandbox/environment
[2026-02-21T05:59:57.564Z] GET /api/task-creation/sessions
[2026-02-21T06:00:01.563Z] GET /api/task-creation/sessions/93d383a3-a923-4100-a3ae-da501cfcafad/messages
[2026-02-21T06:00:01.563Z] GET /api/task-creation/sessions/93d383a3-a923-4100-a3ae-da501cfcafad
[2026-02-21T06:00:01.564Z] GET /api/task-creation/sessions/93d383a3-a923-4100-a3ae-da501cfcafad/intent
[2026-02-21T06:00:01.564Z] GET /api/task-creation/sessions/93d383a3-a923-4100-a3ae-da501cfcafad/task-description
[2026-02-21T06:00:01.565Z] GET /api/task-creation/sessions/93d383a3-a923-4100-a3ae-da501cfcafad/execution-plan
[2026-02-21T06:00:01.565Z] GET /api/sandbox/environment
[2026-02-21T06:00:01.566Z] GET /api/task-creation/sessions
[2026-02-21T06:00:05.552Z] GET /api/task-creation/sessions/93d383a3-a923-4100-a3ae-da501cfcafad
[2026-02-21T06:00:05.553Z] GET /api/task-creation/sessions/93d383a3-a923-4100-a3ae-da501cfcafad/messages
[2026-02-21T06:00:05.553Z] GET /api/task-creation/sessions/93d383a3-a923-4100-a3ae-da501cfcafad/intent
[2026-02-21T06:00:05.554Z] GET /api/task-creation/sessions/93d383a3-a923-4100-a3ae-da501cfcafad/task-description
[2026-02-21T06:00:05.554Z] GET /api/task-creation/sessions/93d383a3-a923-4100-a3ae-da501cfcafad/execution-plan
[2026-02-21T06:00:05.554Z] GET /api/sandbox/environment
[2026-02-21T06:00:05.555Z] GET /api/task-creation/sessions
✅ 数据库连接成功
[2026-02-21T06:00:09.008Z] GET /api/task-creation/sessions
[2026-02-21T06:00:09.553Z] GET /api/task-creation/sessions/93d383a3-a923-4100-a3ae-da501cfcafad
[2026-02-21T06:00:09.554Z] GET /api/task-creation/sessions/93d383a3-a923-4100-a3ae-da501cfcafad/messages
[2026-02-21T06:00:09.554Z] GET /api/task-creation/sessions/93d383a3-a923-4100-a3ae-da501cfcafad/intent
[2026-02-21T06:00:09.555Z] GET /api/task-creation/sessions/93d383a3-a923-4100-a3ae-da501cfcafad/task-description
[2026-02-21T06:00:09.555Z] GET /api/task-creation/sessions/93d383a3-a923-4100-a3ae-da501cfcafad/execution-plan
[2026-02-21T06:00:09.556Z] GET /api/task-creation/sessions
[2026-02-21T06:00:09.556Z] GET /api/sandbox/environment
[2026-02-21T06:00:13.557Z] GET /api/task-creation/sessions/93d383a3-a923-4100-a3ae-da501cfcafad
[2026-02-21T06:00:13.558Z] GET /api/task-creation/sessions/93d383a3-a923-4100-a3ae-da501cfcafad/messages
[2026-02-21T06:00:13.558Z] GET /api/task-creation/sessions/93d383a3-a923-4100-a3ae-da501cfcafad/intent
[2026-02-21T06:00:13.558Z] GET /api/task-creation/sessions/93d383a3-a923-4100-a3ae-da501cfcafad/task-description
[2026-02-21T06:00:13.559Z] GET /api/task-creation/sessions/93d383a3-a923-4100-a3ae-da501cfcafad/execution-plan
[2026-02-21T06:00:13.559Z] GET /api/task-creation/sessions
[2026-02-21T06:00:13.559Z] GET /api/sandbox/environment
[2026-02-21T06:00:17.561Z] GET /api/task-creation/sessions/93d383a3-a923-4100-a3ae-da501cfcafad
[2026-02-21T06:00:17.562Z] GET /api/task-creation/sessions/93d383a3-a923-4100-a3ae-da501cfcafad/messages
[2026-02-21T06:00:17.562Z] GET /api/task-creation/sessions/93d383a3-a923-4100-a3ae-da501cfcafad/intent
[2026-02-21T06:00:17.563Z] GET /api/task-creation/sessions/93d383a3-a923-4100-a3ae-da501cfcafad/task-description
[2026-02-21T06:00:17.563Z] GET /api/task-creation/sessions/93d383a3-a923-4100-a3ae-da501cfcafad/execution-plan
[2026-02-21T06:00:17.564Z] GET /api/sandbox/environment
[2026-02-21T06:00:17.564Z] GET /api/task-creation/sessions
[2026-02-21T06:00:21.562Z] GET /api/task-creation/sessions/93d383a3-a923-4100-a3ae-da501cfcafad
[2026-02-21T06:00:21.563Z] GET /api/task-creation/sessions/93d383a3-a923-4100-a3ae-da501cfcafad/messages
[2026-02-21T06:00:21.563Z] GET /api/task-creation/sessions/93d383a3-a923-4100-a3ae-da501cfcafad/intent
[2026-02-21T06:00:21.564Z] GET /api/task-creation/sessions/93d383a3-a923-4100-a3ae-da501cfcafad/task-description
[2026-02-21T06:00:21.564Z] GET /api/task-creation/sessions/93d383a3-a923-4100-a3ae-da501cfcafad/execution-plan
[2026-02-21T06:00:21.565Z] GET /api/sandbox/environment
[2026-02-21T06:00:21.565Z] GET /api/task-creation/sessions
✅ 数据库连接成功
[2026-02-21T06:00:25.565Z] GET /api/task-creation/sessions/93d383a3-a923-4100-a3ae-da501cfcafad
[2026-02-21T06:00:25.566Z] GET /api/task-creation/sessions/93d383a3-a923-4100-a3ae-da501cfcafad/messages
[2026-02-21T06:00:25.566Z] GET /api/task-creation/sessions/93d383a3-a923-4100-a3ae-da501cfcafad/intent
[2026-02-21T06:00:25.567Z] GET /api/task-creation/sessions/93d383a3-a923-4100-a3ae-da501cfcafad/task-description
[2026-02-21T06:00:25.567Z] GET /api/sandbox/environment
[2026-02-21T06:00:25.567Z] GET /api/task-creation/sessions/93d383a3-a923-4100-a3ae-da501cfcafad/execution-plan
[2026-02-21T06:00:25.568Z] GET /api/task-creation/sessions
[2026-02-21T06:00:29.556Z] GET /api/task-creation/sessions/93d383a3-a923-4100-a3ae-da501cfcafad/messages
[2026-02-21T06:00:29.557Z] GET /api/task-creation/sessions/93d383a3-a923-4100-a3ae-da501cfcafad/intent
[2026-02-21T06:00:29.557Z] GET /api/task-creation/sessions/93d383a3-a923-4100-a3ae-da501cfcafad
[2026-02-21T06:00:29.558Z] GET /api/task-creation/sessions/93d383a3-a923-4100-a3ae-da501cfcafad/task-description
[2026-02-21T06:00:29.558Z] GET /api/task-creation/sessions/93d383a3-a923-4100-a3ae-da501cfcafad/execution-plan
[2026-02-21T06:00:29.558Z] GET /api/sandbox/environment
[2026-02-21T06:00:29.559Z] GET /api/task-creation/sessions
[2026-02-21T06:00:33.564Z] GET /api/task-creation/sessions/93d383a3-a923-4100-a3ae-da501cfcafad
[2026-02-21T06:00:33.565Z] GET /api/task-creation/sessions/93d383a3-a923-4100-a3ae-da501cfcafad/messages
[2026-02-21T06:00:33.565Z] GET /api/task-creation/sessions/93d383a3-a923-4100-a3ae-da501cfcafad/intent
[2026-02-21T06:00:33.566Z] GET /api/task-creation/sessions/93d383a3-a923-4100-a3ae-da501cfcafad/task-description
[2026-02-21T06:00:33.566Z] GET /api/task-creation/sessions/93d383a3-a923-4100-a3ae-da501cfcafad/execution-plan
[2026-02-21T06:00:33.567Z] GET /api/sandbox/environment
[2026-02-21T06:00:33.567Z] GET /api/task-creation/sessions
[2026-02-21T06:00:37.566Z] GET /api/task-creation/sessions/93d383a3-a923-4100-a3ae-da501cfcafad
[2026-02-21T06:00:37.566Z] GET /api/task-creation/sessions/93d383a3-a923-4100-a3ae-da501cfcafad/messages
[2026-02-21T06:00:37.567Z] GET /api/task-creation/sessions/93d383a3-a923-4100-a3ae-da501cfcafad/intent
[2026-02-21T06:00:37.567Z] GET /api/task-creation/sessions/93d383a3-a923-4100-a3ae-da501cfcafad/task-description
[2026-02-21T06:00:37.567Z] GET /api/task-creation/sessions/93d383a3-a923-4100-a3ae-da501cfcafad/execution-plan
[2026-02-21T06:00:37.568Z] GET /api/sandbox/environment
[2026-02-21T06:00:37.568Z] GET /api/task-creation/sessions
✅ 数据库连接成功
[2026-02-21T06:00:41.559Z] GET /api/task-creation/sessions/93d383a3-a923-4100-a3ae-da501cfcafad
[2026-02-21T06:00:41.559Z] GET /api/task-creation/sessions/93d383a3-a923-4100-a3ae-da501cfcafad/intent
[2026-02-21T06:00:41.560Z] GET /api/task-creation/sessions/93d383a3-a923-4100-a3ae-da501cfcafad/messages
[2026-02-21T06:00:41.560Z] GET /api/task-creation/sessions/93d383a3-a923-4100-a3ae-da501cfcafad/task-description
[2026-02-21T06:00:41.560Z] GET /api/task-creation/sessions/93d383a3-a923-4100-a3ae-da501cfcafad/execution-plan
[2026-02-21T06:00:41.561Z] GET /api/sandbox/environment
[2026-02-21T06:00:41.561Z] GET /api/task-creation/sessions
[2026-02-21T06:00:45.564Z] GET /api/task-creation/sessions/93d383a3-a923-4100-a3ae-da501cfcafad
[2026-02-21T06:00:45.564Z] GET /api/task-creation/sessions/93d383a3-a923-4100-a3ae-da501cfcafad/intent
[2026-02-21T06:00:45.565Z] GET /api/task-creation/sessions/93d383a3-a923-4100-a3ae-da501cfcafad/task-description
[2026-02-21T06:00:45.565Z] GET /api/task-creation/sessions/93d383a3-a923-4100-a3ae-da501cfcafad/messages
[2026-02-21T06:00:45.565Z] GET /api/task-creation/sessions/93d383a3-a923-4100-a3ae-da501cfcafad/execution-plan
[2026-02-21T06:00:45.566Z] GET /api/sandbox/environment
[2026-02-21T06:00:45.566Z] GET /api/task-creation/sessions
[2026-02-21T06:00:49.553Z] GET /api/task-creation/sessions/93d383a3-a923-4100-a3ae-da501cfcafad
[2026-02-21T06:00:49.553Z] GET /api/task-creation/sessions/93d383a3-a923-4100-a3ae-da501cfcafad/messages
[2026-02-21T06:00:49.554Z] GET /api/task-creation/sessions/93d383a3-a923-4100-a3ae-da501cfcafad/intent
[2026-02-21T06:00:49.554Z] GET /api/task-creation/sessions/93d383a3-a923-4100-a3ae-da501cfcafad/task-description
[2026-02-21T06:00:49.555Z] GET /api/task-creation/sessions/93d383a3-a923-4100-a3ae-da501cfcafad/execution-plan
[2026-02-21T06:00:49.555Z] GET /api/sandbox/environment
[2026-02-21T06:00:49.555Z] GET /api/task-creation/sessions
[2026-02-21T06:00:53.559Z] GET /api/task-creation/sessions/93d383a3-a923-4100-a3ae-da501cfcafad
[2026-02-21T06:00:53.559Z] GET /api/task-creation/sessions/93d383a3-a923-4100-a3ae-da501cfcafad/intent
[2026-02-21T06:00:53.560Z] GET /api/task-creation/sessions/93d383a3-a923-4100-a3ae-da501cfcafad/messages
[2026-02-21T06:00:53.560Z] GET /api/task-creation/sessions/93d383a3-a923-4100-a3ae-da501cfcafad/task-description
[2026-02-21T06:00:53.560Z] GET /api/task-creation/sessions/93d383a3-a923-4100-a3ae-da501cfcafad/execution-plan
[2026-02-21T06:00:53.561Z] GET /api/sandbox/environment
[2026-02-21T06:00:53.561Z] GET /api/task-creation/sessions
✅ 数据库连接成功
[2026-02-21T06:00:57.562Z] GET /api/task-creation/sessions/93d383a3-a923-4100-a3ae-da501cfcafad/messages
[2026-02-21T06:00:57.563Z] GET /api/task-creation/sessions/93d383a3-a923-4100-a3ae-da501cfcafad
[2026-02-21T06:00:57.563Z] GET /api/task-creation/sessions/93d383a3-a923-4100-a3ae-da501cfcafad/intent
[2026-02-21T06:00:57.564Z] GET /api/task-creation/sessions/93d383a3-a923-4100-a3ae-da501cfcafad/task-description
[2026-02-21T06:00:57.564Z] GET /api/task-creation/sessions/93d383a3-a923-4100-a3ae-da501cfcafad/execution-plan
[2026-02-21T06:00:57.564Z] GET /api/sandbox/environment
[2026-02-21T06:00:57.565Z] GET /api/task-creation/sessions
[2026-02-21T06:01:01.562Z] GET /api/task-creation/sessions/93d383a3-a923-4100-a3ae-da501cfcafad/messages
[2026-02-21T06:01:01.562Z] GET /api/task-creation/sessions/93d383a3-a923-4100-a3ae-da501cfcafad
[2026-02-21T06:01:01.563Z] GET /api/task-creation/sessions/93d383a3-a923-4100-a3ae-da501cfcafad/intent
[2026-02-21T06:01:01.564Z] GET /api/task-creation/sessions/93d383a3-a923-4100-a3ae-da501cfcafad/task-description
[2026-02-21T06:01:01.564Z] GET /api/task-creation/sessions/93d383a3-a923-4100-a3ae-da501cfcafad/execution-plan
[2026-02-21T06:01:01.564Z] GET /api/sandbox/environment
[2026-02-21T06:01:01.565Z] GET /api/task-creation/sessions
[2026-02-21T06:01:05.552Z] GET /api/task-creation/sessions/93d383a3-a923-4100-a3ae-da501cfcafad
[2026-02-21T06:01:05.553Z] GET /api/task-creation/sessions/93d383a3-a923-4100-a3ae-da501cfcafad/messages
[2026-02-21T06:01:05.553Z] GET /api/task-creation/sessions/93d383a3-a923-4100-a3ae-da501cfcafad/intent
[2026-02-21T06:01:05.554Z] GET /api/task-creation/sessions/93d383a3-a923-4100-a3ae-da501cfcafad/task-description
[2026-02-21T06:01:05.554Z] GET /api/task-creation/sessions/93d383a3-a923-4100-a3ae-da501cfcafad/execution-plan
[2026-02-21T06:01:05.554Z] GET /api/sandbox/environment
[2026-02-21T06:01:05.555Z] GET /api/task-creation/sessions
[2026-02-21T06:01:09.009Z] GET /api/task-creation/sessions
[2026-02-21T06:01:09.558Z] GET /api/task-creation/sessions/93d383a3-a923-4100-a3ae-da501cfcafad
[2026-02-21T06:01:09.559Z] GET /api/task-creation/sessions/93d383a3-a923-4100-a3ae-da501cfcafad/messages
[2026-02-21T06:01:09.559Z] GET /api/task-creation/sessions/93d383a3-a923-4100-a3ae-da501cfcafad/intent
[2026-02-21T06:01:09.560Z] GET /api/task-creation/sessions/93d383a3-a923-4100-a3ae-da501cfcafad/task-description
[2026-02-21T06:01:09.560Z] GET /api/task-creation/sessions/93d383a3-a923-4100-a3ae-da501cfcafad/execution-plan
[2026-02-21T06:01:09.560Z] GET /api/sandbox/environment
[2026-02-21T06:01:09.560Z] GET /api/task-creation/sessions
✅ 数据库连接成功
[2026-02-21T06:01:13.559Z] GET /api/task-creation/sessions/93d383a3-a923-4100-a3ae-da501cfcafad
[2026-02-21T06:01:13.560Z] GET /api/task-creation/sessions/93d383a3-a923-4100-a3ae-da501cfcafad/messages
[2026-02-21T06:01:13.560Z] GET /api/task-creation/sessions/93d383a3-a923-4100-a3ae-da501cfcafad/intent
[2026-02-21T06:01:13.560Z] GET /api/task-creation/sessions/93d383a3-a923-4100-a3ae-da501cfcafad/task-description
[2026-02-21T06:01:13.561Z] GET /api/task-creation/sessions/93d383a3-a923-4100-a3ae-da501cfcafad/execution-plan
[2026-02-21T06:01:13.561Z] GET /api/sandbox/environment
[2026-02-21T06:01:13.561Z] GET /api/task-creation/sessions
[2026-02-21T06:01:17.565Z] GET /api/task-creation/sessions/93d383a3-a923-4100-a3ae-da501cfcafad/messages
[2026-02-21T06:01:17.565Z] GET /api/task-creation/sessions/93d383a3-a923-4100-a3ae-da501cfcafad
[2026-02-21T06:01:17.566Z] GET /api/task-creation/sessions/93d383a3-a923-4100-a3ae-da501cfcafad/intent
[2026-02-21T06:01:17.566Z] GET /api/task-creation/sessions/93d383a3-a923-4100-a3ae-da501cfcafad/task-description
[2026-02-21T06:01:17.566Z] GET /api/task-creation/sessions/93d383a3-a923-4100-a3ae-da501cfcafad/execution-plan
[2026-02-21T06:01:17.567Z] GET /api/sandbox/environment
[2026-02-21T06:01:17.567Z] GET /api/task-creation/sessions
[2026-02-21T06:01:21.563Z] GET /api/task-creation/sessions/93d383a3-a923-4100-a3ae-da501cfcafad
[2026-02-21T06:01:21.564Z] GET /api/task-creation/sessions/93d383a3-a923-4100-a3ae-da501cfcafad/messages
[2026-02-21T06:01:21.565Z] GET /api/task-creation/sessions/93d383a3-a923-4100-a3ae-da501cfcafad/intent
[2026-02-21T06:01:21.565Z] GET /api/task-creation/sessions/93d383a3-a923-4100-a3ae-da501cfcafad/task-description
[2026-02-21T06:01:21.566Z] GET /api/task-creation/sessions/93d383a3-a923-4100-a3ae-da501cfcafad/execution-plan
[2026-02-21T06:01:21.566Z] GET /api/task-creation/sessions
[2026-02-21T06:01:21.566Z] GET /api/sandbox/environment
[2026-02-21T06:01:25.559Z] GET /api/task-creation/sessions/93d383a3-a923-4100-a3ae-da501cfcafad
[2026-02-21T06:01:25.560Z] GET /api/task-creation/sessions/93d383a3-a923-4100-a3ae-da501cfcafad/messages
[2026-02-21T06:01:25.560Z] GET /api/task-creation/sessions/93d383a3-a923-4100-a3ae-da501cfcafad/intent
[2026-02-21T06:01:25.560Z] GET /api/task-creation/sessions/93d383a3-a923-4100-a3ae-da501cfcafad/task-description
[2026-02-21T06:01:25.561Z] GET /api/task-creation/sessions/93d383a3-a923-4100-a3ae-da501cfcafad/execution-plan
[2026-02-21T06:01:25.561Z] GET /api/sandbox/environment
[2026-02-21T06:01:25.561Z] GET /api/task-creation/sessions
✅ 数据库连接成功
[2026-02-21T06:01:29.566Z] GET /api/task-creation/sessions/93d383a3-a923-4100-a3ae-da501cfcafad
[2026-02-21T06:01:29.567Z] GET /api/task-creation/sessions/93d383a3-a923-4100-a3ae-da501cfcafad/messages
[2026-02-21T06:01:29.567Z] GET /api/task-creation/sessions/93d383a3-a923-4100-a3ae-da501cfcafad/intent
[2026-02-21T06:01:29.568Z] GET /api/task-creation/sessions/93d383a3-a923-4100-a3ae-da501cfcafad/task-description
[2026-02-21T06:01:29.568Z] GET /api/task-creation/sessions/93d383a3-a923-4100-a3ae-da501cfcafad/execution-plan
[2026-02-21T06:01:29.568Z] GET /api/sandbox/environment
[2026-02-21T06:01:29.569Z] GET /api/task-creation/sessions
[2026-02-21T06:01:33.552Z] GET /api/task-creation/sessions/93d383a3-a923-4100-a3ae-da501cfcafad/messages
[2026-02-21T06:01:33.553Z] GET /api/task-creation/sessions/93d383a3-a923-4100-a3ae-da501cfcafad
[2026-02-21T06:01:33.553Z] GET /api/task-creation/sessions/93d383a3-a923-4100-a3ae-da501cfcafad/intent
[2026-02-21T06:01:33.554Z] GET /api/task-creation/sessions/93d383a3-a923-4100-a3ae-da501cfcafad/task-description
[2026-02-21T06:01:33.554Z] GET /api/sandbox/environment
[2026-02-21T06:01:33.554Z] GET /api/task-creation/sessions/93d383a3-a923-4100-a3ae-da501cfcafad/execution-plan
[2026-02-21T06:01:33.555Z] GET /api/task-creation/sessions
[2026-02-21T06:01:37.553Z] GET /api/task-creation/sessions/93d383a3-a923-4100-a3ae-da501cfcafad
[2026-02-21T06:01:37.553Z] GET /api/task-creation/sessions/93d383a3-a923-4100-a3ae-da501cfcafad/messages
[2026-02-21T06:01:37.554Z] GET /api/task-creation/sessions/93d383a3-a923-4100-a3ae-da501cfcafad/intent
[2026-02-21T06:01:37.554Z] GET /api/task-creation/sessions/93d383a3-a923-4100-a3ae-da501cfcafad/task-description
[2026-02-21T06:01:37.555Z] GET /api/task-creation/sessions/93d383a3-a923-4100-a3ae-da501cfcafad/execution-plan
[2026-02-21T06:01:37.555Z] GET /api/sandbox/environment
[2026-02-21T06:01:37.555Z] GET /api/task-creation/sessions
[2026-02-21T06:01:41.556Z] GET /api/task-creation/sessions/93d383a3-a923-4100-a3ae-da501cfcafad
[2026-02-21T06:01:41.557Z] GET /api/task-creation/sessions/93d383a3-a923-4100-a3ae-da501cfcafad/intent
[2026-02-21T06:01:41.557Z] GET /api/task-creation/sessions/93d383a3-a923-4100-a3ae-da501cfcafad/messages
[2026-02-21T06:01:41.558Z] GET /api/task-creation/sessions/93d383a3-a923-4100-a3ae-da501cfcafad/task-description
[2026-02-21T06:01:41.558Z] GET /api/task-creation/sessions/93d383a3-a923-4100-a3ae-da501cfcafad/execution-plan
[2026-02-21T06:01:41.558Z] GET /api/sandbox/environment
[2026-02-21T06:01:41.559Z] GET /api/task-creation/sessions
✅ 数据库连接成功
[2026-02-21T06:01:45.563Z] GET /api/task-creation/sessions/93d383a3-a923-4100-a3ae-da501cfcafad
[2026-02-21T06:01:45.564Z] GET /api/task-creation/sessions/93d383a3-a923-4100-a3ae-da501cfcafad/messages
[2026-02-21T06:01:45.564Z] GET /api/task-creation/sessions/93d383a3-a923-4100-a3ae-da501cfcafad/intent
[2026-02-21T06:01:45.565Z] GET /api/task-creation/sessions/93d383a3-a923-4100-a3ae-da501cfcafad/task-description
[2026-02-21T06:01:45.565Z] GET /api/task-creation/sessions/93d383a3-a923-4100-a3ae-da501cfcafad/execution-plan
[2026-02-21T06:01:45.565Z] GET /api/sandbox/environment
[2026-02-21T06:01:45.566Z] GET /api/task-creation/sessions
[2026-02-21T06:01:49.565Z] GET /api/task-creation/sessions/93d383a3-a923-4100-a3ae-da501cfcafad/messages
[2026-02-21T06:01:49.566Z] GET /api/task-creation/sessions/93d383a3-a923-4100-a3ae-da501cfcafad
[2026-02-21T06:01:49.566Z] GET /api/task-creation/sessions/93d383a3-a923-4100-a3ae-da501cfcafad/intent
[2026-02-21T06:01:49.566Z] GET /api/task-creation/sessions/93d383a3-a923-4100-a3ae-da501cfcafad/task-description
[2026-02-21T06:01:49.567Z] GET /api/task-creation/sessions/93d383a3-a923-4100-a3ae-da501cfcafad/execution-plan
[2026-02-21T06:01:49.567Z] GET /api/sandbox/environment
[2026-02-21T06:01:49.567Z] GET /api/task-creation/sessions
[2026-02-21T06:01:53.563Z] GET /api/task-creation/sessions/93d383a3-a923-4100-a3ae-da501cfcafad
[2026-02-21T06:01:53.564Z] GET /api/task-creation/sessions/93d383a3-a923-4100-a3ae-da501cfcafad/messages
[2026-02-21T06:01:53.564Z] GET /api/task-creation/sessions/93d383a3-a923-4100-a3ae-da501cfcafad/intent
[2026-02-21T06:01:53.565Z] GET /api/task-creation/sessions
[2026-02-21T06:01:53.565Z] GET /api/task-creation/sessions/93d383a3-a923-4100-a3ae-da501cfcafad/task-description
[2026-02-21T06:01:53.565Z] GET /api/task-creation/sessions/93d383a3-a923-4100-a3ae-da501cfcafad/execution-plan
[2026-02-21T06:01:53.566Z] GET /api/sandbox/environment
[2026-02-21T06:01:57.562Z] GET /api/task-creation/sessions/93d383a3-a923-4100-a3ae-da501cfcafad/execution-plan
[2026-02-21T06:01:57.563Z] GET /api/task-creation/sessions/93d383a3-a923-4100-a3ae-da501cfcafad
[2026-02-21T06:01:57.563Z] GET /api/task-creation/sessions/93d383a3-a923-4100-a3ae-da501cfcafad/messages
[2026-02-21T06:01:57.563Z] GET /api/task-creation/sessions/93d383a3-a923-4100-a3ae-da501cfcafad/intent
[2026-02-21T06:01:57.564Z] GET /api/task-creation/sessions/93d383a3-a923-4100-a3ae-da501cfcafad/task-description
[2026-02-21T06:01:57.565Z] GET /api/sandbox/environment
[2026-02-21T06:01:57.565Z] GET /api/task-creation/sessions
✅ 数据库连接成功
[2026-02-21T06:02:01.554Z] GET /api/task-creation/sessions/93d383a3-a923-4100-a3ae-da501cfcafad
[2026-02-21T06:02:01.555Z] GET /api/task-creation/sessions/93d383a3-a923-4100-a3ae-da501cfcafad/intent
[2026-02-21T06:02:01.555Z] GET /api/task-creation/sessions/93d383a3-a923-4100-a3ae-da501cfcafad/messages
[2026-02-21T06:02:01.555Z] GET /api/task-creation/sessions/93d383a3-a923-4100-a3ae-da501cfcafad/task-description
[2026-02-21T06:02:01.556Z] GET /api/task-creation/sessions/93d383a3-a923-4100-a3ae-da501cfcafad/execution-plan
[2026-02-21T06:02:01.556Z] GET /api/sandbox/environment
[2026-02-21T06:02:01.556Z] GET /api/task-creation/sessions
[2026-02-21T06:02:05.565Z] GET /api/task-creation/sessions/93d383a3-a923-4100-a3ae-da501cfcafad
[2026-02-21T06:02:05.565Z] GET /api/task-creation/sessions/93d383a3-a923-4100-a3ae-da501cfcafad/messages
[2026-02-21T06:02:05.566Z] GET /api/task-creation/sessions/93d383a3-a923-4100-a3ae-da501cfcafad/intent
[2026-02-21T06:02:05.566Z] GET /api/task-creation/sessions/93d383a3-a923-4100-a3ae-da501cfcafad/task-description
[2026-02-21T06:02:05.566Z] GET /api/task-creation/sessions/93d383a3-a923-4100-a3ae-da501cfcafad/execution-plan
[2026-02-21T06:02:05.567Z] GET /api/sandbox/environment
[2026-02-21T06:02:05.567Z] GET /api/task-creation/sessions
[2026-02-21T06:02:09.006Z] GET /api/task-creation/sessions
[2026-02-21T06:02:09.555Z] GET /api/task-creation/sessions/93d383a3-a923-4100-a3ae-da501cfcafad
[2026-02-21T06:02:09.555Z] GET /api/task-creation/sessions/93d383a3-a923-4100-a3ae-da501cfcafad/messages
[2026-02-21T06:02:09.556Z] GET /api/task-creation/sessions/93d383a3-a923-4100-a3ae-da501cfcafad/intent
[2026-02-21T06:02:09.557Z] GET /api/task-creation/sessions/93d383a3-a923-4100-a3ae-da501cfcafad/task-description
[2026-02-21T06:02:09.557Z] GET /api/task-creation/sessions/93d383a3-a923-4100-a3ae-da501cfcafad/execution-plan
[2026-02-21T06:02:09.557Z] GET /api/task-creation/sessions
[2026-02-21T06:02:09.558Z] GET /api/sandbox/environment
[2026-02-21T06:02:13.552Z] GET /api/task-creation/sessions/93d383a3-a923-4100-a3ae-da501cfcafad
[2026-02-21T06:02:13.553Z] GET /api/task-creation/sessions/93d383a3-a923-4100-a3ae-da501cfcafad/messages
[2026-02-21T06:02:13.553Z] GET /api/task-creation/sessions/93d383a3-a923-4100-a3ae-da501cfcafad/intent
[2026-02-21T06:02:13.554Z] GET /api/task-creation/sessions/93d383a3-a923-4100-a3ae-da501cfcafad/task-description
[2026-02-21T06:02:13.554Z] GET /api/task-creation/sessions/93d383a3-a923-4100-a3ae-da501cfcafad/execution-plan
[2026-02-21T06:02:13.554Z] GET /api/sandbox/environment
[2026-02-21T06:02:13.554Z] GET /api/task-creation/sessions
✅ 数据库连接成功
[2026-02-21T06:02:17.562Z] GET /api/task-creation/sessions/93d383a3-a923-4100-a3ae-da501cfcafad
[2026-02-21T06:02:17.563Z] GET /api/task-creation/sessions/93d383a3-a923-4100-a3ae-da501cfcafad/messages
[2026-02-21T06:02:17.563Z] GET /api/task-creation/sessions/93d383a3-a923-4100-a3ae-da501cfcafad/intent
[2026-02-21T06:02:17.564Z] GET /api/task-creation/sessions/93d383a3-a923-4100-a3ae-da501cfcafad/task-description
[2026-02-21T06:02:17.564Z] GET /api/task-creation/sessions/93d383a3-a923-4100-a3ae-da501cfcafad/execution-plan
[2026-02-21T06:02:17.565Z] GET /api/sandbox/environment
[2026-02-21T06:02:17.565Z] GET /api/task-creation/sessions
[2026-02-21T06:02:21.559Z] GET /api/task-creation/sessions/93d383a3-a923-4100-a3ae-da501cfcafad
[2026-02-21T06:02:21.560Z] GET /api/task-creation/sessions/93d383a3-a923-4100-a3ae-da501cfcafad/messages
[2026-02-21T06:02:21.560Z] GET /api/task-creation/sessions/93d383a3-a923-4100-a3ae-da501cfcafad/intent
[2026-02-21T06:02:21.561Z] GET /api/task-creation/sessions/93d383a3-a923-4100-a3ae-da501cfcafad/task-description
[2026-02-21T06:02:21.561Z] GET /api/task-creation/sessions/93d383a3-a923-4100-a3ae-da501cfcafad/execution-plan
[2026-02-21T06:02:21.561Z] GET /api/sandbox/environment
[2026-02-21T06:02:21.561Z] GET /api/task-creation/sessions
[2026-02-21T06:02:25.559Z] GET /api/task-creation/sessions/93d383a3-a923-4100-a3ae-da501cfcafad
[2026-02-21T06:02:25.560Z] GET /api/task-creation/sessions/93d383a3-a923-4100-a3ae-da501cfcafad/messages
[2026-02-21T06:02:25.560Z] GET /api/task-creation/sessions/93d383a3-a923-4100-a3ae-da501cfcafad/intent
[2026-02-21T06:02:25.560Z] GET /api/task-creation/sessions/93d383a3-a923-4100-a3ae-da501cfcafad/task-description
[2026-02-21T06:02:25.561Z] GET /api/task-creation/sessions/93d383a3-a923-4100-a3ae-da501cfcafad/execution-plan
[2026-02-21T06:02:25.561Z] GET /api/task-creation/sessions
[2026-02-21T06:02:25.561Z] GET /api/sandbox/environment
[2026-02-21T06:02:29.562Z] GET /api/task-creation/sessions/93d383a3-a923-4100-a3ae-da501cfcafad
[2026-02-21T06:02:29.563Z] GET /api/task-creation/sessions/93d383a3-a923-4100-a3ae-da501cfcafad/messages
[2026-02-21T06:02:29.563Z] GET /api/task-creation/sessions/93d383a3-a923-4100-a3ae-da501cfcafad/task-description
[2026-02-21T06:02:29.564Z] GET /api/task-creation/sessions/93d383a3-a923-4100-a3ae-da501cfcafad/intent
[2026-02-21T06:02:29.564Z] GET /api/task-creation/sessions/93d383a3-a923-4100-a3ae-da501cfcafad/execution-plan
[2026-02-21T06:02:29.565Z] GET /api/sandbox/environment
[2026-02-21T06:02:29.565Z] GET /api/task-creation/sessions
✅ 数据库连接成功
[2026-02-21T06:02:33.561Z] GET /api/task-creation/sessions/93d383a3-a923-4100-a3ae-da501cfcafad
[2026-02-21T06:02:33.561Z] GET /api/task-creation/sessions/93d383a3-a923-4100-a3ae-da501cfcafad/messages
[2026-02-21T06:02:33.562Z] GET /api/task-creation/sessions/93d383a3-a923-4100-a3ae-da501cfcafad/intent
[2026-02-21T06:02:33.562Z] GET /api/task-creation/sessions/93d383a3-a923-4100-a3ae-da501cfcafad/task-description
[2026-02-21T06:02:33.562Z] GET /api/task-creation/sessions/93d383a3-a923-4100-a3ae-da501cfcafad/execution-plan
[2026-02-21T06:02:33.563Z] GET /api/task-creation/sessions
[2026-02-21T06:02:33.563Z] GET /api/sandbox/environment
[2026-02-21T06:02:37.553Z] GET /api/task-creation/sessions/93d383a3-a923-4100-a3ae-da501cfcafad
[2026-02-21T06:02:37.554Z] GET /api/task-creation/sessions/93d383a3-a923-4100-a3ae-da501cfcafad/messages
[2026-02-21T06:02:37.554Z] GET /api/task-creation/sessions/93d383a3-a923-4100-a3ae-da501cfcafad/intent
[2026-02-21T06:02:37.554Z] GET /api/task-creation/sessions/93d383a3-a923-4100-a3ae-da501cfcafad/task-description
[2026-02-21T06:02:37.555Z] GET /api/task-creation/sessions/93d383a3-a923-4100-a3ae-da501cfcafad/execution-plan
[2026-02-21T06:02:37.555Z] GET /api/sandbox/environment
[2026-02-21T06:02:37.555Z] GET /api/task-creation/sessions
[2026-02-21T06:02:41.560Z] GET /api/task-creation/sessions/93d383a3-a923-4100-a3ae-da501cfcafad/messages
[2026-02-21T06:02:41.560Z] GET /api/task-creation/sessions/93d383a3-a923-4100-a3ae-da501cfcafad
[2026-02-21T06:02:41.560Z] GET /api/task-creation/sessions/93d383a3-a923-4100-a3ae-da501cfcafad/intent
[2026-02-21T06:02:41.561Z] GET /api/task-creation/sessions/93d383a3-a923-4100-a3ae-da501cfcafad/task-description
[2026-02-21T06:02:41.561Z] GET /api/task-creation/sessions/93d383a3-a923-4100-a3ae-da501cfcafad/execution-plan
[2026-02-21T06:02:41.561Z] GET /api/sandbox/environment
[2026-02-21T06:02:41.562Z] GET /api/task-creation/sessions
[2026-02-21T06:02:45.557Z] GET /api/task-creation/sessions/93d383a3-a923-4100-a3ae-da501cfcafad
[2026-02-21T06:02:45.558Z] GET /api/task-creation/sessions/93d383a3-a923-4100-a3ae-da501cfcafad/messages
[2026-02-21T06:02:45.558Z] GET /api/task-creation/sessions/93d383a3-a923-4100-a3ae-da501cfcafad/intent
[2026-02-21T06:02:45.559Z] GET /api/task-creation/sessions/93d383a3-a923-4100-a3ae-da501cfcafad/task-description
[2026-02-21T06:02:45.559Z] GET /api/task-creation/sessions/93d383a3-a923-4100-a3ae-da501cfcafad/execution-plan
[2026-02-21T06:02:45.559Z] GET /api/sandbox/environment
[2026-02-21T06:02:45.559Z] GET /api/task-creation/sessions
✅ 数据库连接成功
[2026-02-21T06:02:49.561Z] GET /api/task-creation/sessions/93d383a3-a923-4100-a3ae-da501cfcafad/messages
[2026-02-21T06:02:49.561Z] GET /api/task-creation/sessions/93d383a3-a923-4100-a3ae-da501cfcafad
[2026-02-21T06:02:49.561Z] GET /api/task-creation/sessions/93d383a3-a923-4100-a3ae-da501cfcafad/intent
[2026-02-21T06:02:49.562Z] GET /api/task-creation/sessions/93d383a3-a923-4100-a3ae-da501cfcafad/task-description
[2026-02-21T06:02:49.562Z] GET /api/task-creation/sessions/93d383a3-a923-4100-a3ae-da501cfcafad/execution-plan
[2026-02-21T06:02:49.562Z] GET /api/sandbox/environment
[2026-02-21T06:02:49.563Z] GET /api/task-creation/sessions
[2026-02-21T06:02:53.563Z] GET /api/task-creation/sessions/93d383a3-a923-4100-a3ae-da501cfcafad
[2026-02-21T06:02:53.564Z] GET /api/task-creation/sessions/93d383a3-a923-4100-a3ae-da501cfcafad/messages
[2026-02-21T06:02:53.565Z] GET /api/task-creation/sessions/93d383a3-a923-4100-a3ae-da501cfcafad/intent
[2026-02-21T06:02:53.565Z] GET /api/task-creation/sessions/93d383a3-a923-4100-a3ae-da501cfcafad/task-description
[2026-02-21T06:02:53.565Z] GET /api/task-creation/sessions/93d383a3-a923-4100-a3ae-da501cfcafad/execution-plan
[2026-02-21T06:02:53.566Z] GET /api/task-creation/sessions
[2026-02-21T06:02:53.566Z] GET /api/sandbox/environment
[2026-02-21T06:02:57.563Z] GET /api/task-creation/sessions/93d383a3-a923-4100-a3ae-da501cfcafad
[2026-02-21T06:02:57.564Z] GET /api/task-creation/sessions/93d383a3-a923-4100-a3ae-da501cfcafad/messages
[2026-02-21T06:02:57.564Z] GET /api/task-creation/sessions/93d383a3-a923-4100-a3ae-da501cfcafad/intent
[2026-02-21T06:02:57.564Z] GET /api/task-creation/sessions/93d383a3-a923-4100-a3ae-da501cfcafad/task-description
[2026-02-21T06:02:57.565Z] GET /api/task-creation/sessions/93d383a3-a923-4100-a3ae-da501cfcafad/execution-plan
[2026-02-21T06:02:57.565Z] GET /api/sandbox/environment
[2026-02-21T06:02:57.565Z] GET /api/task-creation/sessions
[2026-02-21T06:03:01.562Z] GET /api/task-creation/sessions/93d383a3-a923-4100-a3ae-da501cfcafad/messages
[2026-02-21T06:03:01.563Z] GET /api/task-creation/sessions/93d383a3-a923-4100-a3ae-da501cfcafad
[2026-02-21T06:03:01.563Z] GET /api/task-creation/sessions/93d383a3-a923-4100-a3ae-da501cfcafad/intent
[2026-02-21T06:03:01.564Z] GET /api/task-creation/sessions/93d383a3-a923-4100-a3ae-da501cfcafad/task-description
[2026-02-21T06:03:01.564Z] GET /api/task-creation/sessions/93d383a3-a923-4100-a3ae-da501cfcafad/execution-plan
[2026-02-21T06:03:01.565Z] GET /api/sandbox/environment
[2026-02-21T06:03:01.566Z] GET /api/task-creation/sessions
✅ 数据库连接成功
[2026-02-21T06:03:05.554Z] GET /api/task-creation/sessions/93d383a3-a923-4100-a3ae-da501cfcafad
[2026-02-21T06:03:05.555Z] GET /api/task-creation/sessions/93d383a3-a923-4100-a3ae-da501cfcafad/messages
[2026-02-21T06:03:05.555Z] GET /api/task-creation/sessions/93d383a3-a923-4100-a3ae-da501cfcafad/intent
[2026-02-21T06:03:05.555Z] GET /api/task-creation/sessions/93d383a3-a923-4100-a3ae-da501cfcafad/execution-plan
[2026-02-21T06:03:05.555Z] GET /api/task-creation/sessions/93d383a3-a923-4100-a3ae-da501cfcafad/task-description
[2026-02-21T06:03:05.556Z] GET /api/sandbox/environment
[2026-02-21T06:03:05.556Z] GET /api/task-creation/sessions
[2026-02-21T06:03:09.011Z] GET /api/task-creation/sessions
[2026-02-21T06:03:09.558Z] GET /api/task-creation/sessions/93d383a3-a923-4100-a3ae-da501cfcafad
[2026-02-21T06:03:09.559Z] GET /api/task-creation/sessions/93d383a3-a923-4100-a3ae-da501cfcafad/intent
[2026-02-21T06:03:09.559Z] GET /api/task-creation/sessions/93d383a3-a923-4100-a3ae-da501cfcafad/messages
[2026-02-21T06:03:09.559Z] GET /api/task-creation/sessions/93d383a3-a923-4100-a3ae-da501cfcafad/task-description
[2026-02-21T06:03:09.560Z] GET /api/sandbox/environment
[2026-02-21T06:03:09.560Z] GET /api/task-creation/sessions/93d383a3-a923-4100-a3ae-da501cfcafad/execution-plan
[2026-02-21T06:03:09.560Z] GET /api/task-creation/sessions
[2026-02-21T06:03:13.555Z] GET /api/task-creation/sessions/93d383a3-a923-4100-a3ae-da501cfcafad
[2026-02-21T06:03:13.556Z] GET /api/task-creation/sessions/93d383a3-a923-4100-a3ae-da501cfcafad/messages
[2026-02-21T06:03:13.556Z] GET /api/task-creation/sessions/93d383a3-a923-4100-a3ae-da501cfcafad/intent
[2026-02-21T06:03:13.557Z] GET /api/task-creation/sessions/93d383a3-a923-4100-a3ae-da501cfcafad/task-description
[2026-02-21T06:03:13.557Z] GET /api/task-creation/sessions/93d383a3-a923-4100-a3ae-da501cfcafad/execution-plan
[2026-02-21T06:03:13.557Z] GET /api/task-creation/sessions
[2026-02-21T06:03:13.558Z] GET /api/sandbox/environment
[2026-02-21T06:03:17.563Z] GET /api/task-creation/sessions/93d383a3-a923-4100-a3ae-da501cfcafad
[2026-02-21T06:03:17.563Z] GET /api/task-creation/sessions/93d383a3-a923-4100-a3ae-da501cfcafad/messages
[2026-02-21T06:03:17.564Z] GET /api/task-creation/sessions/93d383a3-a923-4100-a3ae-da501cfcafad/intent
[2026-02-21T06:03:17.564Z] GET /api/task-creation/sessions/93d383a3-a923-4100-a3ae-da501cfcafad/task-description
[2026-02-21T06:03:17.565Z] GET /api/sandbox/environment
[2026-02-21T06:03:17.565Z] GET /api/task-creation/sessions/93d383a3-a923-4100-a3ae-da501cfcafad/execution-plan
[2026-02-21T06:03:17.565Z] GET /api/task-creation/sessions
✅ 数据库连接成功
[2026-02-21T06:03:21.556Z] GET /api/task-creation/sessions/93d383a3-a923-4100-a3ae-da501cfcafad/messages
[2026-02-21T06:03:21.557Z] GET /api/task-creation/sessions/93d383a3-a923-4100-a3ae-da501cfcafad
[2026-02-21T06:03:21.557Z] GET /api/task-creation/sessions/93d383a3-a923-4100-a3ae-da501cfcafad/intent
[2026-02-21T06:03:21.558Z] GET /api/task-creation/sessions/93d383a3-a923-4100-a3ae-da501cfcafad/task-description
[2026-02-21T06:03:21.558Z] GET /api/task-creation/sessions/93d383a3-a923-4100-a3ae-da501cfcafad/execution-plan
[2026-02-21T06:03:21.558Z] GET /api/sandbox/environment
[2026-02-21T06:03:21.559Z] GET /api/task-creation/sessions
[2026-02-21T06:03:25.560Z] GET /api/task-creation/sessions/93d383a3-a923-4100-a3ae-da501cfcafad/messages
[2026-02-21T06:03:25.561Z] GET /api/task-creation/sessions/93d383a3-a923-4100-a3ae-da501cfcafad
[2026-02-21T06:03:25.561Z] GET /api/task-creation/sessions/93d383a3-a923-4100-a3ae-da501cfcafad/intent
[2026-02-21T06:03:25.561Z] GET /api/task-creation/sessions/93d383a3-a923-4100-a3ae-da501cfcafad/task-description
[2026-02-21T06:03:25.562Z] GET /api/task-creation/sessions/93d383a3-a923-4100-a3ae-da501cfcafad/execution-plan
[2026-02-21T06:03:25.562Z] GET /api/sandbox/environment
[2026-02-21T06:03:25.562Z] GET /api/task-creation/sessions
[2026-02-21T06:03:29.558Z] GET /api/task-creation/sessions/93d383a3-a923-4100-a3ae-da501cfcafad/messages
[2026-02-21T06:03:29.558Z] GET /api/task-creation/sessions/93d383a3-a923-4100-a3ae-da501cfcafad
[2026-02-21T06:03:29.559Z] GET /api/task-creation/sessions/93d383a3-a923-4100-a3ae-da501cfcafad/intent
[2026-02-21T06:03:29.559Z] GET /api/task-creation/sessions/93d383a3-a923-4100-a3ae-da501cfcafad/task-description
[2026-02-21T06:03:29.559Z] GET /api/task-creation/sessions/93d383a3-a923-4100-a3ae-da501cfcafad/execution-plan
[2026-02-21T06:03:29.560Z] GET /api/sandbox/environment
[2026-02-21T06:03:29.560Z] GET /api/task-creation/sessions
[2026-02-21T06:03:33.556Z] GET /api/task-creation/sessions/93d383a3-a923-4100-a3ae-da501cfcafad/messages
[2026-02-21T06:03:33.556Z] GET /api/task-creation/sessions/93d383a3-a923-4100-a3ae-da501cfcafad
[2026-02-21T06:03:33.557Z] GET /api/task-creation/sessions/93d383a3-a923-4100-a3ae-da501cfcafad/intent
[2026-02-21T06:03:33.557Z] GET /api/task-creation/sessions/93d383a3-a923-4100-a3ae-da501cfcafad/task-description
[2026-02-21T06:03:33.557Z] GET /api/task-creation/sessions/93d383a3-a923-4100-a3ae-da501cfcafad/execution-plan
[2026-02-21T06:03:33.557Z] GET /api/sandbox/environment
[2026-02-21T06:03:33.558Z] GET /api/task-creation/sessions
✅ 数据库连接成功
[2026-02-21T06:03:37.566Z] GET /api/task-creation/sessions/93d383a3-a923-4100-a3ae-da501cfcafad
[2026-02-21T06:03:37.567Z] GET /api/task-creation/sessions
[2026-02-21T06:03:37.567Z] GET /api/task-creation/sessions/93d383a3-a923-4100-a3ae-da501cfcafad/messages
[2026-02-21T06:03:37.568Z] GET /api/task-creation/sessions/93d383a3-a923-4100-a3ae-da501cfcafad/task-description
[2026-02-21T06:03:37.568Z] GET /api/task-creation/sessions/93d383a3-a923-4100-a3ae-da501cfcafad/intent
[2026-02-21T06:03:37.568Z] GET /api/task-creation/sessions/93d383a3-a923-4100-a3ae-da501cfcafad/execution-plan
[2026-02-21T06:03:37.569Z] GET /api/sandbox/environment
[2026-02-21T06:03:41.563Z] GET /api/task-creation/sessions
[2026-02-21T06:03:41.564Z] GET /api/task-creation/sessions/93d383a3-a923-4100-a3ae-da501cfcafad/messages
[2026-02-21T06:03:41.564Z] GET /api/task-creation/sessions/93d383a3-a923-4100-a3ae-da501cfcafad
[2026-02-21T06:03:41.564Z] GET /api/task-creation/sessions/93d383a3-a923-4100-a3ae-da501cfcafad/intent
[2026-02-21T06:03:41.565Z] GET /api/task-creation/sessions/93d383a3-a923-4100-a3ae-da501cfcafad/task-description
[2026-02-21T06:03:41.565Z] GET /api/task-creation/sessions/93d383a3-a923-4100-a3ae-da501cfcafad/execution-plan
[2026-02-21T06:03:41.566Z] GET /api/sandbox/environment
[2026-02-21T06:03:45.553Z] GET /api/task-creation/sessions/93d383a3-a923-4100-a3ae-da501cfcafad
[2026-02-21T06:03:45.554Z] GET /api/task-creation/sessions/93d383a3-a923-4100-a3ae-da501cfcafad/messages
[2026-02-21T06:03:45.554Z] GET /api/task-creation/sessions/93d383a3-a923-4100-a3ae-da501cfcafad/intent
[2026-02-21T06:03:45.554Z] GET /api/task-creation/sessions/93d383a3-a923-4100-a3ae-da501cfcafad/task-description
[2026-02-21T06:03:45.554Z] GET /api/task-creation/sessions/93d383a3-a923-4100-a3ae-da501cfcafad/execution-plan
[2026-02-21T06:03:45.555Z] GET /api/sandbox/environment
[2026-02-21T06:03:45.555Z] GET /api/task-creation/sessions
[2026-02-21T06:03:49.564Z] GET /api/task-creation/sessions/93d383a3-a923-4100-a3ae-da501cfcafad
[2026-02-21T06:03:49.564Z] GET /api/task-creation/sessions/93d383a3-a923-4100-a3ae-da501cfcafad/messages
[2026-02-21T06:03:49.564Z] GET /api/task-creation/sessions/93d383a3-a923-4100-a3ae-da501cfcafad/intent
[2026-02-21T06:03:49.565Z] GET /api/task-creation/sessions/93d383a3-a923-4100-a3ae-da501cfcafad/task-description
[2026-02-21T06:03:49.565Z] GET /api/task-creation/sessions/93d383a3-a923-4100-a3ae-da501cfcafad/execution-plan
[2026-02-21T06:03:49.566Z] GET /api/sandbox/environment
[2026-02-21T06:03:49.566Z] GET /api/task-creation/sessions
✅ 数据库连接成功
[2026-02-21T06:03:53.561Z] GET /api/task-creation/sessions/93d383a3-a923-4100-a3ae-da501cfcafad
[2026-02-21T06:03:53.562Z] GET /api/task-creation/sessions/93d383a3-a923-4100-a3ae-da501cfcafad/messages
[2026-02-21T06:03:53.562Z] GET /api/task-creation/sessions/93d383a3-a923-4100-a3ae-da501cfcafad/intent
[2026-02-21T06:03:53.562Z] GET /api/task-creation/sessions/93d383a3-a923-4100-a3ae-da501cfcafad/execution-plan
[2026-02-21T06:03:53.562Z] GET /api/task-creation/sessions/93d383a3-a923-4100-a3ae-da501cfcafad/task-description
[2026-02-21T06:03:53.563Z] GET /api/task-creation/sessions
[2026-02-21T06:03:53.563Z] GET /api/sandbox/environment
[2026-02-21T06:03:57.560Z] GET /api/task-creation/sessions/93d383a3-a923-4100-a3ae-da501cfcafad
[2026-02-21T06:03:57.561Z] GET /api/task-creation/sessions/93d383a3-a923-4100-a3ae-da501cfcafad/messages
[2026-02-21T06:03:57.561Z] GET /api/task-creation/sessions/93d383a3-a923-4100-a3ae-da501cfcafad/intent
[2026-02-21T06:03:57.561Z] GET /api/task-creation/sessions/93d383a3-a923-4100-a3ae-da501cfcafad/task-description
[2026-02-21T06:03:57.562Z] GET /api/task-creation/sessions/93d383a3-a923-4100-a3ae-da501cfcafad/execution-plan
[2026-02-21T06:03:57.562Z] GET /api/task-creation/sessions
[2026-02-21T06:03:57.562Z] GET /api/sandbox/environment
[2026-02-21T06:04:01.562Z] GET /api/task-creation/sessions/93d383a3-a923-4100-a3ae-da501cfcafad
[2026-02-21T06:04:01.562Z] GET /api/task-creation/sessions/93d383a3-a923-4100-a3ae-da501cfcafad/messages
[2026-02-21T06:04:01.562Z] GET /api/task-creation/sessions/93d383a3-a923-4100-a3ae-da501cfcafad/intent
[2026-02-21T06:04:01.563Z] GET /api/task-creation/sessions/93d383a3-a923-4100-a3ae-da501cfcafad/task-description
[2026-02-21T06:04:01.563Z] GET /api/task-creation/sessions/93d383a3-a923-4100-a3ae-da501cfcafad/execution-plan
[2026-02-21T06:04:01.563Z] GET /api/task-creation/sessions
[2026-02-21T06:04:01.563Z] GET /api/sandbox/environment
[2026-02-21T06:04:05.563Z] GET /api/task-creation/sessions/93d383a3-a923-4100-a3ae-da501cfcafad
[2026-02-21T06:04:05.564Z] GET /api/task-creation/sessions/93d383a3-a923-4100-a3ae-da501cfcafad/messages
[2026-02-21T06:04:05.564Z] GET /api/task-creation/sessions/93d383a3-a923-4100-a3ae-da501cfcafad/intent
[2026-02-21T06:04:05.565Z] GET /api/task-creation/sessions/93d383a3-a923-4100-a3ae-da501cfcafad/task-description
[2026-02-21T06:04:05.565Z] GET /api/task-creation/sessions/93d383a3-a923-4100-a3ae-da501cfcafad/execution-plan
[2026-02-21T06:04:05.565Z] GET /api/sandbox/environment
[2026-02-21T06:04:05.566Z] GET /api/task-creation/sessions
✅ 数据库连接成功
[2026-02-21T06:04:09.000Z] GET /api/task-creation/sessions
[2026-02-21T06:04:09.566Z] GET /api/task-creation/sessions/93d383a3-a923-4100-a3ae-da501cfcafad
[2026-02-21T06:04:09.566Z] GET /api/task-creation/sessions/93d383a3-a923-4100-a3ae-da501cfcafad/messages
[2026-02-21T06:04:09.566Z] GET /api/task-creation/sessions/93d383a3-a923-4100-a3ae-da501cfcafad/intent
[2026-02-21T06:04:09.567Z] GET /api/task-creation/sessions/93d383a3-a923-4100-a3ae-da501cfcafad/task-description
[2026-02-21T06:04:09.567Z] GET /api/task-creation/sessions/93d383a3-a923-4100-a3ae-da501cfcafad/execution-plan
[2026-02-21T06:04:09.567Z] GET /api/sandbox/environment
[2026-02-21T06:04:09.568Z] GET /api/task-creation/sessions
[2026-02-21T06:04:13.554Z] GET /api/task-creation/sessions/93d383a3-a923-4100-a3ae-da501cfcafad/messages
[2026-02-21T06:04:13.555Z] GET /api/task-creation/sessions/93d383a3-a923-4100-a3ae-da501cfcafad
[2026-02-21T06:04:13.555Z] GET /api/task-creation/sessions/93d383a3-a923-4100-a3ae-da501cfcafad/intent
[2026-02-21T06:04:13.556Z] GET /api/task-creation/sessions/93d383a3-a923-4100-a3ae-da501cfcafad/task-description
[2026-02-21T06:04:13.556Z] GET /api/task-creation/sessions/93d383a3-a923-4100-a3ae-da501cfcafad/execution-plan
[2026-02-21T06:04:13.556Z] GET /api/sandbox/environment
[2026-02-21T06:04:13.556Z] GET /api/task-creation/sessions
[2026-02-21T06:04:17.563Z] GET /api/task-creation/sessions/93d383a3-a923-4100-a3ae-da501cfcafad/messages
[2026-02-21T06:04:17.564Z] GET /api/task-creation/sessions/93d383a3-a923-4100-a3ae-da501cfcafad
[2026-02-21T06:04:17.564Z] GET /api/task-creation/sessions/93d383a3-a923-4100-a3ae-da501cfcafad/intent
[2026-02-21T06:04:17.564Z] GET /api/task-creation/sessions/93d383a3-a923-4100-a3ae-da501cfcafad/task-description
[2026-02-21T06:04:17.565Z] GET /api/task-creation/sessions/93d383a3-a923-4100-a3ae-da501cfcafad/execution-plan
[2026-02-21T06:04:17.565Z] GET /api/sandbox/environment
[2026-02-21T06:04:17.565Z] GET /api/task-creation/sessions
[2026-02-21T06:04:21.556Z] GET /api/task-creation/sessions/93d383a3-a923-4100-a3ae-da501cfcafad
[2026-02-21T06:04:21.557Z] GET /api/task-creation/sessions/93d383a3-a923-4100-a3ae-da501cfcafad/intent
[2026-02-21T06:04:21.558Z] GET /api/task-creation/sessions/93d383a3-a923-4100-a3ae-da501cfcafad/messages
[2026-02-21T06:04:21.558Z] GET /api/task-creation/sessions/93d383a3-a923-4100-a3ae-da501cfcafad/task-description
[2026-02-21T06:04:21.558Z] GET /api/task-creation/sessions/93d383a3-a923-4100-a3ae-da501cfcafad/execution-plan
[2026-02-21T06:04:21.559Z] GET /api/sandbox/environment
[2026-02-21T06:04:21.559Z] GET /api/task-creation/sessions
✅ 数据库连接成功
[2026-02-21T06:04:25.557Z] GET /api/task-creation/sessions/93d383a3-a923-4100-a3ae-da501cfcafad
[2026-02-21T06:04:25.558Z] GET /api/task-creation/sessions/93d383a3-a923-4100-a3ae-da501cfcafad/messages
[2026-02-21T06:04:25.558Z] GET /api/task-creation/sessions/93d383a3-a923-4100-a3ae-da501cfcafad/intent
[2026-02-21T06:04:25.559Z] GET /api/task-creation/sessions/93d383a3-a923-4100-a3ae-da501cfcafad/task-description
[2026-02-21T06:04:25.559Z] GET /api/task-creation/sessions/93d383a3-a923-4100-a3ae-da501cfcafad/execution-plan
[2026-02-21T06:04:25.560Z] GET /api/sandbox/environment
[2026-02-21T06:04:25.560Z] GET /api/task-creation/sessions
[2026-02-21T06:04:29.561Z] GET /api/task-creation/sessions/93d383a3-a923-4100-a3ae-da501cfcafad
[2026-02-21T06:04:29.562Z] GET /api/task-creation/sessions/93d383a3-a923-4100-a3ae-da501cfcafad/messages
[2026-02-21T06:04:29.562Z] GET /api/task-creation/sessions/93d383a3-a923-4100-a3ae-da501cfcafad/task-description
[2026-02-21T06:04:29.562Z] GET /api/task-creation/sessions/93d383a3-a923-4100-a3ae-da501cfcafad/intent
[2026-02-21T06:04:29.563Z] GET /api/task-creation/sessions/93d383a3-a923-4100-a3ae-da501cfcafad/execution-plan
[2026-02-21T06:04:29.563Z] GET /api/sandbox/environment
[2026-02-21T06:04:29.563Z] GET /api/task-creation/sessions
[2026-02-21T06:04:33.561Z] GET /api/task-creation/sessions/93d383a3-a923-4100-a3ae-da501cfcafad
[2026-02-21T06:04:33.561Z] GET /api/task-creation/sessions/93d383a3-a923-4100-a3ae-da501cfcafad/messages
[2026-02-21T06:04:33.562Z] GET /api/task-creation/sessions/93d383a3-a923-4100-a3ae-da501cfcafad/intent
[2026-02-21T06:04:33.562Z] GET /api/task-creation/sessions/93d383a3-a923-4100-a3ae-da501cfcafad/task-description
[2026-02-21T06:04:33.562Z] GET /api/task-creation/sessions/93d383a3-a923-4100-a3ae-da501cfcafad/execution-plan
[2026-02-21T06:04:33.563Z] GET /api/sandbox/environment
[2026-02-21T06:04:33.563Z] GET /api/task-creation/sessions
[2026-02-21T06:04:37.563Z] GET /api/task-creation/sessions/93d383a3-a923-4100-a3ae-da501cfcafad
[2026-02-21T06:04:37.564Z] GET /api/task-creation/sessions/93d383a3-a923-4100-a3ae-da501cfcafad/messages
[2026-02-21T06:04:37.564Z] GET /api/task-creation/sessions/93d383a3-a923-4100-a3ae-da501cfcafad/intent
[2026-02-21T06:04:37.564Z] GET /api/task-creation/sessions/93d383a3-a923-4100-a3ae-da501cfcafad/task-description
[2026-02-21T06:04:37.565Z] GET /api/task-creation/sessions/93d383a3-a923-4100-a3ae-da501cfcafad/execution-plan
[2026-02-21T06:04:37.565Z] GET /api/sandbox/environment
[2026-02-21T06:04:37.565Z] GET /api/task-creation/sessions
✅ 数据库连接成功
[2026-02-21T06:04:41.567Z] GET /api/task-creation/sessions/93d383a3-a923-4100-a3ae-da501cfcafad
[2026-02-21T06:04:41.568Z] GET /api/task-creation/sessions/93d383a3-a923-4100-a3ae-da501cfcafad/intent
[2026-02-21T06:04:41.568Z] GET /api/task-creation/sessions/93d383a3-a923-4100-a3ae-da501cfcafad/messages
[2026-02-21T06:04:41.568Z] GET /api/task-creation/sessions/93d383a3-a923-4100-a3ae-da501cfcafad/task-description
[2026-02-21T06:04:41.569Z] GET /api/task-creation/sessions/93d383a3-a923-4100-a3ae-da501cfcafad/execution-plan
[2026-02-21T06:04:41.569Z] GET /api/sandbox/environment
[2026-02-21T06:04:41.569Z] GET /api/task-creation/sessions
[2026-02-21T06:04:45.559Z] GET /api/task-creation/sessions/93d383a3-a923-4100-a3ae-da501cfcafad
[2026-02-21T06:04:45.559Z] GET /api/task-creation/sessions/93d383a3-a923-4100-a3ae-da501cfcafad/messages
[2026-02-21T06:04:45.559Z] GET /api/task-creation/sessions/93d383a3-a923-4100-a3ae-da501cfcafad/intent
[2026-02-21T06:04:45.560Z] GET /api/task-creation/sessions/93d383a3-a923-4100-a3ae-da501cfcafad/task-description
[2026-02-21T06:04:45.560Z] GET /api/task-creation/sessions/93d383a3-a923-4100-a3ae-da501cfcafad/execution-plan
[2026-02-21T06:04:45.560Z] GET /api/sandbox/environment
[2026-02-21T06:04:45.561Z] GET /api/task-creation/sessions
[2026-02-21T06:04:49.552Z] GET /api/task-creation/sessions/93d383a3-a923-4100-a3ae-da501cfcafad/messages
[2026-02-21T06:04:49.553Z] GET /api/task-creation/sessions/93d383a3-a923-4100-a3ae-da501cfcafad
[2026-02-21T06:04:49.553Z] GET /api/task-creation/sessions/93d383a3-a923-4100-a3ae-da501cfcafad/intent
[2026-02-21T06:04:49.553Z] GET /api/task-creation/sessions/93d383a3-a923-4100-a3ae-da501cfcafad/task-description
[2026-02-21T06:04:49.554Z] GET /api/task-creation/sessions/93d383a3-a923-4100-a3ae-da501cfcafad/execution-plan
[2026-02-21T06:04:49.554Z] GET /api/sandbox/environment
[2026-02-21T06:04:49.554Z] GET /api/task-creation/sessions
[2026-02-21T06:04:53.565Z] GET /api/task-creation/sessions/93d383a3-a923-4100-a3ae-da501cfcafad/messages
[2026-02-21T06:04:53.566Z] GET /api/task-creation/sessions/93d383a3-a923-4100-a3ae-da501cfcafad
[2026-02-21T06:04:53.566Z] GET /api/task-creation/sessions/93d383a3-a923-4100-a3ae-da501cfcafad/intent
[2026-02-21T06:04:53.567Z] GET /api/task-creation/sessions/93d383a3-a923-4100-a3ae-da501cfcafad/task-description
[2026-02-21T06:04:53.567Z] GET /api/task-creation/sessions/93d383a3-a923-4100-a3ae-da501cfcafad/execution-plan
[2026-02-21T06:04:53.567Z] GET /api/task-creation/sessions
[2026-02-21T06:04:53.567Z] GET /api/sandbox/environment
✅ 数据库连接成功
[2026-02-21T06:04:57.562Z] GET /api/task-creation/sessions/93d383a3-a923-4100-a3ae-da501cfcafad
[2026-02-21T06:04:57.563Z] GET /api/task-creation/sessions/93d383a3-a923-4100-a3ae-da501cfcafad/messages
[2026-02-21T06:04:57.563Z] GET /api/task-creation/sessions/93d383a3-a923-4100-a3ae-da501cfcafad/intent
[2026-02-21T06:04:57.563Z] GET /api/task-creation/sessions/93d383a3-a923-4100-a3ae-da501cfcafad/task-description
[2026-02-21T06:04:57.563Z] GET /api/task-creation/sessions/93d383a3-a923-4100-a3ae-da501cfcafad/execution-plan
[2026-02-21T06:04:57.564Z] GET /api/sandbox/environment
[2026-02-21T06:04:57.564Z] GET /api/task-creation/sessions
[2026-02-21T06:05:01.558Z] GET /api/task-creation/sessions/93d383a3-a923-4100-a3ae-da501cfcafad
[2026-02-21T06:05:01.559Z] GET /api/task-creation/sessions/93d383a3-a923-4100-a3ae-da501cfcafad/messages
[2026-02-21T06:05:01.559Z] GET /api/task-creation/sessions/93d383a3-a923-4100-a3ae-da501cfcafad/intent
[2026-02-21T06:05:01.559Z] GET /api/task-creation/sessions/93d383a3-a923-4100-a3ae-da501cfcafad/task-description
[2026-02-21T06:05:01.560Z] GET /api/task-creation/sessions/93d383a3-a923-4100-a3ae-da501cfcafad/execution-plan
[2026-02-21T06:05:01.560Z] GET /api/sandbox/environment
[2026-02-21T06:05:01.561Z] GET /api/task-creation/sessions
[2026-02-21T06:05:05.556Z] GET /api/task-creation/sessions/93d383a3-a923-4100-a3ae-da501cfcafad
[2026-02-21T06:05:05.557Z] GET /api/task-creation/sessions/93d383a3-a923-4100-a3ae-da501cfcafad/messages
[2026-02-21T06:05:05.557Z] GET /api/task-creation/sessions/93d383a3-a923-4100-a3ae-da501cfcafad/intent
[2026-02-21T06:05:05.557Z] GET /api/task-creation/sessions/93d383a3-a923-4100-a3ae-da501cfcafad/task-description
[2026-02-21T06:05:05.558Z] GET /api/task-creation/sessions/93d383a3-a923-4100-a3ae-da501cfcafad/execution-plan
[2026-02-21T06:05:05.558Z] GET /api/sandbox/environment
[2026-02-21T06:05:05.558Z] GET /api/task-creation/sessions
[2026-02-21T06:05:09.003Z] GET /api/task-creation/sessions
[2026-02-21T06:05:09.565Z] GET /api/task-creation/sessions/93d383a3-a923-4100-a3ae-da501cfcafad/messages
[2026-02-21T06:05:09.565Z] GET /api/task-creation/sessions/93d383a3-a923-4100-a3ae-da501cfcafad
[2026-02-21T06:05:09.566Z] GET /api/task-creation/sessions/93d383a3-a923-4100-a3ae-da501cfcafad/intent
[2026-02-21T06:05:09.566Z] GET /api/task-creation/sessions/93d383a3-a923-4100-a3ae-da501cfcafad/task-description
[2026-02-21T06:05:09.566Z] GET /api/task-creation/sessions/93d383a3-a923-4100-a3ae-da501cfcafad/execution-plan
[2026-02-21T06:05:09.567Z] GET /api/sandbox/environment
[2026-02-21T06:05:09.567Z] GET /api/task-creation/sessions
✅ 数据库连接成功
[2026-02-21T06:05:13.556Z] GET /api/task-creation/sessions/93d383a3-a923-4100-a3ae-da501cfcafad
[2026-02-21T06:05:13.556Z] GET /api/task-creation/sessions/93d383a3-a923-4100-a3ae-da501cfcafad/messages
[2026-02-21T06:05:13.557Z] GET /api/task-creation/sessions/93d383a3-a923-4100-a3ae-da501cfcafad/intent
[2026-02-21T06:05:13.557Z] GET /api/task-creation/sessions/93d383a3-a923-4100-a3ae-da501cfcafad/task-description
[2026-02-21T06:05:13.557Z] GET /api/task-creation/sessions/93d383a3-a923-4100-a3ae-da501cfcafad/execution-plan
[2026-02-21T06:05:13.558Z] GET /api/sandbox/environment
[2026-02-21T06:05:13.558Z] GET /api/task-creation/sessions
[2026-02-21T06:05:17.559Z] GET /api/task-creation/sessions/93d383a3-a923-4100-a3ae-da501cfcafad
[2026-02-21T06:05:17.559Z] GET /api/task-creation/sessions/93d383a3-a923-4100-a3ae-da501cfcafad/messages
[2026-02-21T06:05:17.559Z] GET /api/task-creation/sessions/93d383a3-a923-4100-a3ae-da501cfcafad/task-description
[2026-02-21T06:05:17.560Z] GET /api/task-creation/sessions/93d383a3-a923-4100-a3ae-da501cfcafad/intent
[2026-02-21T06:05:17.560Z] GET /api/task-creation/sessions/93d383a3-a923-4100-a3ae-da501cfcafad/execution-plan
[2026-02-21T06:05:17.561Z] GET /api/sandbox/environment
[2026-02-21T06:05:17.561Z] GET /api/task-creation/sessions
[2026-02-21T06:05:21.560Z] GET /api/task-creation/sessions/93d383a3-a923-4100-a3ae-da501cfcafad
[2026-02-21T06:05:21.560Z] GET /api/task-creation/sessions/93d383a3-a923-4100-a3ae-da501cfcafad/messages
[2026-02-21T06:05:21.561Z] GET /api/task-creation/sessions/93d383a3-a923-4100-a3ae-da501cfcafad/intent
[2026-02-21T06:05:21.561Z] GET /api/task-creation/sessions/93d383a3-a923-4100-a3ae-da501cfcafad/task-description
[2026-02-21T06:05:21.561Z] GET /api/task-creation/sessions/93d383a3-a923-4100-a3ae-da501cfcafad/execution-plan
[2026-02-21T06:05:21.562Z] GET /api/sandbox/environment
[2026-02-21T06:05:21.562Z] GET /api/task-creation/sessions
[2026-02-21T06:05:25.560Z] GET /api/task-creation/sessions/93d383a3-a923-4100-a3ae-da501cfcafad
[2026-02-21T06:05:25.561Z] GET /api/task-creation/sessions/93d383a3-a923-4100-a3ae-da501cfcafad/messages
[2026-02-21T06:05:25.561Z] GET /api/task-creation/sessions/93d383a3-a923-4100-a3ae-da501cfcafad/intent
[2026-02-21T06:05:25.561Z] GET /api/task-creation/sessions/93d383a3-a923-4100-a3ae-da501cfcafad/task-description
[2026-02-21T06:05:25.562Z] GET /api/task-creation/sessions/93d383a3-a923-4100-a3ae-da501cfcafad/execution-plan
[2026-02-21T06:05:25.562Z] GET /api/sandbox/environment
[2026-02-21T06:05:25.562Z] GET /api/task-creation/sessions
✅ 数据库连接成功
[2026-02-21T06:05:29.552Z] GET /api/task-creation/sessions/93d383a3-a923-4100-a3ae-da501cfcafad
[2026-02-21T06:05:29.552Z] GET /api/task-creation/sessions/93d383a3-a923-4100-a3ae-da501cfcafad/messages
[2026-02-21T06:05:29.553Z] GET /api/task-creation/sessions/93d383a3-a923-4100-a3ae-da501cfcafad/intent
[2026-02-21T06:05:29.553Z] GET /api/task-creation/sessions/93d383a3-a923-4100-a3ae-da501cfcafad/task-description
[2026-02-21T06:05:29.554Z] GET /api/task-creation/sessions/93d383a3-a923-4100-a3ae-da501cfcafad/execution-plan
[2026-02-21T06:05:29.554Z] GET /api/sandbox/environment
[2026-02-21T06:05:29.554Z] GET /api/task-creation/sessions
[2026-02-21T06:05:33.552Z] GET /api/task-creation/sessions/93d383a3-a923-4100-a3ae-da501cfcafad
[2026-02-21T06:05:33.553Z] GET /api/task-creation/sessions/93d383a3-a923-4100-a3ae-da501cfcafad/messages
[2026-02-21T06:05:33.554Z] GET /api/task-creation/sessions/93d383a3-a923-4100-a3ae-da501cfcafad/intent
[2026-02-21T06:05:33.554Z] GET /api/task-creation/sessions/93d383a3-a923-4100-a3ae-da501cfcafad/task-description
[2026-02-21T06:05:33.554Z] GET /api/task-creation/sessions/93d383a3-a923-4100-a3ae-da501cfcafad/execution-plan
[2026-02-21T06:05:33.555Z] GET /api/sandbox/environment
[2026-02-21T06:05:33.555Z] GET /api/task-creation/sessions
[2026-02-21T06:05:37.563Z] GET /api/task-creation/sessions/93d383a3-a923-4100-a3ae-da501cfcafad
[2026-02-21T06:05:37.563Z] GET /api/task-creation/sessions/93d383a3-a923-4100-a3ae-da501cfcafad/messages
[2026-02-21T06:05:37.563Z] GET /api/task-creation/sessions/93d383a3-a923-4100-a3ae-da501cfcafad/intent
[2026-02-21T06:05:37.564Z] GET /api/task-creation/sessions/93d383a3-a923-4100-a3ae-da501cfcafad/task-description
[2026-02-21T06:05:37.564Z] GET /api/task-creation/sessions/93d383a3-a923-4100-a3ae-da501cfcafad/execution-plan
[2026-02-21T06:05:37.564Z] GET /api/sandbox/environment
[2026-02-21T06:05:37.565Z] GET /api/task-creation/sessions
[2026-02-21T06:05:41.554Z] GET /api/task-creation/sessions/93d383a3-a923-4100-a3ae-da501cfcafad
[2026-02-21T06:05:41.554Z] GET /api/task-creation/sessions/93d383a3-a923-4100-a3ae-da501cfcafad/intent
[2026-02-21T06:05:41.555Z] GET /api/task-creation/sessions/93d383a3-a923-4100-a3ae-da501cfcafad/task-description
[2026-02-21T06:05:41.555Z] GET /api/task-creation/sessions/93d383a3-a923-4100-a3ae-da501cfcafad/messages
[2026-02-21T06:05:41.555Z] GET /api/task-creation/sessions/93d383a3-a923-4100-a3ae-da501cfcafad/execution-plan
[2026-02-21T06:05:41.555Z] GET /api/task-creation/sessions
[2026-02-21T06:05:41.556Z] GET /api/sandbox/environment
✅ 数据库连接成功
[2026-02-21T06:05:45.556Z] GET /api/task-creation/sessions/93d383a3-a923-4100-a3ae-da501cfcafad/messages
[2026-02-21T06:05:45.557Z] GET /api/task-creation/sessions/93d383a3-a923-4100-a3ae-da501cfcafad
[2026-02-21T06:05:45.557Z] GET /api/task-creation/sessions/93d383a3-a923-4100-a3ae-da501cfcafad/task-description
[2026-02-21T06:05:45.558Z] GET /api/task-creation/sessions/93d383a3-a923-4100-a3ae-da501cfcafad/intent
[2026-02-21T06:05:45.558Z] GET /api/task-creation/sessions/93d383a3-a923-4100-a3ae-da501cfcafad/execution-plan
[2026-02-21T06:05:45.558Z] GET /api/sandbox/environment
[2026-02-21T06:05:45.559Z] GET /api/task-creation/sessions
[2026-02-21T06:05:49.564Z] GET /api/task-creation/sessions/93d383a3-a923-4100-a3ae-da501cfcafad
[2026-02-21T06:05:49.564Z] GET /api/task-creation/sessions/93d383a3-a923-4100-a3ae-da501cfcafad/messages
[2026-02-21T06:05:49.564Z] GET /api/task-creation/sessions/93d383a3-a923-4100-a3ae-da501cfcafad/intent
[2026-02-21T06:05:49.565Z] GET /api/task-creation/sessions/93d383a3-a923-4100-a3ae-da501cfcafad/task-description
[2026-02-21T06:05:49.565Z] GET /api/task-creation/sessions/93d383a3-a923-4100-a3ae-da501cfcafad/execution-plan
[2026-02-21T06:05:49.565Z] GET /api/sandbox/environment
[2026-02-21T06:05:49.565Z] GET /api/task-creation/sessions
[2026-02-21T06:05:53.568Z] GET /api/task-creation/sessions/93d383a3-a923-4100-a3ae-da501cfcafad/messages
[2026-02-21T06:05:53.569Z] GET /api/task-creation/sessions/93d383a3-a923-4100-a3ae-da501cfcafad
[2026-02-21T06:05:53.569Z] GET /api/task-creation/sessions/93d383a3-a923-4100-a3ae-da501cfcafad/intent
[2026-02-21T06:05:53.570Z] GET /api/task-creation/sessions/93d383a3-a923-4100-a3ae-da501cfcafad/task-description
[2026-02-21T06:05:53.570Z] GET /api/task-creation/sessions/93d383a3-a923-4100-a3ae-da501cfcafad/execution-plan
[2026-02-21T06:05:53.570Z] GET /api/task-creation/sessions
[2026-02-21T06:05:53.570Z] GET /api/sandbox/environment
[2026-02-21T06:05:57.561Z] GET /api/task-creation/sessions/93d383a3-a923-4100-a3ae-da501cfcafad
[2026-02-21T06:05:57.562Z] GET /api/task-creation/sessions/93d383a3-a923-4100-a3ae-da501cfcafad/intent
[2026-02-21T06:05:57.562Z] GET /api/task-creation/sessions/93d383a3-a923-4100-a3ae-da501cfcafad/messages
[2026-02-21T06:05:57.562Z] GET /api/task-creation/sessions/93d383a3-a923-4100-a3ae-da501cfcafad/task-description
[2026-02-21T06:05:57.562Z] GET /api/task-creation/sessions/93d383a3-a923-4100-a3ae-da501cfcafad/execution-plan
[2026-02-21T06:05:57.563Z] GET /api/sandbox/environment
[2026-02-21T06:05:57.563Z] GET /api/task-creation/sessions
✅ 数据库连接成功
[2026-02-21T06:06:01.554Z] GET /api/task-creation/sessions/93d383a3-a923-4100-a3ae-da501cfcafad/messages
[2026-02-21T06:06:01.555Z] GET /api/task-creation/sessions/93d383a3-a923-4100-a3ae-da501cfcafad
[2026-02-21T06:06:01.555Z] GET /api/task-creation/sessions/93d383a3-a923-4100-a3ae-da501cfcafad/intent
[2026-02-21T06:06:01.555Z] GET /api/task-creation/sessions/93d383a3-a923-4100-a3ae-da501cfcafad/task-description
[2026-02-21T06:06:01.556Z] GET /api/task-creation/sessions/93d383a3-a923-4100-a3ae-da501cfcafad/execution-plan
[2026-02-21T06:06:01.556Z] GET /api/sandbox/environment
[2026-02-21T06:06:01.556Z] GET /api/task-creation/sessions
[2026-02-21T06:06:05.560Z] GET /api/task-creation/sessions/93d383a3-a923-4100-a3ae-da501cfcafad
[2026-02-21T06:06:05.560Z] GET /api/task-creation/sessions/93d383a3-a923-4100-a3ae-da501cfcafad/intent
[2026-02-21T06:06:05.561Z] GET /api/task-creation/sessions/93d383a3-a923-4100-a3ae-da501cfcafad/messages
[2026-02-21T06:06:05.561Z] GET /api/task-creation/sessions/93d383a3-a923-4100-a3ae-da501cfcafad/task-description
[2026-02-21T06:06:05.562Z] GET /api/task-creation/sessions/93d383a3-a923-4100-a3ae-da501cfcafad/execution-plan
[2026-02-21T06:06:05.562Z] GET /api/sandbox/environment
[2026-02-21T06:06:05.562Z] GET /api/task-creation/sessions
[2026-02-21T06:06:09.010Z] GET /api/task-creation/sessions
[2026-02-21T06:06:09.555Z] GET /api/task-creation/sessions/93d383a3-a923-4100-a3ae-da501cfcafad/messages
[2026-02-21T06:06:09.556Z] GET /api/task-creation/sessions/93d383a3-a923-4100-a3ae-da501cfcafad
[2026-02-21T06:06:09.556Z] GET /api/task-creation/sessions/93d383a3-a923-4100-a3ae-da501cfcafad/task-description
[2026-02-21T06:06:09.557Z] GET /api/task-creation/sessions/93d383a3-a923-4100-a3ae-da501cfcafad/intent
[2026-02-21T06:06:09.557Z] GET /api/sandbox/environment
[2026-02-21T06:06:09.558Z] GET /api/task-creation/sessions/93d383a3-a923-4100-a3ae-da501cfcafad/execution-plan
[2026-02-21T06:06:09.558Z] GET /api/task-creation/sessions
[2026-02-21T06:06:13.561Z] GET /api/task-creation/sessions/93d383a3-a923-4100-a3ae-da501cfcafad/messages
[2026-02-21T06:06:13.562Z] GET /api/task-creation/sessions/93d383a3-a923-4100-a3ae-da501cfcafad
[2026-02-21T06:06:13.562Z] GET /api/task-creation/sessions/93d383a3-a923-4100-a3ae-da501cfcafad/intent
[2026-02-21T06:06:13.562Z] GET /api/task-creation/sessions/93d383a3-a923-4100-a3ae-da501cfcafad/task-description
[2026-02-21T06:06:13.563Z] GET /api/task-creation/sessions/93d383a3-a923-4100-a3ae-da501cfcafad/execution-plan
[2026-02-21T06:06:13.563Z] GET /api/sandbox/environment
[2026-02-21T06:06:13.563Z] GET /api/task-creation/sessions
✅ 数据库连接成功
[2026-02-21T06:06:17.553Z] GET /api/task-creation/sessions/93d383a3-a923-4100-a3ae-da501cfcafad
[2026-02-21T06:06:17.554Z] GET /api/task-creation/sessions/93d383a3-a923-4100-a3ae-da501cfcafad/messages
[2026-02-21T06:06:17.555Z] GET /api/task-creation/sessions/93d383a3-a923-4100-a3ae-da501cfcafad/intent
[2026-02-21T06:06:17.555Z] GET /api/task-creation/sessions/93d383a3-a923-4100-a3ae-da501cfcafad/task-description
[2026-02-21T06:06:17.556Z] GET /api/task-creation/sessions/93d383a3-a923-4100-a3ae-da501cfcafad/execution-plan
[2026-02-21T06:06:17.556Z] GET /api/task-creation/sessions
[2026-02-21T06:06:17.556Z] GET /api/sandbox/environment
[2026-02-21T06:06:21.559Z] GET /api/task-creation/sessions/93d383a3-a923-4100-a3ae-da501cfcafad/messages
[2026-02-21T06:06:21.560Z] GET /api/task-creation/sessions/93d383a3-a923-4100-a3ae-da501cfcafad
[2026-02-21T06:06:21.560Z] GET /api/task-creation/sessions/93d383a3-a923-4100-a3ae-da501cfcafad/intent
[2026-02-21T06:06:21.560Z] GET /api/task-creation/sessions/93d383a3-a923-4100-a3ae-da501cfcafad/task-description
[2026-02-21T06:06:21.560Z] GET /api/sandbox/environment
[2026-02-21T06:06:21.561Z] GET /api/task-creation/sessions/93d383a3-a923-4100-a3ae-da501cfcafad/execution-plan
[2026-02-21T06:06:21.562Z] GET /api/task-creation/sessions
[2026-02-21T06:06:25.563Z] GET /api/task-creation/sessions/93d383a3-a923-4100-a3ae-da501cfcafad
[2026-02-21T06:06:25.563Z] GET /api/task-creation/sessions/93d383a3-a923-4100-a3ae-da501cfcafad/messages
[2026-02-21T06:06:25.564Z] GET /api/task-creation/sessions/93d383a3-a923-4100-a3ae-da501cfcafad/intent
[2026-02-21T06:06:25.564Z] GET /api/task-creation/sessions/93d383a3-a923-4100-a3ae-da501cfcafad/task-description
[2026-02-21T06:06:25.565Z] GET /api/sandbox/environment
[2026-02-21T06:06:25.565Z] GET /api/task-creation/sessions/93d383a3-a923-4100-a3ae-da501cfcafad/execution-plan
[2026-02-21T06:06:25.565Z] GET /api/task-creation/sessions
[2026-02-21T06:06:29.562Z] GET /api/task-creation/sessions/93d383a3-a923-4100-a3ae-da501cfcafad
[2026-02-21T06:06:29.562Z] GET /api/task-creation/sessions/93d383a3-a923-4100-a3ae-da501cfcafad/intent
[2026-02-21T06:06:29.563Z] GET /api/task-creation/sessions/93d383a3-a923-4100-a3ae-da501cfcafad/task-description
[2026-02-21T06:06:29.563Z] GET /api/task-creation/sessions/93d383a3-a923-4100-a3ae-da501cfcafad/execution-plan
[2026-02-21T06:06:29.564Z] GET /api/task-creation/sessions/93d383a3-a923-4100-a3ae-da501cfcafad/messages
[2026-02-21T06:06:29.564Z] GET /api/sandbox/environment
[2026-02-21T06:06:29.564Z] GET /api/task-creation/sessions
✅ 数据库连接成功
[2026-02-21T06:06:33.566Z] GET /api/task-creation/sessions/93d383a3-a923-4100-a3ae-da501cfcafad
[2026-02-21T06:06:33.566Z] GET /api/task-creation/sessions/93d383a3-a923-4100-a3ae-da501cfcafad/messages
[2026-02-21T06:06:33.566Z] GET /api/task-creation/sessions/93d383a3-a923-4100-a3ae-da501cfcafad/intent
[2026-02-21T06:06:33.567Z] GET /api/task-creation/sessions/93d383a3-a923-4100-a3ae-da501cfcafad/task-description
[2026-02-21T06:06:33.567Z] GET /api/task-creation/sessions/93d383a3-a923-4100-a3ae-da501cfcafad/execution-plan
[2026-02-21T06:06:33.567Z] GET /api/sandbox/environment
[2026-02-21T06:06:33.567Z] GET /api/task-creation/sessions
[2026-02-21T06:06:37.563Z] GET /api/task-creation/sessions/93d383a3-a923-4100-a3ae-da501cfcafad
[2026-02-21T06:06:37.564Z] GET /api/task-creation/sessions/93d383a3-a923-4100-a3ae-da501cfcafad/messages
[2026-02-21T06:06:37.564Z] GET /api/task-creation/sessions/93d383a3-a923-4100-a3ae-da501cfcafad/intent
[2026-02-21T06:06:37.564Z] GET /api/task-creation/sessions/93d383a3-a923-4100-a3ae-da501cfcafad/task-description
[2026-02-21T06:06:37.565Z] GET /api/task-creation/sessions/93d383a3-a923-4100-a3ae-da501cfcafad/execution-plan
[2026-02-21T06:06:37.565Z] GET /api/sandbox/environment
[2026-02-21T06:06:37.565Z] GET /api/task-creation/sessions
[2026-02-21T06:06:41.553Z] GET /api/task-creation/sessions
[2026-02-21T06:06:41.553Z] GET /api/task-creation/sessions/93d383a3-a923-4100-a3ae-da501cfcafad/messages
[2026-02-21T06:06:41.554Z] GET /api/task-creation/sessions/93d383a3-a923-4100-a3ae-da501cfcafad
[2026-02-21T06:06:41.554Z] GET /api/task-creation/sessions/93d383a3-a923-4100-a3ae-da501cfcafad/intent
[2026-02-21T06:06:41.555Z] GET /api/task-creation/sessions/93d383a3-a923-4100-a3ae-da501cfcafad/task-description
[2026-02-21T06:06:41.555Z] GET /api/task-creation/sessions/93d383a3-a923-4100-a3ae-da501cfcafad/execution-plan
[2026-02-21T06:06:41.556Z] GET /api/sandbox/environment
[2026-02-21T06:06:45.561Z] GET /api/task-creation/sessions/93d383a3-a923-4100-a3ae-da501cfcafad
[2026-02-21T06:06:45.561Z] GET /api/task-creation/sessions/93d383a3-a923-4100-a3ae-da501cfcafad/messages
[2026-02-21T06:06:45.562Z] GET /api/task-creation/sessions/93d383a3-a923-4100-a3ae-da501cfcafad/intent
[2026-02-21T06:06:45.562Z] GET /api/task-creation/sessions/93d383a3-a923-4100-a3ae-da501cfcafad/task-description
[2026-02-21T06:06:45.563Z] GET /api/task-creation/sessions/93d383a3-a923-4100-a3ae-da501cfcafad/execution-plan
[2026-02-21T06:06:45.563Z] GET /api/sandbox/environment
[2026-02-21T06:06:45.563Z] GET /api/task-creation/sessions
✅ 数据库连接成功
[2026-02-21T06:06:49.557Z] GET /api/task-creation/sessions/93d383a3-a923-4100-a3ae-da501cfcafad
[2026-02-21T06:06:49.558Z] GET /api/task-creation/sessions/93d383a3-a923-4100-a3ae-da501cfcafad/messages
[2026-02-21T06:06:49.558Z] GET /api/task-creation/sessions/93d383a3-a923-4100-a3ae-da501cfcafad/intent
[2026-02-21T06:06:49.558Z] GET /api/task-creation/sessions/93d383a3-a923-4100-a3ae-da501cfcafad/execution-plan
[2026-02-21T06:06:49.558Z] GET /api/task-creation/sessions/93d383a3-a923-4100-a3ae-da501cfcafad/task-description
[2026-02-21T06:06:49.559Z] GET /api/sandbox/environment
[2026-02-21T06:06:49.559Z] GET /api/task-creation/sessions
[2026-02-21T06:06:53.559Z] GET /api/task-creation/sessions/93d383a3-a923-4100-a3ae-da501cfcafad
[2026-02-21T06:06:53.559Z] GET /api/task-creation/sessions/93d383a3-a923-4100-a3ae-da501cfcafad/messages
[2026-02-21T06:06:53.560Z] GET /api/task-creation/sessions/93d383a3-a923-4100-a3ae-da501cfcafad/intent
[2026-02-21T06:06:53.560Z] GET /api/task-creation/sessions/93d383a3-a923-4100-a3ae-da501cfcafad/task-description
[2026-02-21T06:06:53.560Z] GET /api/task-creation/sessions/93d383a3-a923-4100-a3ae-da501cfcafad/execution-plan
[2026-02-21T06:06:53.560Z] GET /api/sandbox/environment
[2026-02-21T06:06:53.561Z] GET /api/task-creation/sessions
[2026-02-21T06:06:57.554Z] GET /api/task-creation/sessions/93d383a3-a923-4100-a3ae-da501cfcafad
[2026-02-21T06:06:57.554Z] GET /api/task-creation/sessions/93d383a3-a923-4100-a3ae-da501cfcafad/messages
[2026-02-21T06:06:57.555Z] GET /api/task-creation/sessions/93d383a3-a923-4100-a3ae-da501cfcafad/intent
[2026-02-21T06:06:57.555Z] GET /api/task-creation/sessions/93d383a3-a923-4100-a3ae-da501cfcafad/task-description
[2026-02-21T06:06:57.555Z] GET /api/task-creation/sessions/93d383a3-a923-4100-a3ae-da501cfcafad/execution-plan
[2026-02-21T06:06:57.556Z] GET /api/sandbox/environment
[2026-02-21T06:06:57.556Z] GET /api/task-creation/sessions
[2026-02-21T06:07:00.636Z] GET /api/sandbox/environment
[2026-02-21T06:07:00.637Z] GET /api/task-creation/sessions/9065d819-b996-413e-81a7-0db73249375a/messages
[2026-02-21T06:07:00.638Z] GET /api/task-creation/sessions/9065d819-b996-413e-81a7-0db73249375a
[2026-02-21T06:07:00.638Z] GET /api/task-creation/sessions/9065d819-b996-413e-81a7-0db73249375a/task-description
[2026-02-21T06:07:00.639Z] GET /api/task-creation/sessions/9065d819-b996-413e-81a7-0db73249375a/intent
[2026-02-21T06:07:00.639Z] GET /api/task-creation/sessions/9065d819-b996-413e-81a7-0db73249375a/execution-plan
[2026-02-21T06:07:00.646Z] GET /api/task-creation/sessions
[2026-02-21T06:07:00.653Z] GET /api/task-creation/sessions
✅ 数据库连接成功
[2026-02-21T06:07:00.775Z] GET /api/sandbox/osac/sess_35ff684915754d7c/messages
[2026-02-21T06:07:00.986Z] GET /api/task-creation/sessions/9065d819-b996-413e-81a7-0db73249375a
[2026-02-21T06:07:00.987Z] GET /api/task-creation/sessions/9065d819-b996-413e-81a7-0db73249375a/messages
[2026-02-21T06:07:00.987Z] GET /api/task-creation/sessions/9065d819-b996-413e-81a7-0db73249375a/intent
[2026-02-21T06:07:00.988Z] GET /api/task-creation/sessions/9065d819-b996-413e-81a7-0db73249375a/task-description
[2026-02-21T06:07:00.988Z] GET /api/task-creation/sessions/9065d819-b996-413e-81a7-0db73249375a/execution-plan
[2026-02-21T06:07:00.988Z] GET /api/sandbox/environment
[2026-02-21T06:07:01.102Z] GET /api/sandbox/osac/sess_35ff684915754d7c/messages
[2026-02-21T06:07:04.651Z] GET /api/task-creation/sessions/9065d819-b996-413e-81a7-0db73249375a
[2026-02-21T06:07:04.652Z] GET /api/task-creation/sessions/9065d819-b996-413e-81a7-0db73249375a/intent
[2026-02-21T06:07:04.652Z] GET /api/task-creation/sessions/9065d819-b996-413e-81a7-0db73249375a/messages
[2026-02-21T06:07:04.653Z] GET /api/task-creation/sessions/9065d819-b996-413e-81a7-0db73249375a/task-description
[2026-02-21T06:07:04.653Z] GET /api/task-creation/sessions/9065d819-b996-413e-81a7-0db73249375a/execution-plan
[2026-02-21T06:07:04.653Z] GET /api/sandbox/environment
[2026-02-21T06:07:04.653Z] GET /api/task-creation/sessions
[2026-02-21T06:07:04.771Z] GET /api/sandbox/osac/sess_35ff684915754d7c/messages
[2026-02-21T06:07:08.662Z] GET /api/task-creation/sessions/9065d819-b996-413e-81a7-0db73249375a/messages
[2026-02-21T06:07:08.662Z] GET /api/task-creation/sessions/9065d819-b996-413e-81a7-0db73249375a
[2026-02-21T06:07:08.663Z] GET /api/task-creation/sessions/9065d819-b996-413e-81a7-0db73249375a/intent
[2026-02-21T06:07:08.663Z] GET /api/task-creation/sessions/9065d819-b996-413e-81a7-0db73249375a/task-description
[2026-02-21T06:07:08.663Z] GET /api/task-creation/sessions/9065d819-b996-413e-81a7-0db73249375a/execution-plan
[2026-02-21T06:07:08.663Z] GET /api/sandbox/environment
[2026-02-21T06:07:08.664Z] GET /api/task-creation/sessions
[2026-02-21T06:07:08.776Z] GET /api/sandbox/osac/sess_35ff684915754d7c/messages
[2026-02-21T06:07:09.009Z] GET /api/task-creation/sessions
[2026-02-21T06:07:12.658Z] GET /api/task-creation/sessions/9065d819-b996-413e-81a7-0db73249375a
[2026-02-21T06:07:12.658Z] GET /api/task-creation/sessions/9065d819-b996-413e-81a7-0db73249375a/messages
[2026-02-21T06:07:12.659Z] GET /api/task-creation/sessions/9065d819-b996-413e-81a7-0db73249375a/intent
[2026-02-21T06:07:12.659Z] GET /api/task-creation/sessions/9065d819-b996-413e-81a7-0db73249375a/task-description
[2026-02-21T06:07:12.659Z] GET /api/task-creation/sessions/9065d819-b996-413e-81a7-0db73249375a/execution-plan
[2026-02-21T06:07:12.660Z] GET /api/task-creation/sessions
[2026-02-21T06:07:12.660Z] GET /api/sandbox/environment
[2026-02-21T06:07:12.778Z] GET /api/sandbox/osac/sess_35ff684915754d7c/messages
[2026-02-21T06:07:16.659Z] GET /api/task-creation/sessions/9065d819-b996-413e-81a7-0db73249375a
[2026-02-21T06:07:16.659Z] GET /api/task-creation/sessions/9065d819-b996-413e-81a7-0db73249375a/intent
[2026-02-21T06:07:16.660Z] GET /api/task-creation/sessions/9065d819-b996-413e-81a7-0db73249375a/task-description
[2026-02-21T06:07:16.660Z] GET /api/task-creation/sessions/9065d819-b996-413e-81a7-0db73249375a/messages
[2026-02-21T06:07:16.660Z] GET /api/task-creation/sessions/9065d819-b996-413e-81a7-0db73249375a/execution-plan
[2026-02-21T06:07:16.661Z] GET /api/sandbox/environment
[2026-02-21T06:07:16.661Z] GET /api/task-creation/sessions
✅ 数据库连接成功
[2026-02-21T06:07:16.796Z] GET /api/sandbox/osac/sess_35ff684915754d7c/messages
[2026-02-21T06:07:20.648Z] GET /api/task-creation/sessions
[2026-02-21T06:07:20.649Z] GET /api/task-creation/sessions/9065d819-b996-413e-81a7-0db73249375a
[2026-02-21T06:07:20.649Z] GET /api/task-creation/sessions/9065d819-b996-413e-81a7-0db73249375a/messages
[2026-02-21T06:07:20.649Z] GET /api/task-creation/sessions/9065d819-b996-413e-81a7-0db73249375a/task-description
[2026-02-21T06:07:20.650Z] GET /api/task-creation/sessions/9065d819-b996-413e-81a7-0db73249375a/intent
[2026-02-21T06:07:20.650Z] GET /api/task-creation/sessions/9065d819-b996-413e-81a7-0db73249375a/execution-plan
[2026-02-21T06:07:20.650Z] GET /api/sandbox/environment
[2026-02-21T06:07:20.765Z] GET /api/sandbox/osac/sess_35ff684915754d7c/messages
[2026-02-21T06:07:24.658Z] GET /api/task-creation/sessions/9065d819-b996-413e-81a7-0db73249375a
[2026-02-21T06:07:24.659Z] GET /api/task-creation/sessions/9065d819-b996-413e-81a7-0db73249375a/messages
[2026-02-21T06:07:24.659Z] GET /api/task-creation/sessions/9065d819-b996-413e-81a7-0db73249375a/intent
[2026-02-21T06:07:24.660Z] GET /api/task-creation/sessions/9065d819-b996-413e-81a7-0db73249375a/execution-plan
[2026-02-21T06:07:24.660Z] GET /api/task-creation/sessions/9065d819-b996-413e-81a7-0db73249375a/task-description
[2026-02-21T06:07:24.660Z] GET /api/sandbox/environment
[2026-02-21T06:07:24.661Z] GET /api/task-creation/sessions
[2026-02-21T06:07:24.774Z] GET /api/sandbox/osac/sess_35ff684915754d7c/messages
[2026-02-21T06:07:28.660Z] GET /api/task-creation/sessions/9065d819-b996-413e-81a7-0db73249375a
[2026-02-21T06:07:28.661Z] GET /api/task-creation/sessions/9065d819-b996-413e-81a7-0db73249375a/messages
[2026-02-21T06:07:28.661Z] GET /api/task-creation/sessions/9065d819-b996-413e-81a7-0db73249375a/intent
[2026-02-21T06:07:28.662Z] GET /api/task-creation/sessions/9065d819-b996-413e-81a7-0db73249375a/task-description
[2026-02-21T06:07:28.662Z] GET /api/task-creation/sessions/9065d819-b996-413e-81a7-0db73249375a/execution-plan
[2026-02-21T06:07:28.662Z] GET /api/sandbox/environment
[2026-02-21T06:07:28.662Z] GET /api/task-creation/sessions
[2026-02-21T06:07:28.778Z] GET /api/sandbox/osac/sess_35ff684915754d7c/messages
[2026-02-21T06:07:32.655Z] GET /api/task-creation/sessions/9065d819-b996-413e-81a7-0db73249375a
[2026-02-21T06:07:32.656Z] GET /api/task-creation/sessions/9065d819-b996-413e-81a7-0db73249375a/messages
[2026-02-21T06:07:32.656Z] GET /api/task-creation/sessions/9065d819-b996-413e-81a7-0db73249375a/intent
[2026-02-21T06:07:32.657Z] GET /api/task-creation/sessions/9065d819-b996-413e-81a7-0db73249375a/task-description
[2026-02-21T06:07:32.657Z] GET /api/task-creation/sessions/9065d819-b996-413e-81a7-0db73249375a/execution-plan
[2026-02-21T06:07:32.657Z] GET /api/sandbox/environment
[2026-02-21T06:07:32.657Z] GET /api/task-creation/sessions
✅ 数据库连接成功
[2026-02-21T06:07:32.799Z] GET /api/sandbox/osac/sess_35ff684915754d7c/messages
[2026-02-21T06:07:36.656Z] GET /api/task-creation/sessions/9065d819-b996-413e-81a7-0db73249375a
[2026-02-21T06:07:36.657Z] GET /api/task-creation/sessions/9065d819-b996-413e-81a7-0db73249375a/messages
[2026-02-21T06:07:36.657Z] GET /api/task-creation/sessions/9065d819-b996-413e-81a7-0db73249375a/task-description
[2026-02-21T06:07:36.657Z] GET /api/task-creation/sessions/9065d819-b996-413e-81a7-0db73249375a/intent
[2026-02-21T06:07:36.658Z] GET /api/task-creation/sessions/9065d819-b996-413e-81a7-0db73249375a/execution-plan
[2026-02-21T06:07:36.658Z] GET /api/sandbox/environment
[2026-02-21T06:07:36.659Z] GET /api/task-creation/sessions
[2026-02-21T06:07:36.773Z] GET /api/sandbox/osac/sess_35ff684915754d7c/messages
[2026-02-21T06:07:40.648Z] GET /api/task-creation/sessions/9065d819-b996-413e-81a7-0db73249375a
[2026-02-21T06:07:40.648Z] GET /api/task-creation/sessions/9065d819-b996-413e-81a7-0db73249375a/messages
[2026-02-21T06:07:40.648Z] GET /api/task-creation/sessions/9065d819-b996-413e-81a7-0db73249375a/intent
[2026-02-21T06:07:40.649Z] GET /api/task-creation/sessions/9065d819-b996-413e-81a7-0db73249375a/task-description
[2026-02-21T06:07:40.649Z] GET /api/task-creation/sessions/9065d819-b996-413e-81a7-0db73249375a/execution-plan
[2026-02-21T06:07:40.649Z] GET /api/sandbox/environment
[2026-02-21T06:07:40.650Z] GET /api/task-creation/sessions
[2026-02-21T06:07:40.766Z] GET /api/sandbox/osac/sess_35ff684915754d7c/messages
[2026-02-21T06:07:44.651Z] GET /api/task-creation/sessions/9065d819-b996-413e-81a7-0db73249375a
[2026-02-21T06:07:44.652Z] GET /api/task-creation/sessions/9065d819-b996-413e-81a7-0db73249375a/messages
[2026-02-21T06:07:44.652Z] GET /api/task-creation/sessions/9065d819-b996-413e-81a7-0db73249375a/intent
[2026-02-21T06:07:44.653Z] GET /api/task-creation/sessions/9065d819-b996-413e-81a7-0db73249375a/task-description
[2026-02-21T06:07:44.653Z] GET /api/sandbox/environment
[2026-02-21T06:07:44.653Z] GET /api/task-creation/sessions/9065d819-b996-413e-81a7-0db73249375a/execution-plan
[2026-02-21T06:07:44.654Z] GET /api/task-creation/sessions
[2026-02-21T06:07:44.777Z] GET /api/sandbox/osac/sess_35ff684915754d7c/messages
[2026-02-21T06:07:48.653Z] GET /api/task-creation/sessions/9065d819-b996-413e-81a7-0db73249375a/messages
[2026-02-21T06:07:48.654Z] GET /api/task-creation/sessions/9065d819-b996-413e-81a7-0db73249375a
[2026-02-21T06:07:48.654Z] GET /api/task-creation/sessions/9065d819-b996-413e-81a7-0db73249375a/intent
[2026-02-21T06:07:48.654Z] GET /api/task-creation/sessions/9065d819-b996-413e-81a7-0db73249375a/task-description
[2026-02-21T06:07:48.655Z] GET /api/task-creation/sessions/9065d819-b996-413e-81a7-0db73249375a/execution-plan
[2026-02-21T06:07:48.655Z] GET /api/sandbox/environment
[2026-02-21T06:07:48.655Z] GET /api/task-creation/sessions
✅ 数据库连接成功
[2026-02-21T06:07:48.809Z] GET /api/sandbox/osac/sess_35ff684915754d7c/messages
[2026-02-21T06:07:52.651Z] GET /api/task-creation/sessions/9065d819-b996-413e-81a7-0db73249375a
[2026-02-21T06:07:52.652Z] GET /api/task-creation/sessions/9065d819-b996-413e-81a7-0db73249375a/messages
[2026-02-21T06:07:52.652Z] GET /api/task-creation/sessions/9065d819-b996-413e-81a7-0db73249375a/intent
[2026-02-21T06:07:52.652Z] GET /api/task-creation/sessions/9065d819-b996-413e-81a7-0db73249375a/task-description
[2026-02-21T06:07:52.653Z] GET /api/task-creation/sessions/9065d819-b996-413e-81a7-0db73249375a/execution-plan
[2026-02-21T06:07:52.653Z] GET /api/sandbox/environment
[2026-02-21T06:07:52.653Z] GET /api/task-creation/sessions
[2026-02-21T06:07:52.776Z] GET /api/sandbox/osac/sess_35ff684915754d7c/messages
[2026-02-21T06:07:56.649Z] GET /api/task-creation/sessions/9065d819-b996-413e-81a7-0db73249375a/messages
[2026-02-21T06:07:56.649Z] GET /api/task-creation/sessions/9065d819-b996-413e-81a7-0db73249375a
[2026-02-21T06:07:56.649Z] GET /api/task-creation/sessions/9065d819-b996-413e-81a7-0db73249375a/intent
[2026-02-21T06:07:56.650Z] GET /api/task-creation/sessions/9065d819-b996-413e-81a7-0db73249375a/task-description
[2026-02-21T06:07:56.650Z] GET /api/task-creation/sessions/9065d819-b996-413e-81a7-0db73249375a/execution-plan
[2026-02-21T06:07:56.650Z] GET /api/sandbox/environment
[2026-02-21T06:07:56.650Z] GET /api/task-creation/sessions
[2026-02-21T06:07:56.764Z] GET /api/sandbox/osac/sess_35ff684915754d7c/messages
[2026-02-21T06:08:00.660Z] GET /api/task-creation/sessions/9065d819-b996-413e-81a7-0db73249375a
[2026-02-21T06:08:00.661Z] GET /api/task-creation/sessions/9065d819-b996-413e-81a7-0db73249375a/intent
[2026-02-21T06:08:00.661Z] GET /api/task-creation/sessions/9065d819-b996-413e-81a7-0db73249375a/task-description
[2026-02-21T06:08:00.661Z] GET /api/task-creation/sessions/9065d819-b996-413e-81a7-0db73249375a/messages
[2026-02-21T06:08:00.662Z] GET /api/task-creation/sessions/9065d819-b996-413e-81a7-0db73249375a/execution-plan
[2026-02-21T06:08:00.662Z] GET /api/task-creation/sessions
[2026-02-21T06:08:00.662Z] GET /api/sandbox/environment
[2026-02-21T06:08:00.777Z] GET /api/sandbox/osac/sess_35ff684915754d7c/messages
[2026-02-21T06:08:04.661Z] GET /api/task-creation/sessions/9065d819-b996-413e-81a7-0db73249375a/messages
[2026-02-21T06:08:04.662Z] GET /api/task-creation/sessions/9065d819-b996-413e-81a7-0db73249375a
[2026-02-21T06:08:04.662Z] GET /api/task-creation/sessions/9065d819-b996-413e-81a7-0db73249375a/task-description
[2026-02-21T06:08:04.662Z] GET /api/task-creation/sessions/9065d819-b996-413e-81a7-0db73249375a/intent
[2026-02-21T06:08:04.663Z] GET /api/task-creation/sessions/9065d819-b996-413e-81a7-0db73249375a/execution-plan
[2026-02-21T06:08:04.663Z] GET /api/sandbox/environment
[2026-02-21T06:08:04.663Z] GET /api/task-creation/sessions
✅ 数据库连接成功
[2026-02-21T06:08:04.799Z] GET /api/sandbox/osac/sess_35ff684915754d7c/messages
[2026-02-21T06:08:08.649Z] GET /api/task-creation/sessions/9065d819-b996-413e-81a7-0db73249375a
[2026-02-21T06:08:08.650Z] GET /api/task-creation/sessions/9065d819-b996-413e-81a7-0db73249375a/intent
[2026-02-21T06:08:08.650Z] GET /api/task-creation/sessions/9065d819-b996-413e-81a7-0db73249375a/messages
[2026-02-21T06:08:08.650Z] GET /api/task-creation/sessions/9065d819-b996-413e-81a7-0db73249375a/task-description
[2026-02-21T06:08:08.650Z] GET /api/task-creation/sessions/9065d819-b996-413e-81a7-0db73249375a/execution-plan
[2026-02-21T06:08:08.651Z] GET /api/sandbox/environment
[2026-02-21T06:08:08.651Z] GET /api/task-creation/sessions
[2026-02-21T06:08:08.769Z] GET /api/sandbox/osac/sess_35ff684915754d7c/messages
[2026-02-21T06:08:08.997Z] GET /api/task-creation/sessions
[2026-02-21T06:08:12.661Z] GET /api/task-creation/sessions/9065d819-b996-413e-81a7-0db73249375a
[2026-02-21T06:08:12.662Z] GET /api/task-creation/sessions/9065d819-b996-413e-81a7-0db73249375a/messages
[2026-02-21T06:08:12.662Z] GET /api/task-creation/sessions/9065d819-b996-413e-81a7-0db73249375a/intent
[2026-02-21T06:08:12.662Z] GET /api/task-creation/sessions/9065d819-b996-413e-81a7-0db73249375a/execution-plan
[2026-02-21T06:08:12.663Z] GET /api/task-creation/sessions/9065d819-b996-413e-81a7-0db73249375a/task-description
[2026-02-21T06:08:12.663Z] GET /api/sandbox/environment
[2026-02-21T06:08:12.663Z] GET /api/task-creation/sessions
[2026-02-21T06:08:12.778Z] GET /api/sandbox/osac/sess_35ff684915754d7c/messages
[2026-02-21T06:08:16.648Z] GET /api/task-creation/sessions/9065d819-b996-413e-81a7-0db73249375a
[2026-02-21T06:08:16.648Z] GET /api/task-creation/sessions/9065d819-b996-413e-81a7-0db73249375a/messages
[2026-02-21T06:08:16.649Z] GET /api/task-creation/sessions/9065d819-b996-413e-81a7-0db73249375a/task-description
[2026-02-21T06:08:16.649Z] GET /api/task-creation/sessions/9065d819-b996-413e-81a7-0db73249375a/intent
[2026-02-21T06:08:16.649Z] GET /api/sandbox/environment
[2026-02-21T06:08:16.650Z] GET /api/task-creation/sessions/9065d819-b996-413e-81a7-0db73249375a/execution-plan
[2026-02-21T06:08:16.650Z] GET /api/task-creation/sessions
[2026-02-21T06:08:16.772Z] GET /api/sandbox/osac/sess_35ff684915754d7c/messages
[2026-02-21T06:08:20.651Z] GET /api/task-creation/sessions/9065d819-b996-413e-81a7-0db73249375a
[2026-02-21T06:08:20.652Z] GET /api/task-creation/sessions/9065d819-b996-413e-81a7-0db73249375a/messages
[2026-02-21T06:08:20.652Z] GET /api/task-creation/sessions/9065d819-b996-413e-81a7-0db73249375a/task-description
[2026-02-21T06:08:20.652Z] GET /api/task-creation/sessions/9065d819-b996-413e-81a7-0db73249375a/intent
[2026-02-21T06:08:20.652Z] GET /api/task-creation/sessions/9065d819-b996-413e-81a7-0db73249375a/execution-plan
[2026-02-21T06:08:20.653Z] GET /api/sandbox/environment
[2026-02-21T06:08:20.653Z] GET /api/task-creation/sessions
✅ 数据库连接成功
[2026-02-21T06:08:20.790Z] GET /api/sandbox/osac/sess_35ff684915754d7c/messages
[2026-02-21T06:08:24.653Z] GET /api/task-creation/sessions/9065d819-b996-413e-81a7-0db73249375a
[2026-02-21T06:08:24.653Z] GET /api/task-creation/sessions/9065d819-b996-413e-81a7-0db73249375a/messages
[2026-02-21T06:08:24.654Z] GET /api/task-creation/sessions/9065d819-b996-413e-81a7-0db73249375a/intent
[2026-02-21T06:08:24.654Z] GET /api/task-creation/sessions/9065d819-b996-413e-81a7-0db73249375a/task-description
[2026-02-21T06:08:24.654Z] GET /api/task-creation/sessions/9065d819-b996-413e-81a7-0db73249375a/execution-plan
[2026-02-21T06:08:24.655Z] GET /api/task-creation/sessions
[2026-02-21T06:08:24.655Z] GET /api/sandbox/environment
[2026-02-21T06:08:24.770Z] GET /api/sandbox/osac/sess_35ff684915754d7c/messages
[2026-02-21T06:08:28.649Z] GET /api/task-creation/sessions/9065d819-b996-413e-81a7-0db73249375a/messages
[2026-02-21T06:08:28.649Z] GET /api/task-creation/sessions/9065d819-b996-413e-81a7-0db73249375a
[2026-02-21T06:08:28.649Z] GET /api/task-creation/sessions/9065d819-b996-413e-81a7-0db73249375a/intent
[2026-02-21T06:08:28.650Z] GET /api/task-creation/sessions/9065d819-b996-413e-81a7-0db73249375a/task-description
[2026-02-21T06:08:28.650Z] GET /api/task-creation/sessions/9065d819-b996-413e-81a7-0db73249375a/execution-plan
[2026-02-21T06:08:28.650Z] GET /api/sandbox/environment
[2026-02-21T06:08:28.650Z] GET /api/task-creation/sessions
[2026-02-21T06:08:28.765Z] GET /api/sandbox/osac/sess_35ff684915754d7c/messages
[2026-02-21T06:08:32.651Z] GET /api/task-creation/sessions/9065d819-b996-413e-81a7-0db73249375a
[2026-02-21T06:08:32.652Z] GET /api/task-creation/sessions/9065d819-b996-413e-81a7-0db73249375a/intent
[2026-02-21T06:08:32.652Z] GET /api/task-creation/sessions/9065d819-b996-413e-81a7-0db73249375a/messages
[2026-02-21T06:08:32.653Z] GET /api/task-creation/sessions/9065d819-b996-413e-81a7-0db73249375a/task-description
[2026-02-21T06:08:32.653Z] GET /api/task-creation/sessions/9065d819-b996-413e-81a7-0db73249375a/execution-plan
[2026-02-21T06:08:32.653Z] GET /api/sandbox/environment
[2026-02-21T06:08:32.654Z] GET /api/task-creation/sessions
[2026-02-21T06:08:32.767Z] GET /api/sandbox/osac/sess_35ff684915754d7c/messages
[2026-02-21T06:08:36.651Z] GET /api/task-creation/sessions/9065d819-b996-413e-81a7-0db73249375a/messages
[2026-02-21T06:08:36.651Z] GET /api/task-creation/sessions/9065d819-b996-413e-81a7-0db73249375a
[2026-02-21T06:08:36.652Z] GET /api/task-creation/sessions/9065d819-b996-413e-81a7-0db73249375a/intent
[2026-02-21T06:08:36.652Z] GET /api/task-creation/sessions/9065d819-b996-413e-81a7-0db73249375a/task-description
[2026-02-21T06:08:36.652Z] GET /api/task-creation/sessions/9065d819-b996-413e-81a7-0db73249375a/execution-plan
[2026-02-21T06:08:36.652Z] GET /api/sandbox/environment
[2026-02-21T06:08:36.653Z] GET /api/task-creation/sessions
✅ 数据库连接成功
[2026-02-21T06:08:36.792Z] GET /api/sandbox/osac/sess_35ff684915754d7c/messages
[2026-02-21T06:08:40.647Z] GET /api/task-creation/sessions/9065d819-b996-413e-81a7-0db73249375a
[2026-02-21T06:08:40.648Z] GET /api/task-creation/sessions/9065d819-b996-413e-81a7-0db73249375a/messages
[2026-02-21T06:08:40.648Z] GET /api/task-creation/sessions/9065d819-b996-413e-81a7-0db73249375a/task-description
[2026-02-21T06:08:40.648Z] GET /api/task-creation/sessions/9065d819-b996-413e-81a7-0db73249375a/intent
[2026-02-21T06:08:40.649Z] GET /api/task-creation/sessions/9065d819-b996-413e-81a7-0db73249375a/execution-plan
[2026-02-21T06:08:40.649Z] GET /api/sandbox/environment
[2026-02-21T06:08:40.649Z] GET /api/task-creation/sessions
[2026-02-21T06:08:40.763Z] GET /api/sandbox/osac/sess_35ff684915754d7c/messages
[2026-02-21T06:08:44.650Z] GET /api/task-creation/sessions/9065d819-b996-413e-81a7-0db73249375a
[2026-02-21T06:08:44.650Z] GET /api/task-creation/sessions/9065d819-b996-413e-81a7-0db73249375a/messages
[2026-02-21T06:08:44.650Z] GET /api/task-creation/sessions/9065d819-b996-413e-81a7-0db73249375a/intent
[2026-02-21T06:08:44.651Z] GET /api/task-creation/sessions/9065d819-b996-413e-81a7-0db73249375a/execution-plan
[2026-02-21T06:08:44.651Z] GET /api/task-creation/sessions/9065d819-b996-413e-81a7-0db73249375a/task-description
[2026-02-21T06:08:44.651Z] GET /api/sandbox/environment
[2026-02-21T06:08:44.652Z] GET /api/task-creation/sessions
[2026-02-21T06:08:44.765Z] GET /api/sandbox/osac/sess_35ff684915754d7c/messages
[2026-02-21T06:08:48.648Z] GET /api/task-creation/sessions/9065d819-b996-413e-81a7-0db73249375a
[2026-02-21T06:08:48.648Z] GET /api/task-creation/sessions/9065d819-b996-413e-81a7-0db73249375a/messages
[2026-02-21T06:08:48.648Z] GET /api/task-creation/sessions/9065d819-b996-413e-81a7-0db73249375a/intent
[2026-02-21T06:08:48.649Z] GET /api/task-creation/sessions/9065d819-b996-413e-81a7-0db73249375a/task-description
[2026-02-21T06:08:48.649Z] GET /api/task-creation/sessions/9065d819-b996-413e-81a7-0db73249375a/execution-plan
[2026-02-21T06:08:48.649Z] GET /api/sandbox/environment
[2026-02-21T06:08:48.650Z] GET /api/task-creation/sessions
[2026-02-21T06:08:48.768Z] GET /api/sandbox/osac/sess_35ff684915754d7c/messages
[2026-02-21T06:08:52.662Z] GET /api/task-creation/sessions/9065d819-b996-413e-81a7-0db73249375a/messages
[2026-02-21T06:08:52.662Z] GET /api/task-creation/sessions/9065d819-b996-413e-81a7-0db73249375a
[2026-02-21T06:08:52.663Z] GET /api/task-creation/sessions/9065d819-b996-413e-81a7-0db73249375a/intent
[2026-02-21T06:08:52.663Z] GET /api/task-creation/sessions/9065d819-b996-413e-81a7-0db73249375a/task-description
[2026-02-21T06:08:52.663Z] GET /api/task-creation/sessions/9065d819-b996-413e-81a7-0db73249375a/execution-plan
[2026-02-21T06:08:52.663Z] GET /api/sandbox/environment
[2026-02-21T06:08:52.664Z] GET /api/task-creation/sessions
✅ 数据库连接成功
[2026-02-21T06:08:52.800Z] GET /api/sandbox/osac/sess_35ff684915754d7c/messages
[2026-02-21T06:08:56.648Z] GET /api/task-creation/sessions/9065d819-b996-413e-81a7-0db73249375a
[2026-02-21T06:08:56.649Z] GET /api/task-creation/sessions/9065d819-b996-413e-81a7-0db73249375a/messages
[2026-02-21T06:08:56.649Z] GET /api/task-creation/sessions/9065d819-b996-413e-81a7-0db73249375a/intent
[2026-02-21T06:08:56.649Z] GET /api/task-creation/sessions/9065d819-b996-413e-81a7-0db73249375a/execution-plan
[2026-02-21T06:08:56.650Z] GET /api/task-creation/sessions/9065d819-b996-413e-81a7-0db73249375a/task-description
[2026-02-21T06:08:56.650Z] GET /api/sandbox/environment
[2026-02-21T06:08:56.650Z] GET /api/task-creation/sessions
[2026-02-21T06:08:56.764Z] GET /api/sandbox/osac/sess_35ff684915754d7c/messages
[2026-02-21T06:09:00.657Z] GET /api/task-creation/sessions/9065d819-b996-413e-81a7-0db73249375a
[2026-02-21T06:09:00.658Z] GET /api/task-creation/sessions/9065d819-b996-413e-81a7-0db73249375a/messages
[2026-02-21T06:09:00.658Z] GET /api/task-creation/sessions/9065d819-b996-413e-81a7-0db73249375a/intent
[2026-02-21T06:09:00.658Z] GET /api/task-creation/sessions/9065d819-b996-413e-81a7-0db73249375a/task-description
[2026-02-21T06:09:00.658Z] GET /api/task-creation/sessions/9065d819-b996-413e-81a7-0db73249375a/execution-plan
[2026-02-21T06:09:00.659Z] GET /api/sandbox/environment
[2026-02-21T06:09:00.659Z] GET /api/task-creation/sessions
[2026-02-21T06:09:00.774Z] GET /api/sandbox/osac/sess_35ff684915754d7c/messages
[2026-02-21T06:09:04.657Z] GET /api/task-creation/sessions/9065d819-b996-413e-81a7-0db73249375a/messages
[2026-02-21T06:09:04.658Z] GET /api/task-creation/sessions/9065d819-b996-413e-81a7-0db73249375a
[2026-02-21T06:09:04.658Z] GET /api/task-creation/sessions/9065d819-b996-413e-81a7-0db73249375a/intent
[2026-02-21T06:09:04.659Z] GET /api/task-creation/sessions/9065d819-b996-413e-81a7-0db73249375a/task-description
[2026-02-21T06:09:04.659Z] GET /api/task-creation/sessions/9065d819-b996-413e-81a7-0db73249375a/execution-plan
[2026-02-21T06:09:04.659Z] GET /api/sandbox/environment
[2026-02-21T06:09:04.660Z] GET /api/task-creation/sessions
[2026-02-21T06:09:04.775Z] GET /api/sandbox/osac/sess_35ff684915754d7c/messages
[2026-02-21T06:09:08.651Z] GET /api/task-creation/sessions/9065d819-b996-413e-81a7-0db73249375a/messages
[2026-02-21T06:09:08.651Z] GET /api/task-creation/sessions/9065d819-b996-413e-81a7-0db73249375a
[2026-02-21T06:09:08.651Z] GET /api/task-creation/sessions/9065d819-b996-413e-81a7-0db73249375a/intent
[2026-02-21T06:09:08.652Z] GET /api/task-creation/sessions/9065d819-b996-413e-81a7-0db73249375a/task-description
[2026-02-21T06:09:08.652Z] GET /api/task-creation/sessions/9065d819-b996-413e-81a7-0db73249375a/execution-plan
[2026-02-21T06:09:08.652Z] GET /api/sandbox/environment
[2026-02-21T06:09:08.652Z] GET /api/task-creation/sessions
✅ 数据库连接成功
[2026-02-21T06:09:08.787Z] GET /api/sandbox/osac/sess_35ff684915754d7c/messages
[2026-02-21T06:09:08.997Z] GET /api/task-creation/sessions
[2026-02-21T06:09:12.650Z] GET /api/task-creation/sessions/9065d819-b996-413e-81a7-0db73249375a
[2026-02-21T06:09:12.651Z] GET /api/task-creation/sessions/9065d819-b996-413e-81a7-0db73249375a/intent
[2026-02-21T06:09:12.651Z] GET /api/task-creation/sessions/9065d819-b996-413e-81a7-0db73249375a/messages
[2026-02-21T06:09:12.651Z] GET /api/task-creation/sessions/9065d819-b996-413e-81a7-0db73249375a/task-description
[2026-02-21T06:09:12.652Z] GET /api/task-creation/sessions/9065d819-b996-413e-81a7-0db73249375a/execution-plan
[2026-02-21T06:09:12.652Z] GET /api/sandbox/environment
[2026-02-21T06:09:12.652Z] GET /api/task-creation/sessions
[2026-02-21T06:09:12.767Z] GET /api/sandbox/osac/sess_35ff684915754d7c/messages
[2026-02-21T06:09:16.651Z] GET /api/task-creation/sessions/9065d819-b996-413e-81a7-0db73249375a/messages
[2026-02-21T06:09:16.652Z] GET /api/task-creation/sessions/9065d819-b996-413e-81a7-0db73249375a
[2026-02-21T06:09:16.652Z] GET /api/task-creation/sessions/9065d819-b996-413e-81a7-0db73249375a/intent
[2026-02-21T06:09:16.652Z] GET /api/task-creation/sessions/9065d819-b996-413e-81a7-0db73249375a/task-description
[2026-02-21T06:09:16.653Z] GET /api/task-creation/sessions/9065d819-b996-413e-81a7-0db73249375a/execution-plan
[2026-02-21T06:09:16.653Z] GET /api/sandbox/environment
[2026-02-21T06:09:16.654Z] GET /api/task-creation/sessions
[2026-02-21T06:09:16.768Z] GET /api/sandbox/osac/sess_35ff684915754d7c/messages
[2026-02-21T06:09:20.649Z] GET /api/task-creation/sessions/9065d819-b996-413e-81a7-0db73249375a
[2026-02-21T06:09:20.649Z] GET /api/task-creation/sessions/9065d819-b996-413e-81a7-0db73249375a/intent
[2026-02-21T06:09:20.650Z] GET /api/task-creation/sessions/9065d819-b996-413e-81a7-0db73249375a/messages
[2026-02-21T06:09:20.650Z] GET /api/task-creation/sessions/9065d819-b996-413e-81a7-0db73249375a/task-description
[2026-02-21T06:09:20.650Z] GET /api/task-creation/sessions/9065d819-b996-413e-81a7-0db73249375a/execution-plan
[2026-02-21T06:09:20.650Z] GET /api/sandbox/environment
[2026-02-21T06:09:20.651Z] GET /api/task-creation/sessions
[2026-02-21T06:09:20.765Z] GET /api/sandbox/osac/sess_35ff684915754d7c/messages
[2026-02-21T06:09:24.658Z] GET /api/task-creation/sessions/9065d819-b996-413e-81a7-0db73249375a
[2026-02-21T06:09:24.658Z] GET /api/task-creation/sessions/9065d819-b996-413e-81a7-0db73249375a/messages
[2026-02-21T06:09:24.658Z] GET /api/task-creation/sessions/9065d819-b996-413e-81a7-0db73249375a/intent
[2026-02-21T06:09:24.659Z] GET /api/task-creation/sessions/9065d819-b996-413e-81a7-0db73249375a/task-description
[2026-02-21T06:09:24.659Z] GET /api/sandbox/environment
[2026-02-21T06:09:24.659Z] GET /api/task-creation/sessions/9065d819-b996-413e-81a7-0db73249375a/execution-plan
[2026-02-21T06:09:24.659Z] GET /api/task-creation/sessions
✅ 数据库连接成功
[2026-02-21T06:09:24.801Z] GET /api/sandbox/osac/sess_35ff684915754d7c/messages
[2026-02-21T06:09:28.648Z] GET /api/task-creation/sessions/9065d819-b996-413e-81a7-0db73249375a/messages
[2026-02-21T06:09:28.649Z] GET /api/task-creation/sessions/9065d819-b996-413e-81a7-0db73249375a
[2026-02-21T06:09:28.649Z] GET /api/task-creation/sessions/9065d819-b996-413e-81a7-0db73249375a/intent
[2026-02-21T06:09:28.650Z] GET /api/task-creation/sessions/9065d819-b996-413e-81a7-0db73249375a/task-description
[2026-02-21T06:09:28.650Z] GET /api/task-creation/sessions/9065d819-b996-413e-81a7-0db73249375a/execution-plan
[2026-02-21T06:09:28.650Z] GET /api/sandbox/environment
[2026-02-21T06:09:28.651Z] GET /api/task-creation/sessions
[2026-02-21T06:09:28.764Z] GET /api/sandbox/osac/sess_35ff684915754d7c/messages
[2026-02-21T06:09:32.655Z] GET /api/task-creation/sessions/9065d819-b996-413e-81a7-0db73249375a
[2026-02-21T06:09:32.656Z] GET /api/task-creation/sessions/9065d819-b996-413e-81a7-0db73249375a/messages
[2026-02-21T06:09:32.656Z] GET /api/task-creation/sessions/9065d819-b996-413e-81a7-0db73249375a/intent
[2026-02-21T06:09:32.656Z] GET /api/task-creation/sessions/9065d819-b996-413e-81a7-0db73249375a/task-description
[2026-02-21T06:09:32.657Z] GET /api/task-creation/sessions/9065d819-b996-413e-81a7-0db73249375a/execution-plan
[2026-02-21T06:09:32.657Z] GET /api/sandbox/environment
[2026-02-21T06:09:32.657Z] GET /api/task-creation/sessions
[2026-02-21T06:09:32.769Z] GET /api/sandbox/osac/sess_35ff684915754d7c/messages
[2026-02-21T06:09:36.657Z] GET /api/task-creation/sessions/9065d819-b996-413e-81a7-0db73249375a
[2026-02-21T06:09:36.657Z] GET /api/task-creation/sessions/9065d819-b996-413e-81a7-0db73249375a/intent
[2026-02-21T06:09:36.658Z] GET /api/task-creation/sessions/9065d819-b996-413e-81a7-0db73249375a/messages
[2026-02-21T06:09:36.658Z] GET /api/task-creation/sessions/9065d819-b996-413e-81a7-0db73249375a/task-description
[2026-02-21T06:09:36.658Z] GET /api/sandbox/environment
[2026-02-21T06:09:36.659Z] GET /api/task-creation/sessions/9065d819-b996-413e-81a7-0db73249375a/execution-plan
[2026-02-21T06:09:36.659Z] GET /api/task-creation/sessions
[2026-02-21T06:09:36.779Z] GET /api/sandbox/osac/sess_35ff684915754d7c/messages
[2026-02-21T06:09:40.656Z] GET /api/task-creation/sessions/9065d819-b996-413e-81a7-0db73249375a
[2026-02-21T06:09:40.657Z] GET /api/task-creation/sessions/9065d819-b996-413e-81a7-0db73249375a/messages
[2026-02-21T06:09:40.657Z] GET /api/task-creation/sessions/9065d819-b996-413e-81a7-0db73249375a/intent
[2026-02-21T06:09:40.657Z] GET /api/task-creation/sessions/9065d819-b996-413e-81a7-0db73249375a/task-description
[2026-02-21T06:09:40.657Z] GET /api/task-creation/sessions/9065d819-b996-413e-81a7-0db73249375a/execution-plan
[2026-02-21T06:09:40.658Z] GET /api/sandbox/environment
[2026-02-21T06:09:40.658Z] GET /api/task-creation/sessions
✅ 数据库连接成功
[2026-02-21T06:09:40.793Z] GET /api/sandbox/osac/sess_35ff684915754d7c/messages
[2026-02-21T06:09:44.654Z] GET /api/task-creation/sessions/9065d819-b996-413e-81a7-0db73249375a
[2026-02-21T06:09:44.655Z] GET /api/task-creation/sessions/9065d819-b996-413e-81a7-0db73249375a/messages
[2026-02-21T06:09:44.655Z] GET /api/task-creation/sessions/9065d819-b996-413e-81a7-0db73249375a/intent
[2026-02-21T06:09:44.655Z] GET /api/task-creation/sessions/9065d819-b996-413e-81a7-0db73249375a/execution-plan
[2026-02-21T06:09:44.656Z] GET /api/task-creation/sessions/9065d819-b996-413e-81a7-0db73249375a/task-description
[2026-02-21T06:09:44.656Z] GET /api/task-creation/sessions
[2026-02-21T06:09:44.656Z] GET /api/sandbox/environment
[2026-02-21T06:09:44.770Z] GET /api/sandbox/osac/sess_35ff684915754d7c/messages
[2026-02-21T06:09:48.650Z] GET /api/task-creation/sessions/9065d819-b996-413e-81a7-0db73249375a/messages
[2026-02-21T06:09:48.651Z] GET /api/task-creation/sessions/9065d819-b996-413e-81a7-0db73249375a
[2026-02-21T06:09:48.651Z] GET /api/task-creation/sessions/9065d819-b996-413e-81a7-0db73249375a/intent
[2026-02-21T06:09:48.652Z] GET /api/task-creation/sessions/9065d819-b996-413e-81a7-0db73249375a/task-description
[2026-02-21T06:09:48.652Z] GET /api/sandbox/environment
[2026-02-21T06:09:48.652Z] GET /api/task-creation/sessions/9065d819-b996-413e-81a7-0db73249375a/execution-plan
[2026-02-21T06:09:48.652Z] GET /api/task-creation/sessions
[2026-02-21T06:09:48.771Z] GET /api/sandbox/osac/sess_35ff684915754d7c/messages
[2026-02-21T06:09:52.661Z] GET /api/task-creation/sessions/9065d819-b996-413e-81a7-0db73249375a
[2026-02-21T06:09:52.661Z] GET /api/task-creation/sessions/9065d819-b996-413e-81a7-0db73249375a/messages
[2026-02-21T06:09:52.662Z] GET /api/task-creation/sessions/9065d819-b996-413e-81a7-0db73249375a/intent
[2026-02-21T06:09:52.662Z] GET /api/task-creation/sessions/9065d819-b996-413e-81a7-0db73249375a/task-description
[2026-02-21T06:09:52.662Z] GET /api/task-creation/sessions/9065d819-b996-413e-81a7-0db73249375a/execution-plan
[2026-02-21T06:09:52.663Z] GET /api/sandbox/environment
[2026-02-21T06:09:52.663Z] GET /api/task-creation/sessions
[2026-02-21T06:09:52.785Z] GET /api/sandbox/osac/sess_35ff684915754d7c/messages
[2026-02-21T06:09:56.652Z] GET /api/task-creation/sessions/9065d819-b996-413e-81a7-0db73249375a/messages
[2026-02-21T06:09:56.652Z] GET /api/task-creation/sessions/9065d819-b996-413e-81a7-0db73249375a
[2026-02-21T06:09:56.653Z] GET /api/task-creation/sessions/9065d819-b996-413e-81a7-0db73249375a/intent
[2026-02-21T06:09:56.653Z] GET /api/task-creation/sessions/9065d819-b996-413e-81a7-0db73249375a/task-description
[2026-02-21T06:09:56.653Z] GET /api/task-creation/sessions/9065d819-b996-413e-81a7-0db73249375a/execution-plan
[2026-02-21T06:09:56.653Z] GET /api/sandbox/environment
[2026-02-21T06:09:56.654Z] GET /api/task-creation/sessions
✅ 数据库连接成功
[2026-02-21T06:09:56.802Z] GET /api/sandbox/osac/sess_35ff684915754d7c/messages
[2026-02-21T06:10:00.648Z] GET /api/task-creation/sessions/9065d819-b996-413e-81a7-0db73249375a
[2026-02-21T06:10:00.649Z] GET /api/task-creation/sessions/9065d819-b996-413e-81a7-0db73249375a/messages
[2026-02-21T06:10:00.649Z] GET /api/task-creation/sessions/9065d819-b996-413e-81a7-0db73249375a/intent
[2026-02-21T06:10:00.650Z] GET /api/task-creation/sessions/9065d819-b996-413e-81a7-0db73249375a/task-description
[2026-02-21T06:10:00.650Z] GET /api/task-creation/sessions/9065d819-b996-413e-81a7-0db73249375a/execution-plan
[2026-02-21T06:10:00.650Z] GET /api/sandbox/environment
[2026-02-21T06:10:00.651Z] GET /api/task-creation/sessions
[2026-02-21T06:10:00.762Z] GET /api/sandbox/osac/sess_35ff684915754d7c/messages
[2026-02-21T06:10:04.649Z] GET /api/task-creation/sessions/9065d819-b996-413e-81a7-0db73249375a
[2026-02-21T06:10:04.649Z] GET /api/task-creation/sessions/9065d819-b996-413e-81a7-0db73249375a/messages
[2026-02-21T06:10:04.649Z] GET /api/task-creation/sessions/9065d819-b996-413e-81a7-0db73249375a/task-description
[2026-02-21T06:10:04.650Z] GET /api/task-creation/sessions/9065d819-b996-413e-81a7-0db73249375a/intent
[2026-02-21T06:10:04.650Z] GET /api/task-creation/sessions/9065d819-b996-413e-81a7-0db73249375a/execution-plan
[2026-02-21T06:10:04.650Z] GET /api/sandbox/environment
[2026-02-21T06:10:04.651Z] GET /api/task-creation/sessions
[2026-02-21T06:10:04.766Z] GET /api/sandbox/osac/sess_35ff684915754d7c/messages
[2026-02-21T06:10:08.659Z] GET /api/task-creation/sessions/9065d819-b996-413e-81a7-0db73249375a
[2026-02-21T06:10:08.660Z] GET /api/task-creation/sessions/9065d819-b996-413e-81a7-0db73249375a/messages
[2026-02-21T06:10:08.660Z] GET /api/task-creation/sessions/9065d819-b996-413e-81a7-0db73249375a/intent
[2026-02-21T06:10:08.660Z] GET /api/task-creation/sessions/9065d819-b996-413e-81a7-0db73249375a/task-description
[2026-02-21T06:10:08.661Z] GET /api/task-creation/sessions/9065d819-b996-413e-81a7-0db73249375a/execution-plan
[2026-02-21T06:10:08.661Z] GET /api/sandbox/environment
[2026-02-21T06:10:08.662Z] GET /api/task-creation/sessions
[2026-02-21T06:10:08.774Z] GET /api/sandbox/osac/sess_35ff684915754d7c/messages
[2026-02-21T06:10:12.652Z] GET /api/task-creation/sessions/9065d819-b996-413e-81a7-0db73249375a
[2026-02-21T06:10:12.653Z] GET /api/task-creation/sessions/9065d819-b996-413e-81a7-0db73249375a/messages
[2026-02-21T06:10:12.653Z] GET /api/task-creation/sessions/9065d819-b996-413e-81a7-0db73249375a/intent
[2026-02-21T06:10:12.653Z] GET /api/task-creation/sessions/9065d819-b996-413e-81a7-0db73249375a/task-description
[2026-02-21T06:10:12.654Z] GET /api/task-creation/sessions/9065d819-b996-413e-81a7-0db73249375a/execution-plan
[2026-02-21T06:10:12.654Z] GET /api/sandbox/environment
[2026-02-21T06:10:12.654Z] GET /api/task-creation/sessions
✅ 数据库连接成功
[2026-02-21T06:10:12.791Z] GET /api/sandbox/osac/sess_35ff684915754d7c/messages
[2026-02-21T06:10:16.647Z] GET /api/task-creation/sessions/9065d819-b996-413e-81a7-0db73249375a
[2026-02-21T06:10:16.648Z] GET /api/task-creation/sessions/9065d819-b996-413e-81a7-0db73249375a/intent
[2026-02-21T06:10:16.649Z] GET /api/task-creation/sessions/9065d819-b996-413e-81a7-0db73249375a/messages
[2026-02-21T06:10:16.649Z] GET /api/task-creation/sessions/9065d819-b996-413e-81a7-0db73249375a/task-description
[2026-02-21T06:10:16.649Z] GET /api/task-creation/sessions/9065d819-b996-413e-81a7-0db73249375a/execution-plan
[2026-02-21T06:10:16.649Z] GET /api/sandbox/environment
[2026-02-21T06:10:16.649Z] GET /api/task-creation/sessions
[2026-02-21T06:10:16.762Z] GET /api/sandbox/osac/sess_35ff684915754d7c/messages
[2026-02-21T06:10:20.651Z] GET /api/task-creation/sessions/9065d819-b996-413e-81a7-0db73249375a
[2026-02-21T06:10:20.651Z] GET /api/task-creation/sessions/9065d819-b996-413e-81a7-0db73249375a/messages
[2026-02-21T06:10:20.652Z] GET /api/task-creation/sessions/9065d819-b996-413e-81a7-0db73249375a/intent
[2026-02-21T06:10:20.652Z] GET /api/task-creation/sessions/9065d819-b996-413e-81a7-0db73249375a/task-description
[2026-02-21T06:10:20.652Z] GET /api/task-creation/sessions/9065d819-b996-413e-81a7-0db73249375a/execution-plan
[2026-02-21T06:10:20.652Z] GET /api/sandbox/environment
[2026-02-21T06:10:20.653Z] GET /api/task-creation/sessions
[2026-02-21T06:10:20.771Z] GET /api/sandbox/osac/sess_35ff684915754d7c/messages
[2026-02-21T06:10:24.651Z] GET /api/task-creation/sessions/9065d819-b996-413e-81a7-0db73249375a
[2026-02-21T06:10:24.652Z] GET /api/task-creation/sessions/9065d819-b996-413e-81a7-0db73249375a/messages
[2026-02-21T06:10:24.652Z] GET /api/task-creation/sessions/9065d819-b996-413e-81a7-0db73249375a/task-description
[2026-02-21T06:10:24.652Z] GET /api/task-creation/sessions/9065d819-b996-413e-81a7-0db73249375a/intent
[2026-02-21T06:10:24.653Z] GET /api/task-creation/sessions/9065d819-b996-413e-81a7-0db73249375a/execution-plan
[2026-02-21T06:10:24.653Z] GET /api/sandbox/environment
[2026-02-21T06:10:24.653Z] GET /api/task-creation/sessions
[2026-02-21T06:10:24.765Z] GET /api/sandbox/osac/sess_35ff684915754d7c/messages
[2026-02-21T06:10:28.652Z] GET /api/task-creation/sessions/9065d819-b996-413e-81a7-0db73249375a
[2026-02-21T06:10:28.653Z] GET /api/task-creation/sessions/9065d819-b996-413e-81a7-0db73249375a/messages
[2026-02-21T06:10:28.653Z] GET /api/task-creation/sessions/9065d819-b996-413e-81a7-0db73249375a/intent
[2026-02-21T06:10:28.653Z] GET /api/task-creation/sessions/9065d819-b996-413e-81a7-0db73249375a/task-description
[2026-02-21T06:10:28.654Z] GET /api/task-creation/sessions/9065d819-b996-413e-81a7-0db73249375a/execution-plan
[2026-02-21T06:10:28.654Z] GET /api/sandbox/environment
[2026-02-21T06:10:28.654Z] GET /api/task-creation/sessions
✅ 数据库连接成功
[2026-02-21T06:10:28.806Z] GET /api/sandbox/osac/sess_35ff684915754d7c/messages
[2026-02-21T06:10:32.647Z] GET /api/task-creation/sessions/9065d819-b996-413e-81a7-0db73249375a
[2026-02-21T06:10:32.648Z] GET /api/task-creation/sessions/9065d819-b996-413e-81a7-0db73249375a/messages
[2026-02-21T06:10:32.648Z] GET /api/task-creation/sessions/9065d819-b996-413e-81a7-0db73249375a/intent
[2026-02-21T06:10:32.649Z] GET /api/task-creation/sessions/9065d819-b996-413e-81a7-0db73249375a/task-description
[2026-02-21T06:10:32.649Z] GET /api/task-creation/sessions/9065d819-b996-413e-81a7-0db73249375a/execution-plan
[2026-02-21T06:10:32.649Z] GET /api/sandbox/environment
[2026-02-21T06:10:32.650Z] GET /api/task-creation/sessions
[2026-02-21T06:10:32.763Z] GET /api/sandbox/osac/sess_35ff684915754d7c/messages
[2026-02-21T06:10:36.665Z] GET /api/task-creation/sessions/9065d819-b996-413e-81a7-0db73249375a
[2026-02-21T06:10:36.665Z] GET /api/task-creation/sessions/9065d819-b996-413e-81a7-0db73249375a/messages
[2026-02-21T06:10:36.666Z] GET /api/task-creation/sessions/9065d819-b996-413e-81a7-0db73249375a/intent
[2026-02-21T06:10:36.666Z] GET /api/task-creation/sessions/9065d819-b996-413e-81a7-0db73249375a/task-description
[2026-02-21T06:10:36.666Z] GET /api/task-creation/sessions/9065d819-b996-413e-81a7-0db73249375a/execution-plan
[2026-02-21T06:10:36.667Z] GET /api/task-creation/sessions
[2026-02-21T06:10:36.667Z] GET /api/sandbox/environment
[2026-02-21T06:10:36.788Z] GET /api/sandbox/osac/sess_35ff684915754d7c/messages
[2026-02-21T06:10:40.661Z] GET /api/task-creation/sessions/9065d819-b996-413e-81a7-0db73249375a
[2026-02-21T06:10:40.662Z] GET /api/task-creation/sessions/9065d819-b996-413e-81a7-0db73249375a/messages
[2026-02-21T06:10:40.662Z] GET /api/task-creation/sessions/9065d819-b996-413e-81a7-0db73249375a/intent
[2026-02-21T06:10:40.662Z] GET /api/task-creation/sessions/9065d819-b996-413e-81a7-0db73249375a/task-description
[2026-02-21T06:10:40.663Z] GET /api/task-creation/sessions/9065d819-b996-413e-81a7-0db73249375a/execution-plan
[2026-02-21T06:10:40.663Z] GET /api/task-creation/sessions
[2026-02-21T06:10:40.663Z] GET /api/sandbox/environment
[2026-02-21T06:10:40.776Z] GET /api/sandbox/osac/sess_35ff684915754d7c/messages
[2026-02-21T06:10:44.647Z] GET /api/task-creation/sessions/9065d819-b996-413e-81a7-0db73249375a
[2026-02-21T06:10:44.647Z] GET /api/task-creation/sessions/9065d819-b996-413e-81a7-0db73249375a/messages
[2026-02-21T06:10:44.648Z] GET /api/task-creation/sessions/9065d819-b996-413e-81a7-0db73249375a/intent
[2026-02-21T06:10:44.648Z] GET /api/task-creation/sessions/9065d819-b996-413e-81a7-0db73249375a/task-description
[2026-02-21T06:10:44.649Z] GET /api/task-creation/sessions/9065d819-b996-413e-81a7-0db73249375a/execution-plan
[2026-02-21T06:10:44.649Z] GET /api/sandbox/environment
[2026-02-21T06:10:44.649Z] GET /api/task-creation/sessions
✅ 数据库连接成功
[2026-02-21T06:10:44.788Z] GET /api/sandbox/osac/sess_35ff684915754d7c/messages
[2026-02-21T06:10:48.647Z] GET /api/task-creation/sessions/9065d819-b996-413e-81a7-0db73249375a
[2026-02-21T06:10:48.647Z] GET /api/task-creation/sessions/9065d819-b996-413e-81a7-0db73249375a/intent
[2026-02-21T06:10:48.648Z] GET /api/task-creation/sessions/9065d819-b996-413e-81a7-0db73249375a/messages
[2026-02-21T06:10:48.648Z] GET /api/task-creation/sessions/9065d819-b996-413e-81a7-0db73249375a/task-description
[2026-02-21T06:10:48.649Z] GET /api/task-creation/sessions/9065d819-b996-413e-81a7-0db73249375a/execution-plan
[2026-02-21T06:10:48.649Z] GET /api/sandbox/environment
[2026-02-21T06:10:48.649Z] GET /api/task-creation/sessions
[2026-02-21T06:10:48.762Z] GET /api/sandbox/osac/sess_35ff684915754d7c/messages
[2026-02-21T06:10:52.649Z] GET /api/task-creation/sessions
[2026-02-21T06:10:52.650Z] GET /api/task-creation/sessions/9065d819-b996-413e-81a7-0db73249375a/messages
[2026-02-21T06:10:52.650Z] GET /api/task-creation/sessions/9065d819-b996-413e-81a7-0db73249375a
[2026-02-21T06:10:52.650Z] GET /api/task-creation/sessions/9065d819-b996-413e-81a7-0db73249375a/intent
[2026-02-21T06:10:52.651Z] GET /api/task-creation/sessions/9065d819-b996-413e-81a7-0db73249375a/task-description
[2026-02-21T06:10:52.651Z] GET /api/task-creation/sessions/9065d819-b996-413e-81a7-0db73249375a/execution-plan
[2026-02-21T06:10:52.651Z] GET /api/sandbox/environment
[2026-02-21T06:10:52.767Z] GET /api/sandbox/osac/sess_35ff684915754d7c/messages
[2026-02-21T06:10:56.660Z] GET /api/task-creation/sessions/9065d819-b996-413e-81a7-0db73249375a
[2026-02-21T06:10:56.660Z] GET /api/task-creation/sessions/9065d819-b996-413e-81a7-0db73249375a/messages
[2026-02-21T06:10:56.660Z] GET /api/task-creation/sessions/9065d819-b996-413e-81a7-0db73249375a/intent
[2026-02-21T06:10:56.661Z] GET /api/task-creation/sessions/9065d819-b996-413e-81a7-0db73249375a/task-description
[2026-02-21T06:10:56.661Z] GET /api/task-creation/sessions/9065d819-b996-413e-81a7-0db73249375a/execution-plan
[2026-02-21T06:10:56.661Z] GET /api/sandbox/environment
[2026-02-21T06:10:56.662Z] GET /api/task-creation/sessions
[2026-02-21T06:10:56.773Z] GET /api/sandbox/osac/sess_35ff684915754d7c/messages
[2026-02-21T06:11:00.659Z] GET /api/task-creation/sessions/9065d819-b996-413e-81a7-0db73249375a
[2026-02-21T06:11:00.659Z] GET /api/task-creation/sessions/9065d819-b996-413e-81a7-0db73249375a/messages
[2026-02-21T06:11:00.659Z] GET /api/task-creation/sessions/9065d819-b996-413e-81a7-0db73249375a/intent
[2026-02-21T06:11:00.660Z] GET /api/task-creation/sessions/9065d819-b996-413e-81a7-0db73249375a/task-description
[2026-02-21T06:11:00.660Z] GET /api/task-creation/sessions/9065d819-b996-413e-81a7-0db73249375a/execution-plan
[2026-02-21T06:11:00.660Z] GET /api/sandbox/environment
[2026-02-21T06:11:00.661Z] GET /api/task-creation/sessions
✅ 数据库连接成功
[2026-02-21T06:11:00.801Z] GET /api/sandbox/osac/sess_35ff684915754d7c/messages
[2026-02-21T06:11:04.648Z] GET /api/task-creation/sessions/9065d819-b996-413e-81a7-0db73249375a
[2026-02-21T06:11:04.648Z] GET /api/task-creation/sessions/9065d819-b996-413e-81a7-0db73249375a/intent
[2026-02-21T06:11:04.649Z] GET /api/task-creation/sessions/9065d819-b996-413e-81a7-0db73249375a/messages
[2026-02-21T06:11:04.649Z] GET /api/task-creation/sessions/9065d819-b996-413e-81a7-0db73249375a/task-description
[2026-02-21T06:11:04.649Z] GET /api/task-creation/sessions/9065d819-b996-413e-81a7-0db73249375a/execution-plan
[2026-02-21T06:11:04.650Z] GET /api/sandbox/environment
[2026-02-21T06:11:04.650Z] GET /api/task-creation/sessions
[2026-02-21T06:11:04.770Z] GET /api/sandbox/osac/sess_35ff684915754d7c/messages
[2026-02-21T06:11:08.657Z] GET /api/task-creation/sessions/9065d819-b996-413e-81a7-0db73249375a
[2026-02-21T06:11:08.658Z] GET /api/task-creation/sessions/9065d819-b996-413e-81a7-0db73249375a/messages
[2026-02-21T06:11:08.658Z] GET /api/task-creation/sessions/9065d819-b996-413e-81a7-0db73249375a/task-description
[2026-02-21T06:11:08.658Z] GET /api/task-creation/sessions/9065d819-b996-413e-81a7-0db73249375a/intent
[2026-02-21T06:11:08.659Z] GET /api/task-creation/sessions/9065d819-b996-413e-81a7-0db73249375a/execution-plan
[2026-02-21T06:11:08.659Z] GET /api/sandbox/environment
[2026-02-21T06:11:08.660Z] GET /api/task-creation/sessions
[2026-02-21T06:11:08.779Z] GET /api/sandbox/osac/sess_35ff684915754d7c/messages
[2026-02-21T06:11:12.647Z] GET /api/task-creation/sessions/9065d819-b996-413e-81a7-0db73249375a
[2026-02-21T06:11:12.648Z] GET /api/task-creation/sessions/9065d819-b996-413e-81a7-0db73249375a/messages
[2026-02-21T06:11:12.648Z] GET /api/task-creation/sessions/9065d819-b996-413e-81a7-0db73249375a/intent
[2026-02-21T06:11:12.649Z] GET /api/task-creation/sessions/9065d819-b996-413e-81a7-0db73249375a/task-description
[2026-02-21T06:11:12.649Z] GET /api/task-creation/sessions/9065d819-b996-413e-81a7-0db73249375a/execution-plan
[2026-02-21T06:11:12.650Z] GET /api/sandbox/environment
[2026-02-21T06:11:12.650Z] GET /api/task-creation/sessions
[2026-02-21T06:11:12.768Z] GET /api/sandbox/osac/sess_35ff684915754d7c/messages
[2026-02-21T06:11:16.650Z] GET /api/task-creation/sessions/9065d819-b996-413e-81a7-0db73249375a
[2026-02-21T06:11:16.650Z] GET /api/task-creation/sessions/9065d819-b996-413e-81a7-0db73249375a/messages
[2026-02-21T06:11:16.651Z] GET /api/task-creation/sessions/9065d819-b996-413e-81a7-0db73249375a/task-description
[2026-02-21T06:11:16.651Z] GET /api/task-creation/sessions/9065d819-b996-413e-81a7-0db73249375a/intent
[2026-02-21T06:11:16.651Z] GET /api/task-creation/sessions/9065d819-b996-413e-81a7-0db73249375a/execution-plan
[2026-02-21T06:11:16.652Z] GET /api/sandbox/environment
[2026-02-21T06:11:16.652Z] GET /api/task-creation/sessions
✅ 数据库连接成功
[2026-02-21T06:11:16.792Z] GET /api/sandbox/osac/sess_35ff684915754d7c/messages
[2026-02-21T06:11:20.652Z] GET /api/task-creation/sessions/9065d819-b996-413e-81a7-0db73249375a
[2026-02-21T06:11:20.653Z] GET /api/task-creation/sessions/9065d819-b996-413e-81a7-0db73249375a/messages
[2026-02-21T06:11:20.653Z] GET /api/task-creation/sessions/9065d819-b996-413e-81a7-0db73249375a/intent
[2026-02-21T06:11:20.653Z] GET /api/task-creation/sessions/9065d819-b996-413e-81a7-0db73249375a/task-description
[2026-02-21T06:11:20.654Z] GET /api/task-creation/sessions/9065d819-b996-413e-81a7-0db73249375a/execution-plan
[2026-02-21T06:11:20.654Z] GET /api/sandbox/environment
[2026-02-21T06:11:20.654Z] GET /api/task-creation/sessions
[2026-02-21T06:11:20.767Z] GET /api/sandbox/osac/sess_35ff684915754d7c/messages
[2026-02-21T06:11:24.656Z] GET /api/task-creation/sessions/9065d819-b996-413e-81a7-0db73249375a/messages
[2026-02-21T06:11:24.656Z] GET /api/task-creation/sessions/9065d819-b996-413e-81a7-0db73249375a
[2026-02-21T06:11:24.657Z] GET /api/task-creation/sessions/9065d819-b996-413e-81a7-0db73249375a/intent
[2026-02-21T06:11:24.657Z] GET /api/task-creation/sessions/9065d819-b996-413e-81a7-0db73249375a/task-description
[2026-02-21T06:11:24.657Z] GET /api/task-creation/sessions/9065d819-b996-413e-81a7-0db73249375a/execution-plan
[2026-02-21T06:11:24.658Z] GET /api/sandbox/environment
[2026-02-21T06:11:24.658Z] GET /api/task-creation/sessions
[2026-02-21T06:11:24.787Z] GET /api/sandbox/osac/sess_35ff684915754d7c/messages
[2026-02-21T06:11:28.660Z] GET /api/task-creation/sessions/9065d819-b996-413e-81a7-0db73249375a
[2026-02-21T06:11:28.660Z] GET /api/task-creation/sessions/9065d819-b996-413e-81a7-0db73249375a/messages
[2026-02-21T06:11:28.661Z] GET /api/task-creation/sessions/9065d819-b996-413e-81a7-0db73249375a/intent
[2026-02-21T06:11:28.661Z] GET /api/task-creation/sessions/9065d819-b996-413e-81a7-0db73249375a/task-description
[2026-02-21T06:11:28.661Z] GET /api/task-creation/sessions/9065d819-b996-413e-81a7-0db73249375a/execution-plan
[2026-02-21T06:11:28.662Z] GET /api/sandbox/environment
[2026-02-21T06:11:28.662Z] GET /api/task-creation/sessions
[2026-02-21T06:11:28.780Z] GET /api/sandbox/osac/sess_35ff684915754d7c/messages
[2026-02-21T06:11:32.648Z] GET /api/task-creation/sessions/9065d819-b996-413e-81a7-0db73249375a/messages
[2026-02-21T06:11:32.648Z] GET /api/task-creation/sessions/9065d819-b996-413e-81a7-0db73249375a/intent
[2026-02-21T06:11:32.649Z] GET /api/task-creation/sessions/9065d819-b996-413e-81a7-0db73249375a
[2026-02-21T06:11:32.649Z] GET /api/task-creation/sessions/9065d819-b996-413e-81a7-0db73249375a/task-description
[2026-02-21T06:11:32.649Z] GET /api/task-creation/sessions/9065d819-b996-413e-81a7-0db73249375a/execution-plan
[2026-02-21T06:11:32.650Z] GET /api/sandbox/environment
[2026-02-21T06:11:32.650Z] GET /api/task-creation/sessions
✅ 数据库连接成功
[2026-02-21T06:11:32.800Z] GET /api/sandbox/osac/sess_35ff684915754d7c/messages
[2026-02-21T06:11:36.655Z] GET /api/task-creation/sessions/9065d819-b996-413e-81a7-0db73249375a
[2026-02-21T06:11:36.656Z] GET /api/task-creation/sessions/9065d819-b996-413e-81a7-0db73249375a/messages
[2026-02-21T06:11:36.656Z] GET /api/task-creation/sessions/9065d819-b996-413e-81a7-0db73249375a/intent
[2026-02-21T06:11:36.656Z] GET /api/task-creation/sessions/9065d819-b996-413e-81a7-0db73249375a/task-description
[2026-02-21T06:11:36.657Z] GET /api/task-creation/sessions/9065d819-b996-413e-81a7-0db73249375a/execution-plan
[2026-02-21T06:11:36.658Z] GET /api/sandbox/environment
[2026-02-21T06:11:36.658Z] GET /api/task-creation/sessions
[2026-02-21T06:11:36.770Z] GET /api/sandbox/osac/sess_35ff684915754d7c/messages
[2026-02-21T06:11:40.658Z] GET /api/task-creation/sessions/9065d819-b996-413e-81a7-0db73249375a
[2026-02-21T06:11:40.658Z] GET /api/task-creation/sessions/9065d819-b996-413e-81a7-0db73249375a/messages
[2026-02-21T06:11:40.658Z] GET /api/task-creation/sessions/9065d819-b996-413e-81a7-0db73249375a/intent
[2026-02-21T06:11:40.659Z] GET /api/task-creation/sessions/9065d819-b996-413e-81a7-0db73249375a/task-description
[2026-02-21T06:11:40.659Z] GET /api/task-creation/sessions/9065d819-b996-413e-81a7-0db73249375a/execution-plan
[2026-02-21T06:11:40.659Z] GET /api/sandbox/environment
[2026-02-21T06:11:40.660Z] GET /api/task-creation/sessions
[2026-02-21T06:11:40.825Z] GET /api/sandbox/osac/sess_35ff684915754d7c/messages
[2026-02-21T06:11:44.652Z] GET /api/task-creation/sessions/9065d819-b996-413e-81a7-0db73249375a
[2026-02-21T06:11:44.653Z] GET /api/task-creation/sessions/9065d819-b996-413e-81a7-0db73249375a/messages
[2026-02-21T06:11:44.653Z] GET /api/task-creation/sessions/9065d819-b996-413e-81a7-0db73249375a/intent
[2026-02-21T06:11:44.654Z] GET /api/task-creation/sessions/9065d819-b996-413e-81a7-0db73249375a/task-description
[2026-02-21T06:11:44.654Z] GET /api/task-creation/sessions/9065d819-b996-413e-81a7-0db73249375a/execution-plan
[2026-02-21T06:11:44.654Z] GET /api/sandbox/environment
[2026-02-21T06:11:44.654Z] GET /api/task-creation/sessions
[2026-02-21T06:11:44.768Z] GET /api/sandbox/osac/sess_35ff684915754d7c/messages
[2026-02-21T06:11:48.647Z] GET /api/task-creation/sessions/9065d819-b996-413e-81a7-0db73249375a/messages
[2026-02-21T06:11:48.648Z] GET /api/task-creation/sessions/9065d819-b996-413e-81a7-0db73249375a
[2026-02-21T06:11:48.648Z] GET /api/task-creation/sessions/9065d819-b996-413e-81a7-0db73249375a/intent
[2026-02-21T06:11:48.649Z] GET /api/task-creation/sessions/9065d819-b996-413e-81a7-0db73249375a/task-description
[2026-02-21T06:11:48.649Z] GET /api/sandbox/environment
[2026-02-21T06:11:48.650Z] GET /api/task-creation/sessions/9065d819-b996-413e-81a7-0db73249375a/execution-plan
[2026-02-21T06:11:48.650Z] GET /api/task-creation/sessions
✅ 数据库连接成功
[2026-02-21T06:11:48.794Z] GET /api/sandbox/osac/sess_35ff684915754d7c/messages
[2026-02-21T06:11:52.654Z] GET /api/task-creation/sessions/9065d819-b996-413e-81a7-0db73249375a
[2026-02-21T06:11:52.655Z] GET /api/task-creation/sessions/9065d819-b996-413e-81a7-0db73249375a/intent
[2026-02-21T06:11:52.655Z] GET /api/task-creation/sessions/9065d819-b996-413e-81a7-0db73249375a/messages
[2026-02-21T06:11:52.655Z] GET /api/task-creation/sessions/9065d819-b996-413e-81a7-0db73249375a/task-description
[2026-02-21T06:11:52.656Z] GET /api/task-creation/sessions/9065d819-b996-413e-81a7-0db73249375a/execution-plan
[2026-02-21T06:11:52.657Z] GET /api/sandbox/environment
[2026-02-21T06:11:52.658Z] GET /api/task-creation/sessions
[2026-02-21T06:11:52.770Z] GET /api/sandbox/osac/sess_35ff684915754d7c/messages
[2026-02-21T06:11:56.660Z] GET /api/task-creation/sessions/9065d819-b996-413e-81a7-0db73249375a
[2026-02-21T06:11:56.661Z] GET /api/task-creation/sessions/9065d819-b996-413e-81a7-0db73249375a/messages
[2026-02-21T06:11:56.661Z] GET /api/task-creation/sessions/9065d819-b996-413e-81a7-0db73249375a/intent
[2026-02-21T06:11:56.661Z] GET /api/task-creation/sessions/9065d819-b996-413e-81a7-0db73249375a/task-description
[2026-02-21T06:11:56.661Z] GET /api/task-creation/sessions/9065d819-b996-413e-81a7-0db73249375a/execution-plan
[2026-02-21T06:11:56.662Z] GET /api/sandbox/environment
[2026-02-21T06:11:56.662Z] GET /api/task-creation/sessions
[2026-02-21T06:11:56.784Z] GET /api/sandbox/osac/sess_35ff684915754d7c/messages
[2026-02-21T06:12:00.659Z] GET /api/task-creation/sessions/9065d819-b996-413e-81a7-0db73249375a/messages
[2026-02-21T06:12:00.660Z] GET /api/task-creation/sessions/9065d819-b996-413e-81a7-0db73249375a
[2026-02-21T06:12:00.660Z] GET /api/task-creation/sessions/9065d819-b996-413e-81a7-0db73249375a/intent
[2026-02-21T06:12:00.661Z] GET /api/task-creation/sessions/9065d819-b996-413e-81a7-0db73249375a/task-description
[2026-02-21T06:12:00.661Z] GET /api/task-creation/sessions/9065d819-b996-413e-81a7-0db73249375a/execution-plan
[2026-02-21T06:12:00.661Z] GET /api/sandbox/environment
[2026-02-21T06:12:00.661Z] GET /api/task-creation/sessions
[2026-02-21T06:12:00.775Z] GET /api/sandbox/osac/sess_35ff684915754d7c/messages
[2026-02-21T06:12:04.656Z] GET /api/task-creation/sessions/9065d819-b996-413e-81a7-0db73249375a
[2026-02-21T06:12:04.657Z] GET /api/task-creation/sessions/9065d819-b996-413e-81a7-0db73249375a/messages
[2026-02-21T06:12:04.657Z] GET /api/task-creation/sessions/9065d819-b996-413e-81a7-0db73249375a/intent
[2026-02-21T06:12:04.657Z] GET /api/task-creation/sessions/9065d819-b996-413e-81a7-0db73249375a/task-description
[2026-02-21T06:12:04.658Z] GET /api/task-creation/sessions/9065d819-b996-413e-81a7-0db73249375a/execution-plan
[2026-02-21T06:12:04.658Z] GET /api/sandbox/environment
[2026-02-21T06:12:04.658Z] GET /api/task-creation/sessions
✅ 数据库连接成功
[2026-02-21T06:12:04.796Z] GET /api/sandbox/osac/sess_35ff684915754d7c/messages
[2026-02-21T06:12:08.661Z] GET /api/task-creation/sessions/9065d819-b996-413e-81a7-0db73249375a
[2026-02-21T06:12:08.661Z] GET /api/task-creation/sessions/9065d819-b996-413e-81a7-0db73249375a/messages
[2026-02-21T06:12:08.661Z] GET /api/task-creation/sessions/9065d819-b996-413e-81a7-0db73249375a/intent
[2026-02-21T06:12:08.662Z] GET /api/task-creation/sessions/9065d819-b996-413e-81a7-0db73249375a/task-description
[2026-02-21T06:12:08.662Z] GET /api/task-creation/sessions/9065d819-b996-413e-81a7-0db73249375a/execution-plan
[2026-02-21T06:12:08.662Z] GET /api/task-creation/sessions
[2026-02-21T06:12:08.662Z] GET /api/sandbox/environment
[2026-02-21T06:12:08.787Z] GET /api/sandbox/osac/sess_35ff684915754d7c/messages
[2026-02-21T06:12:12.659Z] GET /api/task-creation/sessions/9065d819-b996-413e-81a7-0db73249375a
[2026-02-21T06:12:12.659Z] GET /api/task-creation/sessions/9065d819-b996-413e-81a7-0db73249375a/messages
[2026-02-21T06:12:12.659Z] GET /api/task-creation/sessions/9065d819-b996-413e-81a7-0db73249375a/intent
[2026-02-21T06:12:12.660Z] GET /api/task-creation/sessions/9065d819-b996-413e-81a7-0db73249375a/execution-plan
[2026-02-21T06:12:12.660Z] GET /api/task-creation/sessions/9065d819-b996-413e-81a7-0db73249375a/task-description
[2026-02-21T06:12:12.660Z] GET /api/sandbox/environment
[2026-02-21T06:12:12.660Z] GET /api/task-creation/sessions
[2026-02-21T06:12:12.786Z] GET /api/sandbox/osac/sess_35ff684915754d7c/messages
[2026-02-21T06:12:16.663Z] GET /api/task-creation/sessions/9065d819-b996-413e-81a7-0db73249375a
[2026-02-21T06:12:16.663Z] GET /api/task-creation/sessions/9065d819-b996-413e-81a7-0db73249375a/messages
[2026-02-21T06:12:16.664Z] GET /api/task-creation/sessions/9065d819-b996-413e-81a7-0db73249375a/intent
[2026-02-21T06:12:16.664Z] GET /api/task-creation/sessions/9065d819-b996-413e-81a7-0db73249375a/task-description
[2026-02-21T06:12:16.664Z] GET /api/task-creation/sessions/9065d819-b996-413e-81a7-0db73249375a/execution-plan
[2026-02-21T06:12:16.665Z] GET /api/sandbox/environment
[2026-02-21T06:12:16.665Z] GET /api/task-creation/sessions
[2026-02-21T06:12:16.783Z] GET /api/sandbox/osac/sess_35ff684915754d7c/messages
[2026-02-21T06:12:20.659Z] GET /api/task-creation/sessions/9065d819-b996-413e-81a7-0db73249375a
[2026-02-21T06:12:20.659Z] GET /api/task-creation/sessions/9065d819-b996-413e-81a7-0db73249375a/intent
[2026-02-21T06:12:20.660Z] GET /api/task-creation/sessions/9065d819-b996-413e-81a7-0db73249375a/messages
[2026-02-21T06:12:20.660Z] GET /api/task-creation/sessions/9065d819-b996-413e-81a7-0db73249375a/task-description
[2026-02-21T06:12:20.660Z] GET /api/task-creation/sessions/9065d819-b996-413e-81a7-0db73249375a/execution-plan
[2026-02-21T06:12:20.660Z] GET /api/sandbox/environment
[2026-02-21T06:12:20.661Z] GET /api/task-creation/sessions
✅ 数据库连接成功
[2026-02-21T06:12:20.799Z] GET /api/sandbox/osac/sess_35ff684915754d7c/messages
[2026-02-21T06:12:24.650Z] GET /api/task-creation/sessions
[2026-02-21T06:12:24.650Z] GET /api/task-creation/sessions/9065d819-b996-413e-81a7-0db73249375a
[2026-02-21T06:12:24.651Z] GET /api/task-creation/sessions/9065d819-b996-413e-81a7-0db73249375a/messages
[2026-02-21T06:12:24.651Z] GET /api/task-creation/sessions/9065d819-b996-413e-81a7-0db73249375a/intent
[2026-02-21T06:12:24.651Z] GET /api/task-creation/sessions/9065d819-b996-413e-81a7-0db73249375a/task-description
[2026-02-21T06:12:24.651Z] GET /api/task-creation/sessions/9065d819-b996-413e-81a7-0db73249375a/execution-plan
[2026-02-21T06:12:24.652Z] GET /api/sandbox/environment
[2026-02-21T06:12:24.765Z] GET /api/sandbox/osac/sess_35ff684915754d7c/messages
[2026-02-21T06:12:28.653Z] GET /api/task-creation/sessions/9065d819-b996-413e-81a7-0db73249375a
[2026-02-21T06:12:28.653Z] GET /api/task-creation/sessions/9065d819-b996-413e-81a7-0db73249375a/intent
[2026-02-21T06:12:28.654Z] GET /api/task-creation/sessions/9065d819-b996-413e-81a7-0db73249375a/messages
[2026-02-21T06:12:28.654Z] GET /api/task-creation/sessions/9065d819-b996-413e-81a7-0db73249375a/task-description
[2026-02-21T06:12:28.654Z] GET /api/task-creation/sessions/9065d819-b996-413e-81a7-0db73249375a/execution-plan
[2026-02-21T06:12:28.654Z] GET /api/sandbox/environment
[2026-02-21T06:12:28.655Z] GET /api/task-creation/sessions
[2026-02-21T06:12:28.770Z] GET /api/sandbox/osac/sess_35ff684915754d7c/messages
[2026-02-21T06:12:32.660Z] GET /api/task-creation/sessions/9065d819-b996-413e-81a7-0db73249375a
[2026-02-21T06:12:32.660Z] GET /api/task-creation/sessions/9065d819-b996-413e-81a7-0db73249375a/messages
[2026-02-21T06:12:32.661Z] GET /api/task-creation/sessions/9065d819-b996-413e-81a7-0db73249375a/intent
[2026-02-21T06:12:32.661Z] GET /api/task-creation/sessions/9065d819-b996-413e-81a7-0db73249375a/task-description
[2026-02-21T06:12:32.661Z] GET /api/task-creation/sessions/9065d819-b996-413e-81a7-0db73249375a/execution-plan
[2026-02-21T06:12:32.662Z] GET /api/sandbox/environment
[2026-02-21T06:12:32.662Z] GET /api/task-creation/sessions
[2026-02-21T06:12:32.774Z] GET /api/sandbox/osac/sess_35ff684915754d7c/messages
[2026-02-21T06:12:36.657Z] GET /api/task-creation/sessions/9065d819-b996-413e-81a7-0db73249375a
[2026-02-21T06:12:36.658Z] GET /api/task-creation/sessions/9065d819-b996-413e-81a7-0db73249375a/intent
[2026-02-21T06:12:36.659Z] GET /api/task-creation/sessions/9065d819-b996-413e-81a7-0db73249375a/task-description
[2026-02-21T06:12:36.659Z] GET /api/task-creation/sessions/9065d819-b996-413e-81a7-0db73249375a/execution-plan
[2026-02-21T06:12:36.659Z] GET /api/task-creation/sessions/9065d819-b996-413e-81a7-0db73249375a/messages
[2026-02-21T06:12:36.660Z] GET /api/sandbox/environment
[2026-02-21T06:12:36.660Z] GET /api/task-creation/sessions
✅ 数据库连接成功
[2026-02-21T06:12:36.799Z] GET /api/sandbox/osac/sess_35ff684915754d7c/messages
[2026-02-21T06:12:40.655Z] GET /api/task-creation/sessions/9065d819-b996-413e-81a7-0db73249375a
[2026-02-21T06:12:40.656Z] GET /api/task-creation/sessions/9065d819-b996-413e-81a7-0db73249375a/messages
[2026-02-21T06:12:40.656Z] GET /api/task-creation/sessions/9065d819-b996-413e-81a7-0db73249375a/intent
[2026-02-21T06:12:40.656Z] GET /api/task-creation/sessions/9065d819-b996-413e-81a7-0db73249375a/task-description
[2026-02-21T06:12:40.657Z] GET /api/task-creation/sessions/9065d819-b996-413e-81a7-0db73249375a/execution-plan
[2026-02-21T06:12:40.657Z] GET /api/sandbox/environment
[2026-02-21T06:12:40.658Z] GET /api/task-creation/sessions
[2026-02-21T06:12:40.769Z] GET /api/sandbox/osac/sess_35ff684915754d7c/messages
[2026-02-21T06:12:44.659Z] GET /api/task-creation/sessions/9065d819-b996-413e-81a7-0db73249375a
[2026-02-21T06:12:44.660Z] GET /api/task-creation/sessions/9065d819-b996-413e-81a7-0db73249375a/intent
[2026-02-21T06:12:44.660Z] GET /api/task-creation/sessions/9065d819-b996-413e-81a7-0db73249375a/messages
[2026-02-21T06:12:44.661Z] GET /api/task-creation/sessions/9065d819-b996-413e-81a7-0db73249375a/task-description
[2026-02-21T06:12:44.661Z] GET /api/task-creation/sessions/9065d819-b996-413e-81a7-0db73249375a/execution-plan
[2026-02-21T06:12:44.661Z] GET /api/sandbox/environment
[2026-02-21T06:12:44.661Z] GET /api/task-creation/sessions
[2026-02-21T06:12:44.776Z] GET /api/sandbox/osac/sess_35ff684915754d7c/messages
[2026-02-21T06:12:48.648Z] GET /api/task-creation/sessions/9065d819-b996-413e-81a7-0db73249375a
[2026-02-21T06:12:48.648Z] GET /api/task-creation/sessions/9065d819-b996-413e-81a7-0db73249375a/messages
[2026-02-21T06:12:48.649Z] GET /api/task-creation/sessions/9065d819-b996-413e-81a7-0db73249375a/intent
[2026-02-21T06:12:48.649Z] GET /api/task-creation/sessions/9065d819-b996-413e-81a7-0db73249375a/task-description
[2026-02-21T06:12:48.649Z] GET /api/task-creation/sessions/9065d819-b996-413e-81a7-0db73249375a/execution-plan
[2026-02-21T06:12:48.649Z] GET /api/sandbox/environment
[2026-02-21T06:12:48.650Z] GET /api/task-creation/sessions
[2026-02-21T06:12:48.763Z] GET /api/sandbox/osac/sess_35ff684915754d7c/messages
[2026-02-21T06:12:52.649Z] GET /api/task-creation/sessions/9065d819-b996-413e-81a7-0db73249375a
[2026-02-21T06:12:52.649Z] GET /api/task-creation/sessions/9065d819-b996-413e-81a7-0db73249375a/intent
[2026-02-21T06:12:52.650Z] GET /api/task-creation/sessions/9065d819-b996-413e-81a7-0db73249375a/messages
[2026-02-21T06:12:52.650Z] GET /api/task-creation/sessions/9065d819-b996-413e-81a7-0db73249375a/task-description
[2026-02-21T06:12:52.650Z] GET /api/task-creation/sessions/9065d819-b996-413e-81a7-0db73249375a/execution-plan
[2026-02-21T06:12:52.651Z] GET /api/sandbox/environment
[2026-02-21T06:12:52.651Z] GET /api/task-creation/sessions
✅ 数据库连接成功
[2026-02-21T06:12:52.790Z] GET /api/sandbox/osac/sess_35ff684915754d7c/messages
[2026-02-21T06:12:56.658Z] GET /api/task-creation/sessions/9065d819-b996-413e-81a7-0db73249375a
[2026-02-21T06:12:56.658Z] GET /api/task-creation/sessions/9065d819-b996-413e-81a7-0db73249375a/messages
[2026-02-21T06:12:56.659Z] GET /api/task-creation/sessions/9065d819-b996-413e-81a7-0db73249375a/intent
[2026-02-21T06:12:56.659Z] GET /api/task-creation/sessions/9065d819-b996-413e-81a7-0db73249375a/task-description
[2026-02-21T06:12:56.659Z] GET /api/task-creation/sessions/9065d819-b996-413e-81a7-0db73249375a/execution-plan
[2026-02-21T06:12:56.660Z] GET /api/sandbox/environment
[2026-02-21T06:12:56.660Z] GET /api/task-creation/sessions
[2026-02-21T06:12:56.772Z] GET /api/sandbox/osac/sess_35ff684915754d7c/messages
[2026-02-21T06:13:00.658Z] GET /api/task-creation/sessions/9065d819-b996-413e-81a7-0db73249375a
[2026-02-21T06:13:00.659Z] GET /api/task-creation/sessions/9065d819-b996-413e-81a7-0db73249375a/messages
[2026-02-21T06:13:00.659Z] GET /api/task-creation/sessions/9065d819-b996-413e-81a7-0db73249375a/intent
[2026-02-21T06:13:00.659Z] GET /api/task-creation/sessions/9065d819-b996-413e-81a7-0db73249375a/task-description
[2026-02-21T06:13:00.659Z] GET /api/task-creation/sessions/9065d819-b996-413e-81a7-0db73249375a/execution-plan
[2026-02-21T06:13:00.660Z] GET /api/sandbox/environment
[2026-02-21T06:13:00.660Z] GET /api/task-creation/sessions
[2026-02-21T06:13:00.789Z] GET /api/sandbox/osac/sess_35ff684915754d7c/messages
[2026-02-21T06:13:04.648Z] GET /api/task-creation/sessions/9065d819-b996-413e-81a7-0db73249375a
[2026-02-21T06:13:04.648Z] GET /api/task-creation/sessions/9065d819-b996-413e-81a7-0db73249375a/messages
[2026-02-21T06:13:04.649Z] GET /api/task-creation/sessions/9065d819-b996-413e-81a7-0db73249375a/intent
[2026-02-21T06:13:04.649Z] GET /api/task-creation/sessions/9065d819-b996-413e-81a7-0db73249375a/task-description
[2026-02-21T06:13:04.649Z] GET /api/task-creation/sessions/9065d819-b996-413e-81a7-0db73249375a/execution-plan
[2026-02-21T06:13:04.650Z] GET /api/sandbox/environment
[2026-02-21T06:13:04.650Z] GET /api/task-creation/sessions
[2026-02-21T06:13:04.766Z] GET /api/sandbox/osac/sess_35ff684915754d7c/messages
[2026-02-21T06:13:08.651Z] GET /api/task-creation/sessions/9065d819-b996-413e-81a7-0db73249375a
[2026-02-21T06:13:08.652Z] GET /api/task-creation/sessions/9065d819-b996-413e-81a7-0db73249375a/intent
[2026-02-21T06:13:08.652Z] GET /api/task-creation/sessions/9065d819-b996-413e-81a7-0db73249375a/messages
[2026-02-21T06:13:08.653Z] GET /api/task-creation/sessions/9065d819-b996-413e-81a7-0db73249375a/task-description
[2026-02-21T06:13:08.653Z] GET /api/task-creation/sessions/9065d819-b996-413e-81a7-0db73249375a/execution-plan
[2026-02-21T06:13:08.653Z] GET /api/sandbox/environment
[2026-02-21T06:13:08.653Z] GET /api/task-creation/sessions
✅ 数据库连接成功
[2026-02-21T06:13:08.792Z] GET /api/sandbox/osac/sess_35ff684915754d7c/messages
[2026-02-21T06:13:12.648Z] GET /api/task-creation/sessions/9065d819-b996-413e-81a7-0db73249375a
[2026-02-21T06:13:12.649Z] GET /api/task-creation/sessions/9065d819-b996-413e-81a7-0db73249375a/messages
[2026-02-21T06:13:12.649Z] GET /api/task-creation/sessions/9065d819-b996-413e-81a7-0db73249375a/intent
[2026-02-21T06:13:12.649Z] GET /api/task-creation/sessions/9065d819-b996-413e-81a7-0db73249375a/task-description
[2026-02-21T06:13:12.649Z] GET /api/task-creation/sessions/9065d819-b996-413e-81a7-0db73249375a/execution-plan
[2026-02-21T06:13:12.650Z] GET /api/sandbox/environment
[2026-02-21T06:13:12.650Z] GET /api/task-creation/sessions
[2026-02-21T06:13:12.765Z] GET /api/sandbox/osac/sess_35ff684915754d7c/messages
[2026-02-21T06:13:16.658Z] GET /api/task-creation/sessions/9065d819-b996-413e-81a7-0db73249375a
[2026-02-21T06:13:16.658Z] GET /api/task-creation/sessions/9065d819-b996-413e-81a7-0db73249375a/intent
[2026-02-21T06:13:16.659Z] GET /api/task-creation/sessions/9065d819-b996-413e-81a7-0db73249375a/task-description
[2026-02-21T06:13:16.659Z] GET /api/task-creation/sessions/9065d819-b996-413e-81a7-0db73249375a/execution-plan
[2026-02-21T06:13:16.659Z] GET /api/task-creation/sessions/9065d819-b996-413e-81a7-0db73249375a/messages
[2026-02-21T06:13:16.659Z] GET /api/sandbox/environment
[2026-02-21T06:13:16.660Z] GET /api/task-creation/sessions
[2026-02-21T06:13:16.774Z] GET /api/sandbox/osac/sess_35ff684915754d7c/messages
[2026-02-21T06:13:20.650Z] GET /api/task-creation/sessions/9065d819-b996-413e-81a7-0db73249375a
[2026-02-21T06:13:20.650Z] GET /api/task-creation/sessions/9065d819-b996-413e-81a7-0db73249375a/messages
[2026-02-21T06:13:20.651Z] GET /api/task-creation/sessions/9065d819-b996-413e-81a7-0db73249375a/intent
[2026-02-21T06:13:20.651Z] GET /api/task-creation/sessions/9065d819-b996-413e-81a7-0db73249375a/task-description
[2026-02-21T06:13:20.652Z] GET /api/task-creation/sessions/9065d819-b996-413e-81a7-0db73249375a/execution-plan
[2026-02-21T06:13:20.652Z] GET /api/sandbox/environment
[2026-02-21T06:13:20.652Z] GET /api/task-creation/sessions
[2026-02-21T06:13:20.767Z] GET /api/sandbox/osac/sess_35ff684915754d7c/messages
[2026-02-21T06:13:24.649Z] GET /api/task-creation/sessions/9065d819-b996-413e-81a7-0db73249375a/messages
[2026-02-21T06:13:24.649Z] GET /api/task-creation/sessions/9065d819-b996-413e-81a7-0db73249375a
[2026-02-21T06:13:24.650Z] GET /api/task-creation/sessions/9065d819-b996-413e-81a7-0db73249375a/intent
[2026-02-21T06:13:24.650Z] GET /api/task-creation/sessions/9065d819-b996-413e-81a7-0db73249375a/task-description
[2026-02-21T06:13:24.651Z] GET /api/task-creation/sessions/9065d819-b996-413e-81a7-0db73249375a/execution-plan
[2026-02-21T06:13:24.651Z] GET /api/sandbox/environment
[2026-02-21T06:13:24.651Z] GET /api/task-creation/sessions
✅ 数据库连接成功
[2026-02-21T06:13:24.839Z] GET /api/sandbox/osac/sess_35ff684915754d7c/messages
[2026-02-21T06:13:28.660Z] GET /api/task-creation/sessions/9065d819-b996-413e-81a7-0db73249375a
[2026-02-21T06:13:28.661Z] GET /api/task-creation/sessions/9065d819-b996-413e-81a7-0db73249375a/messages
[2026-02-21T06:13:28.661Z] GET /api/task-creation/sessions/9065d819-b996-413e-81a7-0db73249375a/intent
[2026-02-21T06:13:28.662Z] GET /api/task-creation/sessions/9065d819-b996-413e-81a7-0db73249375a/task-description
[2026-02-21T06:13:28.662Z] GET /api/task-creation/sessions/9065d819-b996-413e-81a7-0db73249375a/execution-plan
[2026-02-21T06:13:28.662Z] GET /api/sandbox/environment
[2026-02-21T06:13:28.663Z] GET /api/task-creation/sessions
[2026-02-21T06:13:28.774Z] GET /api/sandbox/osac/sess_35ff684915754d7c/messages
[2026-02-21T06:13:32.652Z] GET /api/task-creation/sessions/9065d819-b996-413e-81a7-0db73249375a
[2026-02-21T06:13:32.652Z] GET /api/task-creation/sessions/9065d819-b996-413e-81a7-0db73249375a/messages
[2026-02-21T06:13:32.652Z] GET /api/task-creation/sessions/9065d819-b996-413e-81a7-0db73249375a/intent
[2026-02-21T06:13:32.653Z] GET /api/task-creation/sessions/9065d819-b996-413e-81a7-0db73249375a/task-description
[2026-02-21T06:13:32.653Z] GET /api/task-creation/sessions/9065d819-b996-413e-81a7-0db73249375a/execution-plan
[2026-02-21T06:13:32.653Z] GET /api/sandbox/environment
[2026-02-21T06:13:32.654Z] GET /api/task-creation/sessions
[2026-02-21T06:13:32.811Z] GET /api/sandbox/osac/sess_35ff684915754d7c/messages
[2026-02-21T06:13:36.659Z] GET /api/task-creation/sessions/9065d819-b996-413e-81a7-0db73249375a
[2026-02-21T06:13:36.659Z] GET /api/task-creation/sessions/9065d819-b996-413e-81a7-0db73249375a/messages
[2026-02-21T06:13:36.660Z] GET /api/task-creation/sessions/9065d819-b996-413e-81a7-0db73249375a/intent
[2026-02-21T06:13:36.660Z] GET /api/task-creation/sessions/9065d819-b996-413e-81a7-0db73249375a/task-description
[2026-02-21T06:13:36.660Z] GET /api/task-creation/sessions/9065d819-b996-413e-81a7-0db73249375a/execution-plan
[2026-02-21T06:13:36.661Z] GET /api/sandbox/environment
[2026-02-21T06:13:36.661Z] GET /api/task-creation/sessions
[2026-02-21T06:13:36.779Z] GET /api/sandbox/osac/sess_35ff684915754d7c/messages
[2026-02-21T06:13:40.648Z] GET /api/task-creation/sessions/9065d819-b996-413e-81a7-0db73249375a
[2026-02-21T06:13:40.649Z] GET /api/task-creation/sessions/9065d819-b996-413e-81a7-0db73249375a/messages
[2026-02-21T06:13:40.649Z] GET /api/task-creation/sessions/9065d819-b996-413e-81a7-0db73249375a/intent
[2026-02-21T06:13:40.650Z] GET /api/task-creation/sessions/9065d819-b996-413e-81a7-0db73249375a/task-description
[2026-02-21T06:13:40.650Z] GET /api/task-creation/sessions/9065d819-b996-413e-81a7-0db73249375a/execution-plan
[2026-02-21T06:13:40.650Z] GET /api/task-creation/sessions
[2026-02-21T06:13:40.650Z] GET /api/sandbox/environment
✅ 数据库连接成功
[2026-02-21T06:13:40.788Z] GET /api/sandbox/osac/sess_35ff684915754d7c/messages
[2026-02-21T06:13:44.650Z] GET /api/task-creation/sessions/9065d819-b996-413e-81a7-0db73249375a/messages
[2026-02-21T06:13:44.650Z] GET /api/task-creation/sessions/9065d819-b996-413e-81a7-0db73249375a
[2026-02-21T06:13:44.651Z] GET /api/task-creation/sessions/9065d819-b996-413e-81a7-0db73249375a/intent
[2026-02-21T06:13:44.651Z] GET /api/task-creation/sessions/9065d819-b996-413e-81a7-0db73249375a/task-description
[2026-02-21T06:13:44.651Z] GET /api/task-creation/sessions/9065d819-b996-413e-81a7-0db73249375a/execution-plan
[2026-02-21T06:13:44.652Z] GET /api/sandbox/environment
[2026-02-21T06:13:44.652Z] GET /api/task-creation/sessions
[2026-02-21T06:13:44.774Z] GET /api/sandbox/osac/sess_35ff684915754d7c/messages
[2026-02-21T06:13:48.661Z] GET /api/task-creation/sessions/9065d819-b996-413e-81a7-0db73249375a
[2026-02-21T06:13:48.662Z] GET /api/task-creation/sessions/9065d819-b996-413e-81a7-0db73249375a/messages
[2026-02-21T06:13:48.662Z] GET /api/task-creation/sessions/9065d819-b996-413e-81a7-0db73249375a/intent
[2026-02-21T06:13:48.662Z] GET /api/task-creation/sessions/9065d819-b996-413e-81a7-0db73249375a/task-description
[2026-02-21T06:13:48.663Z] GET /api/task-creation/sessions/9065d819-b996-413e-81a7-0db73249375a/execution-plan
[2026-02-21T06:13:48.663Z] GET /api/sandbox/environment
[2026-02-21T06:13:48.663Z] GET /api/task-creation/sessions
[2026-02-21T06:13:48.779Z] GET /api/sandbox/osac/sess_35ff684915754d7c/messages
[2026-02-21T06:13:52.658Z] GET /api/task-creation/sessions/9065d819-b996-413e-81a7-0db73249375a
[2026-02-21T06:13:52.659Z] GET /api/task-creation/sessions/9065d819-b996-413e-81a7-0db73249375a/messages
[2026-02-21T06:13:52.659Z] GET /api/task-creation/sessions/9065d819-b996-413e-81a7-0db73249375a/intent
[2026-02-21T06:13:52.659Z] GET /api/task-creation/sessions/9065d819-b996-413e-81a7-0db73249375a/task-description
[2026-02-21T06:13:52.659Z] GET /api/task-creation/sessions/9065d819-b996-413e-81a7-0db73249375a/execution-plan
[2026-02-21T06:13:52.660Z] GET /api/sandbox/environment
[2026-02-21T06:13:52.660Z] GET /api/task-creation/sessions
[2026-02-21T06:13:52.773Z] GET /api/sandbox/osac/sess_35ff684915754d7c/messages
[2026-02-21T06:13:56.661Z] GET /api/task-creation/sessions/9065d819-b996-413e-81a7-0db73249375a
[2026-02-21T06:13:56.661Z] GET /api/task-creation/sessions/9065d819-b996-413e-81a7-0db73249375a/messages
[2026-02-21T06:13:56.662Z] GET /api/task-creation/sessions/9065d819-b996-413e-81a7-0db73249375a/task-description
[2026-02-21T06:13:56.662Z] GET /api/task-creation/sessions/9065d819-b996-413e-81a7-0db73249375a/intent
[2026-02-21T06:13:56.662Z] GET /api/task-creation/sessions/9065d819-b996-413e-81a7-0db73249375a/execution-plan
[2026-02-21T06:13:56.662Z] GET /api/task-creation/sessions
[2026-02-21T06:13:56.663Z] GET /api/sandbox/environment
✅ 数据库连接成功
[2026-02-21T06:13:56.800Z] GET /api/sandbox/osac/sess_35ff684915754d7c/messages
[2026-02-21T06:14:00.659Z] GET /api/task-creation/sessions/9065d819-b996-413e-81a7-0db73249375a/messages
[2026-02-21T06:14:00.659Z] GET /api/task-creation/sessions/9065d819-b996-413e-81a7-0db73249375a
[2026-02-21T06:14:00.660Z] GET /api/task-creation/sessions/9065d819-b996-413e-81a7-0db73249375a/intent
[2026-02-21T06:14:00.660Z] GET /api/task-creation/sessions/9065d819-b996-413e-81a7-0db73249375a/task-description
[2026-02-21T06:14:00.660Z] GET /api/task-creation/sessions/9065d819-b996-413e-81a7-0db73249375a/execution-plan
[2026-02-21T06:14:00.661Z] GET /api/sandbox/environment
[2026-02-21T06:14:00.661Z] GET /api/task-creation/sessions
[2026-02-21T06:14:00.773Z] GET /api/sandbox/osac/sess_35ff684915754d7c/messages
[2026-02-21T06:14:04.648Z] GET /api/task-creation/sessions/9065d819-b996-413e-81a7-0db73249375a
[2026-02-21T06:14:04.649Z] GET /api/task-creation/sessions/9065d819-b996-413e-81a7-0db73249375a/messages
[2026-02-21T06:14:04.649Z] GET /api/task-creation/sessions/9065d819-b996-413e-81a7-0db73249375a/intent
[2026-02-21T06:14:04.649Z] GET /api/task-creation/sessions/9065d819-b996-413e-81a7-0db73249375a/task-description
[2026-02-21T06:14:04.650Z] GET /api/task-creation/sessions/9065d819-b996-413e-81a7-0db73249375a/execution-plan
[2026-02-21T06:14:04.650Z] GET /api/sandbox/environment
[2026-02-21T06:14:04.650Z] GET /api/task-creation/sessions
[2026-02-21T06:14:04.770Z] GET /api/sandbox/osac/sess_35ff684915754d7c/messages
[2026-02-21T06:14:08.655Z] GET /api/task-creation/sessions/9065d819-b996-413e-81a7-0db73249375a/messages
[2026-02-21T06:14:08.656Z] GET /api/task-creation/sessions/9065d819-b996-413e-81a7-0db73249375a
[2026-02-21T06:14:08.656Z] GET /api/task-creation/sessions/9065d819-b996-413e-81a7-0db73249375a/intent
[2026-02-21T06:14:08.656Z] GET /api/task-creation/sessions/9065d819-b996-413e-81a7-0db73249375a/task-description
[2026-02-21T06:14:08.657Z] GET /api/task-creation/sessions/9065d819-b996-413e-81a7-0db73249375a/execution-plan
[2026-02-21T06:14:08.657Z] GET /api/sandbox/environment
[2026-02-21T06:14:08.657Z] GET /api/task-creation/sessions
[2026-02-21T06:14:08.773Z] GET /api/sandbox/osac/sess_35ff684915754d7c/messages
[2026-02-21T06:14:12.651Z] GET /api/task-creation/sessions/9065d819-b996-413e-81a7-0db73249375a/messages
[2026-02-21T06:14:12.652Z] GET /api/task-creation/sessions/9065d819-b996-413e-81a7-0db73249375a/intent
[2026-02-21T06:14:12.653Z] GET /api/task-creation/sessions/9065d819-b996-413e-81a7-0db73249375a
[2026-02-21T06:14:12.653Z] GET /api/task-creation/sessions/9065d819-b996-413e-81a7-0db73249375a/task-description
[2026-02-21T06:14:12.653Z] GET /api/sandbox/environment
[2026-02-21T06:14:12.653Z] GET /api/task-creation/sessions/9065d819-b996-413e-81a7-0db73249375a/execution-plan
[2026-02-21T06:14:12.654Z] GET /api/task-creation/sessions
✅ 数据库连接成功
[2026-02-21T06:14:12.796Z] GET /api/sandbox/osac/sess_35ff684915754d7c/messages
[2026-02-21T06:14:16.647Z] GET /api/task-creation/sessions/9065d819-b996-413e-81a7-0db73249375a
[2026-02-21T06:14:16.647Z] GET /api/task-creation/sessions/9065d819-b996-413e-81a7-0db73249375a/messages
[2026-02-21T06:14:16.648Z] GET /api/task-creation/sessions/9065d819-b996-413e-81a7-0db73249375a/intent
[2026-02-21T06:14:16.648Z] GET /api/task-creation/sessions/9065d819-b996-413e-81a7-0db73249375a/execution-plan
[2026-02-21T06:14:16.648Z] GET /api/task-creation/sessions/9065d819-b996-413e-81a7-0db73249375a/task-description
[2026-02-21T06:14:16.648Z] GET /api/sandbox/environment
[2026-02-21T06:14:16.649Z] GET /api/task-creation/sessions
[2026-02-21T06:14:16.763Z] GET /api/sandbox/osac/sess_35ff684915754d7c/messages
[2026-02-21T06:14:20.653Z] GET /api/task-creation/sessions/9065d819-b996-413e-81a7-0db73249375a
[2026-02-21T06:14:20.654Z] GET /api/task-creation/sessions/9065d819-b996-413e-81a7-0db73249375a/messages
[2026-02-21T06:14:20.654Z] GET /api/task-creation/sessions/9065d819-b996-413e-81a7-0db73249375a/intent
[2026-02-21T06:14:20.654Z] GET /api/task-creation/sessions/9065d819-b996-413e-81a7-0db73249375a/task-description
[2026-02-21T06:14:20.655Z] GET /api/task-creation/sessions/9065d819-b996-413e-81a7-0db73249375a/execution-plan
[2026-02-21T06:14:20.655Z] GET /api/task-creation/sessions
[2026-02-21T06:14:20.655Z] GET /api/sandbox/environment
[2026-02-21T06:14:20.771Z] GET /api/sandbox/osac/sess_35ff684915754d7c/messages
[2026-02-21T06:14:24.659Z] GET /api/task-creation/sessions/9065d819-b996-413e-81a7-0db73249375a
[2026-02-21T06:14:24.660Z] GET /api/task-creation/sessions/9065d819-b996-413e-81a7-0db73249375a/messages
[2026-02-21T06:14:24.660Z] GET /api/task-creation/sessions/9065d819-b996-413e-81a7-0db73249375a/intent
[2026-02-21T06:14:24.660Z] GET /api/task-creation/sessions/9065d819-b996-413e-81a7-0db73249375a/task-description
[2026-02-21T06:14:24.660Z] GET /api/task-creation/sessions/9065d819-b996-413e-81a7-0db73249375a/execution-plan
[2026-02-21T06:14:24.661Z] GET /api/sandbox/environment
[2026-02-21T06:14:24.661Z] GET /api/task-creation/sessions
[2026-02-21T06:14:24.773Z] GET /api/sandbox/osac/sess_35ff684915754d7c/messages
[2026-02-21T06:14:28.657Z] GET /api/task-creation/sessions/9065d819-b996-413e-81a7-0db73249375a/messages
[2026-02-21T06:14:28.658Z] GET /api/task-creation/sessions/9065d819-b996-413e-81a7-0db73249375a
[2026-02-21T06:14:28.658Z] GET /api/task-creation/sessions/9065d819-b996-413e-81a7-0db73249375a/intent
[2026-02-21T06:14:28.658Z] GET /api/task-creation/sessions/9065d819-b996-413e-81a7-0db73249375a/task-description
[2026-02-21T06:14:28.659Z] GET /api/task-creation/sessions/9065d819-b996-413e-81a7-0db73249375a/execution-plan
[2026-02-21T06:14:28.659Z] GET /api/sandbox/environment
[2026-02-21T06:14:28.659Z] GET /api/task-creation/sessions
✅ 数据库连接成功
[2026-02-21T06:14:28.797Z] GET /api/sandbox/osac/sess_35ff684915754d7c/messages
[2026-02-21T06:14:32.653Z] GET /api/task-creation/sessions/9065d819-b996-413e-81a7-0db73249375a
[2026-02-21T06:14:32.653Z] GET /api/task-creation/sessions/9065d819-b996-413e-81a7-0db73249375a/messages
[2026-02-21T06:14:32.653Z] GET /api/task-creation/sessions/9065d819-b996-413e-81a7-0db73249375a/intent
[2026-02-21T06:14:32.654Z] GET /api/task-creation/sessions/9065d819-b996-413e-81a7-0db73249375a/task-description
[2026-02-21T06:14:32.654Z] GET /api/task-creation/sessions/9065d819-b996-413e-81a7-0db73249375a/execution-plan
[2026-02-21T06:14:32.654Z] GET /api/sandbox/environment
[2026-02-21T06:14:32.655Z] GET /api/task-creation/sessions
[2026-02-21T06:14:32.766Z] GET /api/sandbox/osac/sess_35ff684915754d7c/messages
[2026-02-21T06:14:36.655Z] GET /api/task-creation/sessions/9065d819-b996-413e-81a7-0db73249375a
[2026-02-21T06:14:36.655Z] GET /api/task-creation/sessions/9065d819-b996-413e-81a7-0db73249375a/messages
[2026-02-21T06:14:36.655Z] GET /api/task-creation/sessions/9065d819-b996-413e-81a7-0db73249375a/intent
[2026-02-21T06:14:36.656Z] GET /api/task-creation/sessions/9065d819-b996-413e-81a7-0db73249375a/task-description
[2026-02-21T06:14:36.656Z] GET /api/task-creation/sessions/9065d819-b996-413e-81a7-0db73249375a/execution-plan
[2026-02-21T06:14:36.656Z] GET /api/sandbox/environment
[2026-02-21T06:14:36.656Z] GET /api/task-creation/sessions
[2026-02-21T06:14:36.774Z] GET /api/sandbox/osac/sess_35ff684915754d7c/messages
[2026-02-21T06:14:40.655Z] GET /api/task-creation/sessions/9065d819-b996-413e-81a7-0db73249375a
[2026-02-21T06:14:40.656Z] GET /api/task-creation/sessions/9065d819-b996-413e-81a7-0db73249375a/messages
[2026-02-21T06:14:40.656Z] GET /api/task-creation/sessions/9065d819-b996-413e-81a7-0db73249375a/intent
[2026-02-21T06:14:40.657Z] GET /api/task-creation/sessions/9065d819-b996-413e-81a7-0db73249375a/task-description
[2026-02-21T06:14:40.657Z] GET /api/task-creation/sessions/9065d819-b996-413e-81a7-0db73249375a/execution-plan
[2026-02-21T06:14:40.657Z] GET /api/task-creation/sessions
[2026-02-21T06:14:40.657Z] GET /api/sandbox/environment
[2026-02-21T06:14:40.770Z] GET /api/sandbox/osac/sess_35ff684915754d7c/messages
[2026-02-21T06:14:44.656Z] GET /api/task-creation/sessions/9065d819-b996-413e-81a7-0db73249375a
[2026-02-21T06:14:44.656Z] GET /api/task-creation/sessions/9065d819-b996-413e-81a7-0db73249375a/messages
[2026-02-21T06:14:44.656Z] GET /api/task-creation/sessions/9065d819-b996-413e-81a7-0db73249375a/intent
[2026-02-21T06:14:44.657Z] GET /api/task-creation/sessions/9065d819-b996-413e-81a7-0db73249375a/task-description
[2026-02-21T06:14:44.657Z] GET /api/task-creation/sessions/9065d819-b996-413e-81a7-0db73249375a/execution-plan
[2026-02-21T06:14:44.657Z] GET /api/task-creation/sessions
[2026-02-21T06:14:44.658Z] GET /api/sandbox/environment
✅ 数据库连接成功
[2026-02-21T06:14:44.797Z] GET /api/sandbox/osac/sess_35ff684915754d7c/messages
[2026-02-21T06:14:48.660Z] GET /api/task-creation/sessions/9065d819-b996-413e-81a7-0db73249375a
[2026-02-21T06:14:48.661Z] GET /api/task-creation/sessions/9065d819-b996-413e-81a7-0db73249375a/messages
[2026-02-21T06:14:48.661Z] GET /api/task-creation/sessions/9065d819-b996-413e-81a7-0db73249375a/task-description
[2026-02-21T06:14:48.661Z] GET /api/task-creation/sessions/9065d819-b996-413e-81a7-0db73249375a/intent
[2026-02-21T06:14:48.662Z] GET /api/task-creation/sessions/9065d819-b996-413e-81a7-0db73249375a/execution-plan
[2026-02-21T06:14:48.662Z] GET /api/sandbox/environment
[2026-02-21T06:14:48.662Z] GET /api/task-creation/sessions
[2026-02-21T06:14:48.774Z] GET /api/sandbox/osac/sess_35ff684915754d7c/messages
[2026-02-21T06:14:52.648Z] GET /api/task-creation/sessions/9065d819-b996-413e-81a7-0db73249375a
[2026-02-21T06:14:52.648Z] GET /api/task-creation/sessions/9065d819-b996-413e-81a7-0db73249375a/messages
[2026-02-21T06:14:52.648Z] GET /api/task-creation/sessions/9065d819-b996-413e-81a7-0db73249375a/task-description
[2026-02-21T06:14:52.649Z] GET /api/task-creation/sessions/9065d819-b996-413e-81a7-0db73249375a/intent
[2026-02-21T06:14:52.649Z] GET /api/task-creation/sessions/9065d819-b996-413e-81a7-0db73249375a/execution-plan
[2026-02-21T06:14:52.649Z] GET /api/sandbox/environment
[2026-02-21T06:14:52.649Z] GET /api/task-creation/sessions
[2026-02-21T06:14:52.765Z] GET /api/sandbox/osac/sess_35ff684915754d7c/messages
[2026-02-21T06:14:56.653Z] GET /api/task-creation/sessions
[2026-02-21T06:14:56.654Z] GET /api/task-creation/sessions/9065d819-b996-413e-81a7-0db73249375a/messages
[2026-02-21T06:14:56.654Z] GET /api/task-creation/sessions/9065d819-b996-413e-81a7-0db73249375a
[2026-02-21T06:14:56.654Z] GET /api/task-creation/sessions/9065d819-b996-413e-81a7-0db73249375a/intent
[2026-02-21T06:14:56.655Z] GET /api/task-creation/sessions/9065d819-b996-413e-81a7-0db73249375a/task-description
[2026-02-21T06:14:56.655Z] GET /api/task-creation/sessions/9065d819-b996-413e-81a7-0db73249375a/execution-plan
[2026-02-21T06:14:56.655Z] GET /api/sandbox/environment
[2026-02-21T06:14:56.768Z] GET /api/sandbox/osac/sess_35ff684915754d7c/messages
[2026-02-21T06:15:00.656Z] GET /api/task-creation/sessions/9065d819-b996-413e-81a7-0db73249375a
[2026-02-21T06:15:00.657Z] GET /api/task-creation/sessions/9065d819-b996-413e-81a7-0db73249375a/messages
[2026-02-21T06:15:00.657Z] GET /api/task-creation/sessions/9065d819-b996-413e-81a7-0db73249375a/intent
[2026-02-21T06:15:00.657Z] GET /api/task-creation/sessions/9065d819-b996-413e-81a7-0db73249375a/task-description
[2026-02-21T06:15:00.657Z] GET /api/task-creation/sessions/9065d819-b996-413e-81a7-0db73249375a/execution-plan
[2026-02-21T06:15:00.658Z] GET /api/sandbox/environment
[2026-02-21T06:15:00.658Z] GET /api/task-creation/sessions
✅ 数据库连接成功
[2026-02-21T06:15:00.807Z] GET /api/sandbox/osac/sess_35ff684915754d7c/messages
[2026-02-21T06:15:04.653Z] GET /api/task-creation/sessions/9065d819-b996-413e-81a7-0db73249375a
[2026-02-21T06:15:04.654Z] GET /api/task-creation/sessions/9065d819-b996-413e-81a7-0db73249375a/messages
[2026-02-21T06:15:04.654Z] GET /api/task-creation/sessions/9065d819-b996-413e-81a7-0db73249375a/intent
[2026-02-21T06:15:04.654Z] GET /api/task-creation/sessions/9065d819-b996-413e-81a7-0db73249375a/task-description
[2026-02-21T06:15:04.655Z] GET /api/task-creation/sessions/9065d819-b996-413e-81a7-0db73249375a/execution-plan
[2026-02-21T06:15:04.655Z] GET /api/sandbox/environment
[2026-02-21T06:15:04.655Z] GET /api/task-creation/sessions
[2026-02-21T06:15:04.770Z] GET /api/sandbox/osac/sess_35ff684915754d7c/messages
[2026-02-21T06:15:08.656Z] GET /api/task-creation/sessions/9065d819-b996-413e-81a7-0db73249375a
[2026-02-21T06:15:08.657Z] GET /api/task-creation/sessions/9065d819-b996-413e-81a7-0db73249375a/messages
[2026-02-21T06:15:08.657Z] GET /api/task-creation/sessions/9065d819-b996-413e-81a7-0db73249375a/intent
[2026-02-21T06:15:08.658Z] GET /api/task-creation/sessions/9065d819-b996-413e-81a7-0db73249375a/task-description
[2026-02-21T06:15:08.658Z] GET /api/task-creation/sessions/9065d819-b996-413e-81a7-0db73249375a/execution-plan
[2026-02-21T06:15:08.658Z] GET /api/sandbox/environment
[2026-02-21T06:15:08.659Z] GET /api/task-creation/sessions
[2026-02-21T06:15:08.773Z] GET /api/sandbox/osac/sess_35ff684915754d7c/messages
[2026-02-21T06:15:12.666Z] GET /api/task-creation/sessions/9065d819-b996-413e-81a7-0db73249375a
[2026-02-21T06:15:12.666Z] GET /api/task-creation/sessions/9065d819-b996-413e-81a7-0db73249375a/messages
[2026-02-21T06:15:12.666Z] GET /api/task-creation/sessions/9065d819-b996-413e-81a7-0db73249375a/intent
[2026-02-21T06:15:12.667Z] GET /api/task-creation/sessions/9065d819-b996-413e-81a7-0db73249375a/execution-plan
[2026-02-21T06:15:12.667Z] GET /api/task-creation/sessions/9065d819-b996-413e-81a7-0db73249375a/task-description
[2026-02-21T06:15:12.667Z] GET /api/sandbox/environment
[2026-02-21T06:15:12.667Z] GET /api/task-creation/sessions
[2026-02-21T06:15:12.810Z] GET /api/sandbox/osac/sess_35ff684915754d7c/messages
[2026-02-21T06:15:16.655Z] GET /api/task-creation/sessions/9065d819-b996-413e-81a7-0db73249375a
[2026-02-21T06:15:16.655Z] GET /api/task-creation/sessions/9065d819-b996-413e-81a7-0db73249375a/messages
[2026-02-21T06:15:16.656Z] GET /api/task-creation/sessions/9065d819-b996-413e-81a7-0db73249375a/intent
[2026-02-21T06:15:16.656Z] GET /api/task-creation/sessions/9065d819-b996-413e-81a7-0db73249375a/task-description
[2026-02-21T06:15:16.656Z] GET /api/task-creation/sessions/9065d819-b996-413e-81a7-0db73249375a/execution-plan
[2026-02-21T06:15:16.656Z] GET /api/sandbox/environment
[2026-02-21T06:15:16.657Z] GET /api/task-creation/sessions
✅ 数据库连接成功
[2026-02-21T06:15:16.812Z] GET /api/sandbox/osac/sess_35ff684915754d7c/messages
[2026-02-21T06:15:20.653Z] GET /api/task-creation/sessions/9065d819-b996-413e-81a7-0db73249375a/messages
[2026-02-21T06:15:20.654Z] GET /api/task-creation/sessions/9065d819-b996-413e-81a7-0db73249375a
[2026-02-21T06:15:20.654Z] GET /api/task-creation/sessions/9065d819-b996-413e-81a7-0db73249375a/intent
[2026-02-21T06:15:20.655Z] GET /api/task-creation/sessions/9065d819-b996-413e-81a7-0db73249375a/task-description
[2026-02-21T06:15:20.655Z] GET /api/task-creation/sessions/9065d819-b996-413e-81a7-0db73249375a/execution-plan
[2026-02-21T06:15:20.656Z] GET /api/sandbox/environment
[2026-02-21T06:15:20.656Z] GET /api/task-creation/sessions
[2026-02-21T06:15:20.768Z] GET /api/sandbox/osac/sess_35ff684915754d7c/messages
[2026-02-21T06:15:24.648Z] GET /api/task-creation/sessions/9065d819-b996-413e-81a7-0db73249375a/messages
[2026-02-21T06:15:24.649Z] GET /api/task-creation/sessions/9065d819-b996-413e-81a7-0db73249375a
[2026-02-21T06:15:24.649Z] GET /api/task-creation/sessions/9065d819-b996-413e-81a7-0db73249375a/intent
[2026-02-21T06:15:24.649Z] GET /api/task-creation/sessions/9065d819-b996-413e-81a7-0db73249375a/task-description
[2026-02-21T06:15:24.650Z] GET /api/task-creation/sessions/9065d819-b996-413e-81a7-0db73249375a/execution-plan
[2026-02-21T06:15:24.650Z] GET /api/sandbox/environment
[2026-02-21T06:15:24.650Z] GET /api/task-creation/sessions
[2026-02-21T06:15:24.785Z] GET /api/sandbox/osac/sess_35ff684915754d7c/messages
[2026-02-21T06:15:28.659Z] GET /api/task-creation/sessions/9065d819-b996-413e-81a7-0db73249375a
[2026-02-21T06:15:28.660Z] GET /api/task-creation/sessions/9065d819-b996-413e-81a7-0db73249375a/intent
[2026-02-21T06:15:28.660Z] GET /api/task-creation/sessions/9065d819-b996-413e-81a7-0db73249375a/messages
[2026-02-21T06:15:28.660Z] GET /api/task-creation/sessions/9065d819-b996-413e-81a7-0db73249375a/task-description
[2026-02-21T06:15:28.661Z] GET /api/task-creation/sessions/9065d819-b996-413e-81a7-0db73249375a/execution-plan
[2026-02-21T06:15:28.661Z] GET /api/task-creation/sessions
[2026-02-21T06:15:28.661Z] GET /api/sandbox/environment
[2026-02-21T06:15:28.778Z] GET /api/sandbox/osac/sess_35ff684915754d7c/messages
[2026-02-21T06:15:32.652Z] GET /api/task-creation/sessions/9065d819-b996-413e-81a7-0db73249375a
[2026-02-21T06:15:32.652Z] GET /api/task-creation/sessions/9065d819-b996-413e-81a7-0db73249375a/messages
[2026-02-21T06:15:32.652Z] GET /api/task-creation/sessions/9065d819-b996-413e-81a7-0db73249375a/intent
[2026-02-21T06:15:32.653Z] GET /api/task-creation/sessions/9065d819-b996-413e-81a7-0db73249375a/task-description
[2026-02-21T06:15:32.653Z] GET /api/task-creation/sessions/9065d819-b996-413e-81a7-0db73249375a/execution-plan
[2026-02-21T06:15:32.653Z] GET /api/sandbox/environment
[2026-02-21T06:15:32.653Z] GET /api/task-creation/sessions
✅ 数据库连接成功
[2026-02-21T06:15:32.794Z] GET /api/sandbox/osac/sess_35ff684915754d7c/messages
[2026-02-21T06:15:36.650Z] GET /api/task-creation/sessions/9065d819-b996-413e-81a7-0db73249375a/messages
[2026-02-21T06:15:36.651Z] GET /api/task-creation/sessions/9065d819-b996-413e-81a7-0db73249375a
[2026-02-21T06:15:36.651Z] GET /api/task-creation/sessions/9065d819-b996-413e-81a7-0db73249375a/intent
[2026-02-21T06:15:36.651Z] GET /api/task-creation/sessions/9065d819-b996-413e-81a7-0db73249375a/task-description
[2026-02-21T06:15:36.652Z] GET /api/task-creation/sessions/9065d819-b996-413e-81a7-0db73249375a/execution-plan
[2026-02-21T06:15:36.652Z] GET /api/sandbox/environment
[2026-02-21T06:15:36.652Z] GET /api/task-creation/sessions
[2026-02-21T06:15:36.767Z] GET /api/sandbox/osac/sess_35ff684915754d7c/messages
[2026-02-21T06:15:40.658Z] GET /api/task-creation/sessions/9065d819-b996-413e-81a7-0db73249375a
[2026-02-21T06:15:40.659Z] GET /api/task-creation/sessions/9065d819-b996-413e-81a7-0db73249375a/messages
[2026-02-21T06:15:40.659Z] GET /api/task-creation/sessions/9065d819-b996-413e-81a7-0db73249375a/intent
[2026-02-21T06:15:40.660Z] GET /api/task-creation/sessions/9065d819-b996-413e-81a7-0db73249375a/task-description
[2026-02-21T06:15:40.660Z] GET /api/task-creation/sessions/9065d819-b996-413e-81a7-0db73249375a/execution-plan
[2026-02-21T06:15:40.660Z] GET /api/sandbox/environment
[2026-02-21T06:15:40.661Z] GET /api/task-creation/sessions
[2026-02-21T06:15:40.777Z] GET /api/sandbox/osac/sess_35ff684915754d7c/messages
[2026-02-21T06:15:44.656Z] GET /api/task-creation/sessions/9065d819-b996-413e-81a7-0db73249375a
[2026-02-21T06:15:44.656Z] GET /api/task-creation/sessions/9065d819-b996-413e-81a7-0db73249375a/messages
[2026-02-21T06:15:44.657Z] GET /api/task-creation/sessions/9065d819-b996-413e-81a7-0db73249375a/intent
[2026-02-21T06:15:44.657Z] GET /api/task-creation/sessions/9065d819-b996-413e-81a7-0db73249375a/task-description
[2026-02-21T06:15:44.657Z] GET /api/task-creation/sessions/9065d819-b996-413e-81a7-0db73249375a/execution-plan
[2026-02-21T06:15:44.658Z] GET /api/task-creation/sessions
[2026-02-21T06:15:44.658Z] GET /api/sandbox/environment
[2026-02-21T06:15:44.773Z] GET /api/sandbox/osac/sess_35ff684915754d7c/messages
[2026-02-21T06:15:48.652Z] GET /api/task-creation/sessions/9065d819-b996-413e-81a7-0db73249375a
[2026-02-21T06:15:48.653Z] GET /api/task-creation/sessions/9065d819-b996-413e-81a7-0db73249375a/messages
[2026-02-21T06:15:48.653Z] GET /api/task-creation/sessions/9065d819-b996-413e-81a7-0db73249375a/task-description
[2026-02-21T06:15:48.654Z] GET /api/task-creation/sessions/9065d819-b996-413e-81a7-0db73249375a/intent
[2026-02-21T06:15:48.654Z] GET /api/sandbox/environment
[2026-02-21T06:15:48.654Z] GET /api/task-creation/sessions/9065d819-b996-413e-81a7-0db73249375a/execution-plan
[2026-02-21T06:15:48.654Z] GET /api/task-creation/sessions
✅ 数据库连接成功
[2026-02-21T06:15:48.801Z] GET /api/sandbox/osac/sess_35ff684915754d7c/messages
[2026-02-21T06:15:52.652Z] GET /api/task-creation/sessions/9065d819-b996-413e-81a7-0db73249375a/messages
[2026-02-21T06:15:52.653Z] GET /api/task-creation/sessions/9065d819-b996-413e-81a7-0db73249375a
[2026-02-21T06:15:52.653Z] GET /api/task-creation/sessions/9065d819-b996-413e-81a7-0db73249375a/intent
[2026-02-21T06:15:52.654Z] GET /api/task-creation/sessions/9065d819-b996-413e-81a7-0db73249375a/task-description
[2026-02-21T06:15:52.654Z] GET /api/task-creation/sessions/9065d819-b996-413e-81a7-0db73249375a/execution-plan
[2026-02-21T06:15:52.654Z] GET /api/sandbox/environment
[2026-02-21T06:15:52.654Z] GET /api/task-creation/sessions
[2026-02-21T06:15:52.766Z] GET /api/sandbox/osac/sess_35ff684915754d7c/messages
[2026-02-21T06:15:56.647Z] GET /api/task-creation/sessions/9065d819-b996-413e-81a7-0db73249375a
[2026-02-21T06:15:56.647Z] GET /api/task-creation/sessions/9065d819-b996-413e-81a7-0db73249375a/messages
[2026-02-21T06:15:56.648Z] GET /api/task-creation/sessions/9065d819-b996-413e-81a7-0db73249375a/intent
[2026-02-21T06:15:56.648Z] GET /api/task-creation/sessions/9065d819-b996-413e-81a7-0db73249375a/task-description
[2026-02-21T06:15:56.648Z] GET /api/task-creation/sessions/9065d819-b996-413e-81a7-0db73249375a/execution-plan
[2026-02-21T06:15:56.648Z] GET /api/sandbox/environment
[2026-02-21T06:15:56.649Z] GET /api/task-creation/sessions
[2026-02-21T06:15:56.764Z] GET /api/sandbox/osac/sess_35ff684915754d7c/messages
[2026-02-21T06:16:00.661Z] GET /api/task-creation/sessions/9065d819-b996-413e-81a7-0db73249375a
[2026-02-21T06:16:00.662Z] GET /api/task-creation/sessions/9065d819-b996-413e-81a7-0db73249375a/intent
[2026-02-21T06:16:00.662Z] GET /api/task-creation/sessions/9065d819-b996-413e-81a7-0db73249375a/messages
[2026-02-21T06:16:00.662Z] GET /api/task-creation/sessions/9065d819-b996-413e-81a7-0db73249375a/task-description
[2026-02-21T06:16:00.663Z] GET /api/task-creation/sessions/9065d819-b996-413e-81a7-0db73249375a/execution-plan
[2026-02-21T06:16:00.663Z] GET /api/sandbox/environment
[2026-02-21T06:16:00.663Z] GET /api/task-creation/sessions
[2026-02-21T06:16:00.775Z] GET /api/sandbox/osac/sess_35ff684915754d7c/messages
[2026-02-21T06:16:04.648Z] GET /api/task-creation/sessions/9065d819-b996-413e-81a7-0db73249375a
[2026-02-21T06:16:04.649Z] GET /api/task-creation/sessions/9065d819-b996-413e-81a7-0db73249375a/messages
[2026-02-21T06:16:04.649Z] GET /api/task-creation/sessions/9065d819-b996-413e-81a7-0db73249375a/intent
[2026-02-21T06:16:04.649Z] GET /api/task-creation/sessions/9065d819-b996-413e-81a7-0db73249375a/task-description
[2026-02-21T06:16:04.650Z] GET /api/task-creation/sessions/9065d819-b996-413e-81a7-0db73249375a/execution-plan
[2026-02-21T06:16:04.650Z] GET /api/sandbox/environment
[2026-02-21T06:16:04.650Z] GET /api/task-creation/sessions
✅ 数据库连接成功
[2026-02-21T06:16:04.788Z] GET /api/sandbox/osac/sess_35ff684915754d7c/messages
[2026-02-21T06:16:08.646Z] GET /api/task-creation/sessions/9065d819-b996-413e-81a7-0db73249375a/messages
[2026-02-21T06:16:08.647Z] GET /api/task-creation/sessions/9065d819-b996-413e-81a7-0db73249375a
[2026-02-21T06:16:08.647Z] GET /api/task-creation/sessions/9065d819-b996-413e-81a7-0db73249375a/intent
[2026-02-21T06:16:08.647Z] GET /api/task-creation/sessions/9065d819-b996-413e-81a7-0db73249375a/execution-plan
[2026-02-21T06:16:08.648Z] GET /api/task-creation/sessions/9065d819-b996-413e-81a7-0db73249375a/task-description
[2026-02-21T06:16:08.648Z] GET /api/sandbox/environment
[2026-02-21T06:16:08.648Z] GET /api/task-creation/sessions
[2026-02-21T06:16:08.761Z] GET /api/sandbox/osac/sess_35ff684915754d7c/messages
[2026-02-21T06:16:12.662Z] GET /api/task-creation/sessions/9065d819-b996-413e-81a7-0db73249375a
[2026-02-21T06:16:12.663Z] GET /api/task-creation/sessions/9065d819-b996-413e-81a7-0db73249375a/messages
[2026-02-21T06:16:12.663Z] GET /api/task-creation/sessions/9065d819-b996-413e-81a7-0db73249375a/intent
[2026-02-21T06:16:12.663Z] GET /api/task-creation/sessions/9065d819-b996-413e-81a7-0db73249375a/execution-plan
[2026-02-21T06:16:12.664Z] GET /api/task-creation/sessions/9065d819-b996-413e-81a7-0db73249375a/task-description
[2026-02-21T06:16:12.664Z] GET /api/sandbox/environment
[2026-02-21T06:16:12.664Z] GET /api/task-creation/sessions
[2026-02-21T06:16:12.783Z] GET /api/sandbox/osac/sess_35ff684915754d7c/messages
[2026-02-21T06:16:16.655Z] GET /api/task-creation/sessions/9065d819-b996-413e-81a7-0db73249375a
[2026-02-21T06:16:16.655Z] GET /api/task-creation/sessions/9065d819-b996-413e-81a7-0db73249375a/messages
[2026-02-21T06:16:16.656Z] GET /api/task-creation/sessions/9065d819-b996-413e-81a7-0db73249375a/intent
[2026-02-21T06:16:16.656Z] GET /api/task-creation/sessions/9065d819-b996-413e-81a7-0db73249375a/execution-plan
[2026-02-21T06:16:16.656Z] GET /api/task-creation/sessions/9065d819-b996-413e-81a7-0db73249375a/task-description
[2026-02-21T06:16:16.656Z] GET /api/sandbox/environment
[2026-02-21T06:16:16.657Z] GET /api/task-creation/sessions
[2026-02-21T06:16:16.771Z] GET /api/sandbox/osac/sess_35ff684915754d7c/messages
[2026-02-21T06:16:20.648Z] GET /api/task-creation/sessions/9065d819-b996-413e-81a7-0db73249375a
[2026-02-21T06:16:20.649Z] GET /api/task-creation/sessions/9065d819-b996-413e-81a7-0db73249375a/messages
[2026-02-21T06:16:20.649Z] GET /api/task-creation/sessions/9065d819-b996-413e-81a7-0db73249375a/intent
[2026-02-21T06:16:20.650Z] GET /api/task-creation/sessions/9065d819-b996-413e-81a7-0db73249375a/task-description
[2026-02-21T06:16:20.650Z] GET /api/task-creation/sessions/9065d819-b996-413e-81a7-0db73249375a/execution-plan
[2026-02-21T06:16:20.650Z] GET /api/sandbox/environment
[2026-02-21T06:16:20.650Z] GET /api/task-creation/sessions
✅ 数据库连接成功
[2026-02-21T06:16:20.788Z] GET /api/sandbox/osac/sess_35ff684915754d7c/messages
[2026-02-21T06:16:24.656Z] GET /api/task-creation/sessions/9065d819-b996-413e-81a7-0db73249375a
[2026-02-21T06:16:24.657Z] GET /api/task-creation/sessions/9065d819-b996-413e-81a7-0db73249375a/messages
[2026-02-21T06:16:24.657Z] GET /api/task-creation/sessions/9065d819-b996-413e-81a7-0db73249375a/intent
[2026-02-21T06:16:24.657Z] GET /api/task-creation/sessions/9065d819-b996-413e-81a7-0db73249375a/task-description
[2026-02-21T06:16:24.658Z] GET /api/task-creation/sessions/9065d819-b996-413e-81a7-0db73249375a/execution-plan
[2026-02-21T06:16:24.658Z] GET /api/sandbox/environment
[2026-02-21T06:16:24.658Z] GET /api/task-creation/sessions
[2026-02-21T06:16:24.770Z] GET /api/sandbox/osac/sess_35ff684915754d7c/messages
[2026-02-21T06:16:28.654Z] GET /api/task-creation/sessions/9065d819-b996-413e-81a7-0db73249375a
[2026-02-21T06:16:28.655Z] GET /api/task-creation/sessions/9065d819-b996-413e-81a7-0db73249375a/intent
[2026-02-21T06:16:28.655Z] GET /api/task-creation/sessions/9065d819-b996-413e-81a7-0db73249375a/task-description
[2026-02-21T06:16:28.655Z] GET /api/task-creation/sessions/9065d819-b996-413e-81a7-0db73249375a/messages
[2026-02-21T06:16:28.655Z] GET /api/task-creation/sessions/9065d819-b996-413e-81a7-0db73249375a/execution-plan
[2026-02-21T06:16:28.656Z] GET /api/sandbox/environment
[2026-02-21T06:16:28.656Z] GET /api/task-creation/sessions
[2026-02-21T06:16:28.775Z] GET /api/sandbox/osac/sess_35ff684915754d7c/messages
[2026-02-21T06:16:32.662Z] GET /api/task-creation/sessions/9065d819-b996-413e-81a7-0db73249375a/messages
[2026-02-21T06:16:32.663Z] GET /api/task-creation/sessions/9065d819-b996-413e-81a7-0db73249375a
[2026-02-21T06:16:32.663Z] GET /api/task-creation/sessions/9065d819-b996-413e-81a7-0db73249375a/task-description
[2026-02-21T06:16:32.664Z] GET /api/task-creation/sessions/9065d819-b996-413e-81a7-0db73249375a/intent
[2026-02-21T06:16:32.664Z] GET /api/task-creation/sessions/9065d819-b996-413e-81a7-0db73249375a/execution-plan
[2026-02-21T06:16:32.664Z] GET /api/sandbox/environment
[2026-02-21T06:16:32.664Z] GET /api/task-creation/sessions
[2026-02-21T06:16:32.777Z] GET /api/sandbox/osac/sess_35ff684915754d7c/messages
[2026-02-21T06:16:36.662Z] GET /api/task-creation/sessions/9065d819-b996-413e-81a7-0db73249375a
[2026-02-21T06:16:36.663Z] GET /api/task-creation/sessions/9065d819-b996-413e-81a7-0db73249375a/messages
[2026-02-21T06:16:36.663Z] GET /api/task-creation/sessions/9065d819-b996-413e-81a7-0db73249375a/intent
[2026-02-21T06:16:36.663Z] GET /api/task-creation/sessions/9065d819-b996-413e-81a7-0db73249375a/task-description
[2026-02-21T06:16:36.664Z] GET /api/task-creation/sessions/9065d819-b996-413e-81a7-0db73249375a/execution-plan
[2026-02-21T06:16:36.664Z] GET /api/sandbox/environment
[2026-02-21T06:16:36.664Z] GET /api/task-creation/sessions
✅ 数据库连接成功
[2026-02-21T06:16:36.808Z] GET /api/sandbox/osac/sess_35ff684915754d7c/messages
[2026-02-21T06:16:40.648Z] GET /api/task-creation/sessions/9065d819-b996-413e-81a7-0db73249375a
[2026-02-21T06:16:40.649Z] GET /api/task-creation/sessions/9065d819-b996-413e-81a7-0db73249375a/messages
[2026-02-21T06:16:40.649Z] GET /api/task-creation/sessions/9065d819-b996-413e-81a7-0db73249375a/intent
[2026-02-21T06:16:40.649Z] GET /api/task-creation/sessions/9065d819-b996-413e-81a7-0db73249375a/task-description
[2026-02-21T06:16:40.650Z] GET /api/task-creation/sessions/9065d819-b996-413e-81a7-0db73249375a/execution-plan
[2026-02-21T06:16:40.650Z] GET /api/sandbox/environment
[2026-02-21T06:16:40.650Z] GET /api/task-creation/sessions
[2026-02-21T06:16:40.762Z] GET /api/sandbox/osac/sess_35ff684915754d7c/messages
[2026-02-21T06:16:44.660Z] GET /api/task-creation/sessions/9065d819-b996-413e-81a7-0db73249375a
[2026-02-21T06:16:44.661Z] GET /api/task-creation/sessions/9065d819-b996-413e-81a7-0db73249375a/messages
[2026-02-21T06:16:44.661Z] GET /api/task-creation/sessions/9065d819-b996-413e-81a7-0db73249375a/task-description
[2026-02-21T06:16:44.661Z] GET /api/task-creation/sessions/9065d819-b996-413e-81a7-0db73249375a/intent
[2026-02-21T06:16:44.662Z] GET /api/task-creation/sessions/9065d819-b996-413e-81a7-0db73249375a/execution-plan
[2026-02-21T06:16:44.662Z] GET /api/sandbox/environment
[2026-02-21T06:16:44.662Z] GET /api/task-creation/sessions
[2026-02-21T06:16:44.775Z] GET /api/sandbox/osac/sess_35ff684915754d7c/messages
[2026-02-21T06:16:48.661Z] GET /api/task-creation/sessions/9065d819-b996-413e-81a7-0db73249375a
[2026-02-21T06:16:48.662Z] GET /api/task-creation/sessions/9065d819-b996-413e-81a7-0db73249375a/messages
[2026-02-21T06:16:48.662Z] GET /api/task-creation/sessions/9065d819-b996-413e-81a7-0db73249375a/intent
[2026-02-21T06:16:48.662Z] GET /api/task-creation/sessions/9065d819-b996-413e-81a7-0db73249375a/execution-plan
[2026-02-21T06:16:48.663Z] GET /api/task-creation/sessions/9065d819-b996-413e-81a7-0db73249375a/task-description
[2026-02-21T06:16:48.663Z] GET /api/sandbox/environment
[2026-02-21T06:16:48.663Z] GET /api/task-creation/sessions
[2026-02-21T06:16:48.776Z] GET /api/sandbox/osac/sess_35ff684915754d7c/messages
[2026-02-21T06:16:48.779Z] GET /api/task-creation/sessions
[2026-02-21T06:16:52.037Z] GET /api/task-creation/sessions
[2026-02-21T06:16:53.012Z] GET /api/task-creation/sessions/9065d819-b996-413e-81a7-0db73249375a
[2026-02-21T06:16:53.013Z] GET /api/task-creation/sessions/9065d819-b996-413e-81a7-0db73249375a/messages
[2026-02-21T06:16:53.013Z] GET /api/task-creation/sessions/9065d819-b996-413e-81a7-0db73249375a/intent
[2026-02-21T06:16:53.014Z] GET /api/task-creation/sessions/9065d819-b996-413e-81a7-0db73249375a/task-description
[2026-02-21T06:16:53.014Z] GET /api/task-creation/sessions/9065d819-b996-413e-81a7-0db73249375a/execution-plan
[2026-02-21T06:16:53.014Z] GET /api/sandbox/environment
[2026-02-21T06:16:53.014Z] GET /api/task-creation/sessions
✅ 数据库连接成功
[2026-02-21T06:16:53.155Z] GET /api/sandbox/osac/sess_35ff684915754d7c/messages
[2026-02-21T06:16:57.004Z] GET /api/task-creation/sessions/9065d819-b996-413e-81a7-0db73249375a/messages
[2026-02-21T06:16:57.004Z] GET /api/task-creation/sessions/9065d819-b996-413e-81a7-0db73249375a
[2026-02-21T06:16:57.004Z] GET /api/task-creation/sessions/9065d819-b996-413e-81a7-0db73249375a/intent
[2026-02-21T06:16:57.005Z] GET /api/task-creation/sessions/9065d819-b996-413e-81a7-0db73249375a/task-description
[2026-02-21T06:16:57.005Z] GET /api/task-creation/sessions/9065d819-b996-413e-81a7-0db73249375a/execution-plan
[2026-02-21T06:16:57.005Z] GET /api/sandbox/environment
[2026-02-21T06:16:57.006Z] GET /api/task-creation/sessions
[2026-02-21T06:16:57.118Z] GET /api/sandbox/osac/sess_35ff684915754d7c/messages
[2026-02-21T06:16:57.977Z] GET /api/task-creation/sessions
[2026-02-21T06:17:01.011Z] GET /api/task-creation/sessions/9065d819-b996-413e-81a7-0db73249375a/messages
[2026-02-21T06:17:01.011Z] GET /api/task-creation/sessions/9065d819-b996-413e-81a7-0db73249375a
[2026-02-21T06:17:01.012Z] GET /api/task-creation/sessions/9065d819-b996-413e-81a7-0db73249375a/intent
[2026-02-21T06:17:01.012Z] GET /api/task-creation/sessions/9065d819-b996-413e-81a7-0db73249375a/task-description
[2026-02-21T06:17:01.012Z] GET /api/task-creation/sessions/9065d819-b996-413e-81a7-0db73249375a/execution-plan
[2026-02-21T06:17:01.013Z] GET /api/sandbox/environment
[2026-02-21T06:17:01.013Z] GET /api/task-creation/sessions
[2026-02-21T06:17:01.132Z] GET /api/sandbox/osac/sess_35ff684915754d7c/messages
[2026-02-21T06:17:03.976Z] GET /api/task-creation/sessions
[2026-02-21T06:17:05.009Z] GET /api/task-creation/sessions/9065d819-b996-413e-81a7-0db73249375a
[2026-02-21T06:17:05.010Z] GET /api/task-creation/sessions/9065d819-b996-413e-81a7-0db73249375a/intent
[2026-02-21T06:17:05.011Z] GET /api/task-creation/sessions/9065d819-b996-413e-81a7-0db73249375a/task-description
[2026-02-21T06:17:05.011Z] GET /api/task-creation/sessions/9065d819-b996-413e-81a7-0db73249375a/messages
[2026-02-21T06:17:05.012Z] GET /api/task-creation/sessions/9065d819-b996-413e-81a7-0db73249375a/execution-plan
[2026-02-21T06:17:05.012Z] GET /api/sandbox/environment
[2026-02-21T06:17:05.012Z] GET /api/task-creation/sessions
[2026-02-21T06:17:05.127Z] GET /api/sandbox/osac/sess_35ff684915754d7c/messages
[2026-02-21T06:17:09.014Z] GET /api/task-creation/sessions/9065d819-b996-413e-81a7-0db73249375a
[2026-02-21T06:17:09.014Z] GET /api/task-creation/sessions/9065d819-b996-413e-81a7-0db73249375a/messages
[2026-02-21T06:17:09.015Z] GET /api/task-creation/sessions/9065d819-b996-413e-81a7-0db73249375a/intent
[2026-02-21T06:17:09.015Z] GET /api/task-creation/sessions/9065d819-b996-413e-81a7-0db73249375a/execution-plan
[2026-02-21T06:17:09.016Z] GET /api/task-creation/sessions/9065d819-b996-413e-81a7-0db73249375a/task-description
[2026-02-21T06:17:09.016Z] GET /api/sandbox/environment
[2026-02-21T06:17:09.016Z] GET /api/task-creation/sessions
✅ 数据库连接成功
[2026-02-21T06:17:09.153Z] GET /api/sandbox/osac/sess_35ff684915754d7c/messages
[2026-02-21T06:17:09.974Z] GET /api/task-creation/sessions
[2026-02-21T06:17:13.000Z] GET /api/task-creation/sessions/9065d819-b996-413e-81a7-0db73249375a
[2026-02-21T06:17:13.000Z] GET /api/task-creation/sessions/9065d819-b996-413e-81a7-0db73249375a/messages
[2026-02-21T06:17:13.000Z] GET /api/task-creation/sessions/9065d819-b996-413e-81a7-0db73249375a/intent
[2026-02-21T06:17:13.001Z] GET /api/task-creation/sessions/9065d819-b996-413e-81a7-0db73249375a/task-description
[2026-02-21T06:17:13.001Z] GET /api/sandbox/environment
[2026-02-21T06:17:13.001Z] GET /api/task-creation/sessions/9065d819-b996-413e-81a7-0db73249375a/execution-plan
[2026-02-21T06:17:13.002Z] GET /api/task-creation/sessions
[2026-02-21T06:17:13.130Z] GET /api/sandbox/osac/sess_35ff684915754d7c/messages
[2026-02-21T06:17:15.976Z] GET /api/task-creation/sessions
[2026-02-21T06:17:17.014Z] GET /api/task-creation/sessions/9065d819-b996-413e-81a7-0db73249375a
[2026-02-21T06:17:17.015Z] GET /api/task-creation/sessions/9065d819-b996-413e-81a7-0db73249375a/messages
[2026-02-21T06:17:17.015Z] GET /api/task-creation/sessions/9065d819-b996-413e-81a7-0db73249375a/intent
[2026-02-21T06:17:17.016Z] GET /api/task-creation/sessions/9065d819-b996-413e-81a7-0db73249375a/task-description
[2026-02-21T06:17:17.016Z] GET /api/task-creation/sessions/9065d819-b996-413e-81a7-0db73249375a/execution-plan
[2026-02-21T06:17:17.017Z] GET /api/sandbox/environment
[2026-02-21T06:17:17.017Z] GET /api/task-creation/sessions
[2026-02-21T06:17:17.133Z] GET /api/sandbox/osac/sess_35ff684915754d7c/messages
[2026-02-21T06:17:21.012Z] GET /api/task-creation/sessions/9065d819-b996-413e-81a7-0db73249375a
[2026-02-21T06:17:21.012Z] GET /api/task-creation/sessions/9065d819-b996-413e-81a7-0db73249375a/messages
[2026-02-21T06:17:21.012Z] GET /api/task-creation/sessions/9065d819-b996-413e-81a7-0db73249375a/intent
[2026-02-21T06:17:21.013Z] GET /api/task-creation/sessions/9065d819-b996-413e-81a7-0db73249375a/task-description
[2026-02-21T06:17:21.013Z] GET /api/task-creation/sessions/9065d819-b996-413e-81a7-0db73249375a/execution-plan
[2026-02-21T06:17:21.014Z] GET /api/sandbox/environment
[2026-02-21T06:17:21.014Z] GET /api/task-creation/sessions
[2026-02-21T06:17:21.131Z] GET /api/sandbox/osac/sess_35ff684915754d7c/messages
[2026-02-21T06:17:21.976Z] GET /api/task-creation/sessions
[2026-02-21T06:17:25.003Z] GET /api/task-creation/sessions/9065d819-b996-413e-81a7-0db73249375a
[2026-02-21T06:17:25.004Z] GET /api/task-creation/sessions/9065d819-b996-413e-81a7-0db73249375a/messages
[2026-02-21T06:17:25.004Z] GET /api/task-creation/sessions/9065d819-b996-413e-81a7-0db73249375a/intent
[2026-02-21T06:17:25.004Z] GET /api/task-creation/sessions/9065d819-b996-413e-81a7-0db73249375a/task-description
[2026-02-21T06:17:25.005Z] GET /api/task-creation/sessions/9065d819-b996-413e-81a7-0db73249375a/execution-plan
[2026-02-21T06:17:25.005Z] GET /api/sandbox/environment
[2026-02-21T06:17:25.005Z] GET /api/task-creation/sessions
✅ 数据库连接成功
[2026-02-21T06:17:25.144Z] GET /api/sandbox/osac/sess_35ff684915754d7c/messages
[2026-02-21T06:17:27.976Z] GET /api/task-creation/sessions
[2026-02-21T06:17:29.008Z] GET /api/task-creation/sessions/9065d819-b996-413e-81a7-0db73249375a
[2026-02-21T06:17:29.009Z] GET /api/task-creation/sessions/9065d819-b996-413e-81a7-0db73249375a/messages
[2026-02-21T06:17:29.009Z] GET /api/task-creation/sessions/9065d819-b996-413e-81a7-0db73249375a/task-description
[2026-02-21T06:17:29.009Z] GET /api/task-creation/sessions/9065d819-b996-413e-81a7-0db73249375a/intent
[2026-02-21T06:17:29.010Z] GET /api/sandbox/environment
[2026-02-21T06:17:29.010Z] GET /api/task-creation/sessions/9065d819-b996-413e-81a7-0db73249375a/execution-plan
[2026-02-21T06:17:29.011Z] GET /api/task-creation/sessions
[2026-02-21T06:17:29.131Z] GET /api/sandbox/osac/sess_35ff684915754d7c/messages
[2026-02-21T06:17:33.012Z] GET /api/task-creation/sessions/9065d819-b996-413e-81a7-0db73249375a/messages
[2026-02-21T06:17:33.013Z] GET /api/task-creation/sessions/9065d819-b996-413e-81a7-0db73249375a
[2026-02-21T06:17:33.013Z] GET /api/task-creation/sessions/9065d819-b996-413e-81a7-0db73249375a/intent
[2026-02-21T06:17:33.013Z] GET /api/task-creation/sessions/9065d819-b996-413e-81a7-0db73249375a/task-description
[2026-02-21T06:17:33.013Z] GET /api/task-creation/sessions/9065d819-b996-413e-81a7-0db73249375a/execution-plan
[2026-02-21T06:17:33.014Z] GET /api/sandbox/environment
[2026-02-21T06:17:33.014Z] GET /api/task-creation/sessions
[2026-02-21T06:17:33.133Z] GET /api/sandbox/osac/sess_35ff684915754d7c/messages
[2026-02-21T06:17:33.976Z] GET /api/task-creation/sessions
[2026-02-21T06:17:37.013Z] GET /api/task-creation/sessions/9065d819-b996-413e-81a7-0db73249375a
[2026-02-21T06:17:37.013Z] GET /api/task-creation/sessions/9065d819-b996-413e-81a7-0db73249375a/messages
[2026-02-21T06:17:37.014Z] GET /api/task-creation/sessions/9065d819-b996-413e-81a7-0db73249375a/intent
[2026-02-21T06:17:37.014Z] GET /api/task-creation/sessions/9065d819-b996-413e-81a7-0db73249375a/task-description
[2026-02-21T06:17:37.014Z] GET /api/task-creation/sessions/9065d819-b996-413e-81a7-0db73249375a/execution-plan
[2026-02-21T06:17:37.015Z] GET /api/sandbox/environment
[2026-02-21T06:17:37.015Z] GET /api/task-creation/sessions
[2026-02-21T06:17:37.130Z] GET /api/sandbox/osac/sess_35ff684915754d7c/messages
[2026-02-21T06:17:39.976Z] GET /api/task-creation/sessions
[2026-02-21T06:17:41.011Z] GET /api/task-creation/sessions/9065d819-b996-413e-81a7-0db73249375a
[2026-02-21T06:17:41.012Z] GET /api/task-creation/sessions/9065d819-b996-413e-81a7-0db73249375a/messages
[2026-02-21T06:17:41.012Z] GET /api/task-creation/sessions/9065d819-b996-413e-81a7-0db73249375a/task-description
[2026-02-21T06:17:41.012Z] GET /api/task-creation/sessions/9065d819-b996-413e-81a7-0db73249375a/intent
[2026-02-21T06:17:41.013Z] GET /api/sandbox/environment
[2026-02-21T06:17:41.013Z] GET /api/task-creation/sessions/9065d819-b996-413e-81a7-0db73249375a/execution-plan
[2026-02-21T06:17:41.013Z] GET /api/task-creation/sessions
✅ 数据库连接成功
[2026-02-21T06:17:41.158Z] GET /api/sandbox/osac/sess_35ff684915754d7c/messages
[2026-02-21T06:17:45.004Z] GET /api/task-creation/sessions
[2026-02-21T06:17:45.004Z] GET /api/task-creation/sessions/9065d819-b996-413e-81a7-0db73249375a
[2026-02-21T06:17:45.005Z] GET /api/task-creation/sessions/9065d819-b996-413e-81a7-0db73249375a/messages
[2026-02-21T06:17:45.005Z] GET /api/task-creation/sessions/9065d819-b996-413e-81a7-0db73249375a/intent
[2026-02-21T06:17:45.005Z] GET /api/task-creation/sessions/9065d819-b996-413e-81a7-0db73249375a/task-description
[2026-02-21T06:17:45.005Z] GET /api/task-creation/sessions/9065d819-b996-413e-81a7-0db73249375a/execution-plan
[2026-02-21T06:17:45.006Z] GET /api/sandbox/environment
[2026-02-21T06:17:45.124Z] GET /api/sandbox/osac/sess_35ff684915754d7c/messages
[2026-02-21T06:17:45.976Z] GET /api/task-creation/sessions
[2026-02-21T06:17:51.977Z] GET /api/task-creation/sessions
[2026-02-21T06:17:57.977Z] GET /api/task-creation/sessions
14:18:00 [tsx] change in ./src\clients\osac-client.ts Restarting...
c[OSAC_CONNECTION_MANAGER] fixed_session_mode: disable background health check

🚀 oneceo.ai API Server
━━━━━━━━━━━━━━━━━━━━━━━━━━━━━━━━━━━━━━━━━━━━━
📡 API server running on http://localhost:4000
🔌 WebSocket server running on ws://localhost:4000
🔌 Task Creation WebSocket: ws://localhost:4000/ws/task-creation
🏥 Health check: http://localhost:4000/health
━━━━━━━━━━━━━━━━━━━━━━━━━━━━━━━━━━━━━━━━━━━━━
[OSAC_PERSISTENT_RECOVER_SKIP] fixed_session_mode

✅ 数据库连接成功
[2026-02-21T06:18:03.979Z] GET /api/task-creation/sessions
[2026-02-21T06:18:09.002Z] GET /api/task-creation/sessions/9065d819-b996-413e-81a7-0db73249375a/messages
[2026-02-21T06:18:09.004Z] GET /api/task-creation/sessions/9065d819-b996-413e-81a7-0db73249375a
[2026-02-21T06:18:09.005Z] GET /api/task-creation/sessions/9065d819-b996-413e-81a7-0db73249375a/intent
[2026-02-21T06:18:09.007Z] GET /api/task-creation/sessions/9065d819-b996-413e-81a7-0db73249375a/task-description
[2026-02-21T06:18:09.008Z] GET /api/task-creation/sessions/9065d819-b996-413e-81a7-0db73249375a/execution-plan
[2026-02-21T06:18:09.009Z] GET /api/task-creation/sessions
[2026-02-21T06:18:09.009Z] GET /api/sandbox/environment
[2026-02-21T06:18:09.312Z] GET /api/sandbox/osac/sess_35ff684915754d7c/messages
[2026-02-21T06:18:09.976Z] GET /api/task-creation/sessions
[2026-02-21T06:18:15.976Z] GET /api/task-creation/sessions
14:18:16 [tsx] change in ./src\connectors\osac-connector.ts Restarting...
c[OSAC_CONNECTION_MANAGER] fixed_session_mode: disable background health check

🚀 oneceo.ai API Server
━━━━━━━━━━━━━━━━━━━━━━━━━━━━━━━━━━━━━━━━━━━━━
📡 API server running on http://localhost:4000
🔌 WebSocket server running on ws://localhost:4000
🔌 Task Creation WebSocket: ws://localhost:4000/ws/task-creation
🏥 Health check: http://localhost:4000/health
━━━━━━━━━━━━━━━━━━━━━━━━━━━━━━━━━━━━━━━━━━━━━
[OSAC_PERSISTENT_RECOVER_SKIP] fixed_session_mode

✅ 数据库连接成功
[2026-02-21T06:18:21.980Z] GET /api/task-creation/sessions
[2026-02-21T06:18:27.978Z] GET /api/task-creation/sessions
14:18:32 [tsx] change in ./src\services\opencode-remote-service.ts Restarting...
c[OSAC_CONNECTION_MANAGER] fixed_session_mode: disable background health check

🚀 oneceo.ai API Server
━━━━━━━━━━━━━━━━━━━━━━━━━━━━━━━━━━━━━━━━━━━━━
📡 API server running on http://localhost:4000
🔌 WebSocket server running on ws://localhost:4000
🔌 Task Creation WebSocket: ws://localhost:4000/ws/task-creation
🏥 Health check: http://localhost:4000/health
━━━━━━━━━━━━━━━━━━━━━━━━━━━━━━━━━━━━━━━━━━━━━
[OSAC_PERSISTENT_RECOVER_SKIP] fixed_session_mode

✅ 数据库连接成功
[2026-02-21T06:18:33.980Z] GET /api/task-creation/sessions
[2026-02-21T06:18:39.978Z] GET /api/task-creation/sessions
[2026-02-21T06:18:45.978Z] GET /api/task-creation/sessions
[2026-02-21T06:18:51.974Z] GET /api/task-creation/sessions
[2026-02-21T06:18:57.976Z] GET /api/task-creation/sessions
[2026-02-21T06:19:03.978Z] GET /api/task-creation/sessions
[2026-02-21T06:19:09.010Z] GET /api/task-creation/sessions/9065d819-b996-413e-81a7-0db73249375a/intent
[2026-02-21T06:19:09.014Z] GET /api/task-creation/sessions/9065d819-b996-413e-81a7-0db73249375a/task-description
[2026-02-21T06:19:09.015Z] GET /api/task-creation/sessions/9065d819-b996-413e-81a7-0db73249375a/execution-plan
[2026-02-21T06:19:09.016Z] GET /api/sandbox/environment
[2026-02-21T06:19:09.017Z] GET /api/task-creation/sessions/9065d819-b996-413e-81a7-0db73249375a/messages
[2026-02-21T06:19:09.017Z] GET /api/task-creation/sessions/9065d819-b996-413e-81a7-0db73249375a
[2026-02-21T06:19:09.017Z] GET /api/task-creation/sessions
✅ 数据库连接成功
[2026-02-21T06:19:09.314Z] GET /api/sandbox/osac/sess_35ff684915754d7c/messages
[2026-02-21T06:19:09.977Z] GET /api/task-creation/sessions
[2026-02-21T06:19:15.978Z] GET /api/task-creation/sessions
[2026-02-21T06:19:21.977Z] GET /api/task-creation/sessions
[2026-02-21T06:19:27.974Z] GET /api/task-creation/sessions
[2026-02-21T06:19:33.978Z] GET /api/task-creation/sessions
[2026-02-21T06:19:39.978Z] GET /api/task-creation/sessions
[2026-02-21T06:19:45.978Z] GET /api/task-creation/sessions
[2026-02-21T06:19:51.978Z] GET /api/task-creation/sessions
[2026-02-21T06:19:57.975Z] GET /api/task-creation/sessions
[2026-02-21T06:20:03.978Z] GET /api/task-creation/sessions
[2026-02-21T06:20:09.014Z] GET /api/task-creation/sessions/9065d819-b996-413e-81a7-0db73249375a
[2026-02-21T06:20:09.014Z] GET /api/task-creation/sessions/9065d819-b996-413e-81a7-0db73249375a/intent
[2026-02-21T06:20:09.015Z] GET /api/task-creation/sessions/9065d819-b996-413e-81a7-0db73249375a/task-description
[2026-02-21T06:20:09.016Z] GET /api/task-creation/sessions/9065d819-b996-413e-81a7-0db73249375a/messages
[2026-02-21T06:20:09.016Z] GET /api/task-creation/sessions/9065d819-b996-413e-81a7-0db73249375a/execution-plan
[2026-02-21T06:20:09.017Z] GET /api/task-creation/sessions
[2026-02-21T06:20:09.017Z] GET /api/sandbox/environment
✅ 数据库连接成功
[2026-02-21T06:20:09.339Z] GET /api/sandbox/osac/sess_35ff684915754d7c/messages
[2026-02-21T06:20:09.978Z] GET /api/task-creation/sessions
[2026-02-21T06:20:15.979Z] GET /api/task-creation/sessions
[2026-02-21T06:20:21.974Z] GET /api/task-creation/sessions
[2026-02-21T06:20:27.979Z] GET /api/task-creation/sessions
[2026-02-21T06:20:33.978Z] GET /api/task-creation/sessions
[2026-02-21T06:20:39.979Z] GET /api/task-creation/sessions
[2026-02-21T06:20:45.976Z] GET /api/task-creation/sessions
[2026-02-21T06:20:51.978Z] GET /api/task-creation/sessions
[2026-02-21T06:20:57.979Z] GET /api/task-creation/sessions
[2026-02-21T06:21:03.979Z] GET /api/task-creation/sessions
[2026-02-21T06:21:09.021Z] GET /api/task-creation/sessions/9065d819-b996-413e-81a7-0db73249375a
[2026-02-21T06:21:09.022Z] GET /api/task-creation/sessions/9065d819-b996-413e-81a7-0db73249375a/messages
[2026-02-21T06:21:09.023Z] GET /api/task-creation/sessions/9065d819-b996-413e-81a7-0db73249375a/intent
[2026-02-21T06:21:09.023Z] GET /api/task-creation/sessions/9065d819-b996-413e-81a7-0db73249375a/task-description
[2026-02-21T06:21:09.024Z] GET /api/task-creation/sessions/9065d819-b996-413e-81a7-0db73249375a/execution-plan
[2026-02-21T06:21:09.025Z] GET /api/sandbox/environment
[2026-02-21T06:21:09.025Z] GET /api/task-creation/sessions
✅ 数据库连接成功
[2026-02-21T06:21:09.328Z] GET /api/sandbox/osac/sess_35ff684915754d7c/messages
[2026-02-21T06:21:09.979Z] GET /api/task-creation/sessions
[2026-02-21T06:21:15.979Z] GET /api/task-creation/sessions
[2026-02-21T06:21:21.973Z] GET /api/task-creation/sessions
[2026-02-21T06:21:27.978Z] GET /api/task-creation/sessions
[2026-02-21T06:21:33.978Z] GET /api/task-creation/sessions
[2026-02-21T06:21:39.977Z] GET /api/task-creation/sessions
[2026-02-21T06:21:45.975Z] GET /api/task-creation/sessions
[2026-02-21T06:21:51.973Z] GET /api/task-creation/sessions
[2026-02-21T06:21:57.973Z] GET /api/task-creation/sessions
[2026-02-21T06:22:03.973Z] GET /api/task-creation/sessions
[2026-02-21T06:22:09.001Z] GET /api/task-creation/sessions/9065d819-b996-413e-81a7-0db73249375a
[2026-02-21T06:22:09.001Z] GET /api/task-creation/sessions/9065d819-b996-413e-81a7-0db73249375a/intent
[2026-02-21T06:22:09.002Z] GET /api/task-creation/sessions/9065d819-b996-413e-81a7-0db73249375a/messages
[2026-02-21T06:22:09.003Z] GET /api/task-creation/sessions/9065d819-b996-413e-81a7-0db73249375a/task-description
[2026-02-21T06:22:09.003Z] GET /api/task-creation/sessions/9065d819-b996-413e-81a7-0db73249375a/execution-plan
[2026-02-21T06:22:09.004Z] GET /api/sandbox/environment
[2026-02-21T06:22:09.004Z] GET /api/task-creation/sessions
✅ 数据库连接成功
[2026-02-21T06:22:09.344Z] GET /api/sandbox/osac/sess_35ff684915754d7c/messages
[2026-02-21T06:22:09.973Z] GET /api/task-creation/sessions
[2026-02-21T06:22:15.973Z] GET /api/task-creation/sessions
[2026-02-21T06:22:21.973Z] GET /api/task-creation/sessions
[2026-02-21T06:22:27.974Z] GET /api/task-creation/sessions
[2026-02-21T06:22:33.973Z] GET /api/task-creation/sessions
[2026-02-21T06:22:39.974Z] GET /api/task-creation/sessions
[2026-02-21T06:22:45.974Z] GET /api/task-creation/sessions
[2026-02-21T06:22:51.974Z] GET /api/task-creation/sessions
[2026-02-21T06:22:57.974Z] GET /api/task-creation/sessions
[2026-02-21T06:23:03.974Z] GET /api/task-creation/sessions
[2026-02-21T06:23:09.014Z] GET /api/task-creation/sessions/9065d819-b996-413e-81a7-0db73249375a
[2026-02-21T06:23:09.015Z] GET /api/task-creation/sessions/9065d819-b996-413e-81a7-0db73249375a/messages
[2026-02-21T06:23:09.015Z] GET /api/task-creation/sessions/9065d819-b996-413e-81a7-0db73249375a/intent
[2026-02-21T06:23:09.016Z] GET /api/task-creation/sessions/9065d819-b996-413e-81a7-0db73249375a/task-description
[2026-02-21T06:23:09.017Z] GET /api/task-creation/sessions/9065d819-b996-413e-81a7-0db73249375a/execution-plan
[2026-02-21T06:23:09.017Z] GET /api/sandbox/environment
[2026-02-21T06:23:09.018Z] GET /api/task-creation/sessions
✅ 数据库连接成功
[2026-02-21T06:23:09.329Z] GET /api/sandbox/osac/sess_35ff684915754d7c/messages
[2026-02-21T06:23:09.974Z] GET /api/task-creation/sessions
[2026-02-21T06:23:15.975Z] GET /api/task-creation/sessions
[2026-02-21T06:23:21.975Z] GET /api/task-creation/sessions
[2026-02-21T06:23:27.974Z] GET /api/task-creation/sessions
[2026-02-21T06:23:33.975Z] GET /api/task-creation/sessions
[2026-02-21T06:23:39.975Z] GET /api/task-creation/sessions
[2026-02-21T06:23:45.975Z] GET /api/task-creation/sessions
[2026-02-21T06:23:51.975Z] GET /api/task-creation/sessions
[2026-02-21T06:23:57.973Z] GET /api/task-creation/sessions
[2026-02-21T06:24:03.976Z] GET /api/task-creation/sessions
[2026-02-21T06:24:09.013Z] GET /api/task-creation/sessions/9065d819-b996-413e-81a7-0db73249375a
[2026-02-21T06:24:09.014Z] GET /api/task-creation/sessions/9065d819-b996-413e-81a7-0db73249375a/intent
[2026-02-21T06:24:09.014Z] GET /api/task-creation/sessions/9065d819-b996-413e-81a7-0db73249375a/messages
[2026-02-21T06:24:09.015Z] GET /api/task-creation/sessions/9065d819-b996-413e-81a7-0db73249375a/task-description
[2026-02-21T06:24:09.015Z] GET /api/task-creation/sessions/9065d819-b996-413e-81a7-0db73249375a/execution-plan
[2026-02-21T06:24:09.016Z] GET /api/sandbox/environment
[2026-02-21T06:24:09.016Z] GET /api/task-creation/sessions
✅ 数据库连接成功
[2026-02-21T06:24:09.293Z] GET /api/sandbox/osac/sess_35ff684915754d7c/messages
[2026-02-21T06:24:09.976Z] GET /api/task-creation/sessions
[2026-02-21T06:24:15.975Z] GET /api/task-creation/sessions
[2026-02-21T06:24:21.974Z] GET /api/task-creation/sessions
[2026-02-21T06:24:27.976Z] GET /api/task-creation/sessions
[2026-02-21T06:24:33.976Z] GET /api/task-creation/sessions
[2026-02-21T06:24:39.973Z] GET /api/task-creation/sessions
[2026-02-21T06:24:45.975Z] GET /api/task-creation/sessions
[2026-02-21T06:24:51.975Z] GET /api/task-creation/sessions
[2026-02-21T06:24:57.975Z] GET /api/task-creation/sessions
[2026-02-21T06:25:03.976Z] GET /api/task-creation/sessions
[2026-02-21T06:25:09.005Z] GET /api/task-creation/sessions/9065d819-b996-413e-81a7-0db73249375a
[2026-02-21T06:25:09.005Z] GET /api/task-creation/sessions/9065d819-b996-413e-81a7-0db73249375a/messages
[2026-02-21T06:25:09.005Z] GET /api/sandbox/environment
[2026-02-21T06:25:09.006Z] GET /api/task-creation/sessions/9065d819-b996-413e-81a7-0db73249375a/intent
[2026-02-21T06:25:09.007Z] GET /api/task-creation/sessions/9065d819-b996-413e-81a7-0db73249375a/execution-plan
[2026-02-21T06:25:09.007Z] GET /api/task-creation/sessions/9065d819-b996-413e-81a7-0db73249375a/task-description
[2026-02-21T06:25:09.007Z] GET /api/task-creation/sessions
✅ 数据库连接成功
[2026-02-21T06:25:09.260Z] GET /api/sandbox/osac/sess_35ff684915754d7c/messages
[2026-02-21T06:25:09.976Z] GET /api/task-creation/sessions
[2026-02-21T06:25:15.975Z] GET /api/task-creation/sessions
[2026-02-21T06:25:21.976Z] GET /api/task-creation/sessions
[2026-02-21T06:25:27.976Z] GET /api/task-creation/sessions
[2026-02-21T06:25:33.976Z] GET /api/task-creation/sessions
14:25:35 [tsx] change in ./src\services\osac-connection-manager.ts Restarting...
c[OSAC_CONNECTION_MANAGER] fixed_session_mode: disable background health check

🚀 oneceo.ai API Server
━━━━━━━━━━━━━━━━━━━━━━━━━━━━━━━━━━━━━━━━━━━━━
📡 API server running on http://localhost:4000
🔌 WebSocket server running on ws://localhost:4000
🔌 Task Creation WebSocket: ws://localhost:4000/ws/task-creation
🏥 Health check: http://localhost:4000/health
━━━━━━━━━━━━━━━━━━━━━━━━━━━━━━━━━━━━━━━━━━━━━
[OSAC_PERSISTENT_RECOVER_SKIP] fixed_session_mode

✅ 数据库连接成功
[2026-02-21T06:25:39.979Z] GET /api/task-creation/sessions
[2026-02-21T06:25:45.977Z] GET /api/task-creation/sessions
[2026-02-21T06:25:51.977Z] GET /api/task-creation/sessions
[2026-02-21T06:25:57.977Z] GET /api/task-creation/sessions
[2026-02-21T06:26:03.977Z] GET /api/task-creation/sessions
[2026-02-21T06:26:09.015Z] GET /api/task-creation/sessions/9065d819-b996-413e-81a7-0db73249375a/task-description
[2026-02-21T06:26:09.018Z] GET /api/task-creation/sessions/9065d819-b996-413e-81a7-0db73249375a/execution-plan
[2026-02-21T06:26:09.020Z] GET /api/sandbox/environment
[2026-02-21T06:26:09.021Z] GET /api/task-creation/sessions/9065d819-b996-413e-81a7-0db73249375a
[2026-02-21T06:26:09.021Z] GET /api/task-creation/sessions/9065d819-b996-413e-81a7-0db73249375a/messages
[2026-02-21T06:26:09.021Z] GET /api/task-creation/sessions/9065d819-b996-413e-81a7-0db73249375a/intent
[2026-02-21T06:26:09.022Z] GET /api/task-creation/sessions
✅ 数据库连接成功
[2026-02-21T06:26:09.344Z] GET /api/sandbox/osac/sess_35ff684915754d7c/messages
[2026-02-21T06:26:09.977Z] GET /api/task-creation/sessions
[2026-02-21T06:26:15.977Z] GET /api/task-creation/sessions
[2026-02-21T06:26:21.977Z] GET /api/task-creation/sessions
[2026-02-21T06:26:27.977Z] GET /api/task-creation/sessions
[2026-02-21T06:26:33.977Z] GET /api/task-creation/sessions
[2026-02-21T06:26:39.978Z] GET /api/task-creation/sessions
[2026-02-21T06:26:45.978Z] GET /api/task-creation/sessions
[2026-02-21T06:26:51.978Z] GET /api/task-creation/sessions
14:26:57 [tsx] change in ./src\services\osac-agent-service.ts Restarting...
c[OSAC_CONNECTION_MANAGER] fixed_session_mode: disable background health check

🚀 oneceo.ai API Server
━━━━━━━━━━━━━━━━━━━━━━━━━━━━━━━━━━━━━━━━━━━━━
📡 API server running on http://localhost:4000
🔌 WebSocket server running on ws://localhost:4000
🔌 Task Creation WebSocket: ws://localhost:4000/ws/task-creation
🏥 Health check: http://localhost:4000/health
━━━━━━━━━━━━━━━━━━━━━━━━━━━━━━━━━━━━━━━━━━━━━
[OSAC_PERSISTENT_RECOVER_SKIP] fixed_session_mode

[2026-02-21T06:26:59.237Z] GET /api/task-creation/sessions
✅ 数据库连接成功
[2026-02-21T06:27:03.978Z] GET /api/task-creation/sessions
[2026-02-21T06:27:09.012Z] GET /api/task-creation/sessions/9065d819-b996-413e-81a7-0db73249375a/task-description
[2026-02-21T06:27:09.015Z] GET /api/task-creation/sessions/9065d819-b996-413e-81a7-0db73249375a/execution-plan
[2026-02-21T06:27:09.016Z] GET /api/sandbox/environment
[2026-02-21T06:27:09.017Z] GET /api/task-creation/sessions/9065d819-b996-413e-81a7-0db73249375a
[2026-02-21T06:27:09.018Z] GET /api/task-creation/sessions/9065d819-b996-413e-81a7-0db73249375a/intent
[2026-02-21T06:27:09.018Z] GET /api/task-creation/sessions/9065d819-b996-413e-81a7-0db73249375a/messages
[2026-02-21T06:27:09.019Z] GET /api/task-creation/sessions
[2026-02-21T06:27:09.253Z] GET /api/sandbox/osac/sess_35ff684915754d7c/messages
[2026-02-21T06:27:09.978Z] GET /api/task-creation/sessions
[2026-02-21T06:27:15.979Z] GET /api/task-creation/sessions
[2026-02-21T06:27:21.979Z] GET /api/task-creation/sessions
[2026-02-21T06:27:27.977Z] GET /api/task-creation/sessions
[2026-02-21T06:27:33.979Z] GET /api/task-creation/sessions
14:27:39 [tsx] change in ./src\services\osac-agent-service.ts Restarting...
c[OSAC_CONNECTION_MANAGER] fixed_session_mode: disable background health check

🚀 oneceo.ai API Server
━━━━━━━━━━━━━━━━━━━━━━━━━━━━━━━━━━━━━━━━━━━━━
📡 API server running on http://localhost:4000
🔌 WebSocket server running on ws://localhost:4000
🔌 Task Creation WebSocket: ws://localhost:4000/ws/task-creation
🏥 Health check: http://localhost:4000/health
━━━━━━━━━━━━━━━━━━━━━━━━━━━━━━━━━━━━━━━━━━━━━
[OSAC_PERSISTENT_RECOVER_SKIP] fixed_session_mode

[2026-02-21T06:27:41.500Z] GET /api/task-creation/sessions
✅ 数据库连接成功
[2026-02-21T06:27:45.979Z] GET /api/task-creation/sessions
[2026-02-21T06:27:51.976Z] GET /api/task-creation/sessions
[2026-02-21T06:27:57.979Z] GET /api/task-creation/sessions
[2026-02-21T06:28:03.979Z] GET /api/task-creation/sessions
[2026-02-21T06:28:09.009Z] GET /api/task-creation/sessions/9065d819-b996-413e-81a7-0db73249375a/intent
[2026-02-21T06:28:09.012Z] GET /api/task-creation/sessions/9065d819-b996-413e-81a7-0db73249375a/task-description
[2026-02-21T06:28:09.013Z] GET /api/task-creation/sessions/9065d819-b996-413e-81a7-0db73249375a/execution-plan
[2026-02-21T06:28:09.014Z] GET /api/sandbox/environment
[2026-02-21T06:28:09.015Z] GET /api/task-creation/sessions/9065d819-b996-413e-81a7-0db73249375a
[2026-02-21T06:28:09.015Z] GET /api/task-creation/sessions/9065d819-b996-413e-81a7-0db73249375a/messages
[2026-02-21T06:28:09.016Z] GET /api/task-creation/sessions
✅ 数据库连接成功
[2026-02-21T06:28:09.258Z] GET /api/sandbox/osac/sess_35ff684915754d7c/messages
[2026-02-21T06:28:09.979Z] GET /api/task-creation/sessions
14:28:10 [tsx] change in ./src\connectors\osac-connector.ts Restarting...
c[OSAC_CONNECTION_MANAGER] fixed_session_mode: disable background health check

🚀 oneceo.ai API Server
━━━━━━━━━━━━━━━━━━━━━━━━━━━━━━━━━━━━━━━━━━━━━
📡 API server running on http://localhost:4000
🔌 WebSocket server running on ws://localhost:4000
🔌 Task Creation WebSocket: ws://localhost:4000/ws/task-creation
🏥 Health check: http://localhost:4000/health
━━━━━━━━━━━━━━━━━━━━━━━━━━━━━━━━━━━━━━━━━━━━━
[OSAC_PERSISTENT_RECOVER_SKIP] fixed_session_mode

✅ 数据库连接成功
[2026-02-21T06:28:15.981Z] GET /api/task-creation/sessions
[2026-02-21T06:28:21.973Z] GET /api/task-creation/sessions
[2026-02-21T06:28:27.979Z] GET /api/task-creation/sessions
[2026-02-21T06:28:33.979Z] GET /api/task-creation/sessions
[2026-02-21T06:28:39.979Z] GET /api/task-creation/sessions
[2026-02-21T06:28:45.979Z] GET /api/task-creation/sessions
[2026-02-21T06:28:51.979Z] GET /api/task-creation/sessions
[2026-02-21T06:28:57.978Z] GET /api/task-creation/sessions
[2026-02-21T06:29:03.976Z] GET /api/task-creation/sessions
[2026-02-21T06:29:09.006Z] GET /api/task-creation/sessions/9065d819-b996-413e-81a7-0db73249375a
[2026-02-21T06:29:09.007Z] GET /api/task-creation/sessions/9065d819-b996-413e-81a7-0db73249375a/messages
[2026-02-21T06:29:09.007Z] GET /api/task-creation/sessions/9065d819-b996-413e-81a7-0db73249375a/intent
[2026-02-21T06:29:09.010Z] GET /api/task-creation/sessions/9065d819-b996-413e-81a7-0db73249375a/task-description
[2026-02-21T06:29:09.011Z] GET /api/sandbox/environment
[2026-02-21T06:29:09.012Z] GET /api/task-creation/sessions/9065d819-b996-413e-81a7-0db73249375a/execution-plan
[2026-02-21T06:29:09.012Z] GET /api/task-creation/sessions
✅ 数据库连接成功
[2026-02-21T06:29:09.264Z] GET /api/sandbox/osac/sess_35ff684915754d7c/messages
[2026-02-21T06:29:09.979Z] GET /api/task-creation/sessions
[2026-02-21T06:29:15.977Z] GET /api/task-creation/sessions
[2026-02-21T06:29:22.008Z] GET /api/task-creation/sessions
[2026-02-21T06:29:27.980Z] GET /api/task-creation/sessions
[2026-02-21T06:29:33.973Z] GET /api/task-creation/sessions
[2026-02-21T06:29:39.973Z] GET /api/task-creation/sessions
[2026-02-21T06:29:45.973Z] GET /api/task-creation/sessions
[2026-02-21T06:29:51.974Z] GET /api/task-creation/sessions
[2026-02-21T06:29:57.973Z] GET /api/task-creation/sessions
[2026-02-21T06:30:03.979Z] GET /api/task-creation/sessions
[2026-02-21T06:30:09.008Z] GET /api/task-creation/sessions/9065d819-b996-413e-81a7-0db73249375a/task-description
[2026-02-21T06:30:09.010Z] GET /api/sandbox/environment
[2026-02-21T06:30:09.010Z] GET /api/task-creation/sessions/9065d819-b996-413e-81a7-0db73249375a/execution-plan
[2026-02-21T06:30:09.011Z] GET /api/task-creation/sessions
[2026-02-21T06:30:09.011Z] GET /api/task-creation/sessions/9065d819-b996-413e-81a7-0db73249375a
[2026-02-21T06:30:09.011Z] GET /api/task-creation/sessions/9065d819-b996-413e-81a7-0db73249375a/messages
[2026-02-21T06:30:09.011Z] GET /api/task-creation/sessions/9065d819-b996-413e-81a7-0db73249375a/intent
✅ 数据库连接成功
[2026-02-21T06:30:09.330Z] GET /api/sandbox/osac/sess_35ff684915754d7c/messages
[2026-02-21T06:30:09.973Z] GET /api/task-creation/sessions
[2026-02-21T06:30:15.975Z] GET /api/task-creation/sessions
[2026-02-21T06:30:21.973Z] GET /api/task-creation/sessions
[2026-02-21T06:30:27.973Z] GET /api/task-creation/sessions
[2026-02-21T06:30:33.974Z] GET /api/task-creation/sessions
[2026-02-21T06:30:39.974Z] GET /api/task-creation/sessions
[2026-02-21T06:30:45.974Z] GET /api/task-creation/sessions
[2026-02-21T06:30:51.973Z] GET /api/task-creation/sessions
[2026-02-21T06:30:57.973Z] GET /api/task-creation/sessions
[2026-02-21T06:31:03.980Z] GET /api/task-creation/sessions
[2026-02-21T06:31:09.015Z] GET /api/task-creation/sessions/9065d819-b996-413e-81a7-0db73249375a
[2026-02-21T06:31:09.016Z] GET /api/task-creation/sessions/9065d819-b996-413e-81a7-0db73249375a/messages
[2026-02-21T06:31:09.016Z] GET /api/task-creation/sessions/9065d819-b996-413e-81a7-0db73249375a/intent
[2026-02-21T06:31:09.017Z] GET /api/task-creation/sessions/9065d819-b996-413e-81a7-0db73249375a/task-description
[2026-02-21T06:31:09.018Z] GET /api/sandbox/environment
[2026-02-21T06:31:09.019Z] GET /api/task-creation/sessions/9065d819-b996-413e-81a7-0db73249375a/execution-plan
[2026-02-21T06:31:09.019Z] GET /api/task-creation/sessions
✅ 数据库连接成功
[2026-02-21T06:31:09.308Z] GET /api/sandbox/osac/sess_35ff684915754d7c/messages
[2026-02-21T06:31:09.974Z] GET /api/task-creation/sessions
14:31:14 [tsx] change in ./src\connectors\osac-connector.ts Restarting...
c[OSAC_CONNECTION_MANAGER] fixed_session_mode: disable background health check

🚀 oneceo.ai API Server
━━━━━━━━━━━━━━━━━━━━━━━━━━━━━━━━━━━━━━━━━━━━━
📡 API server running on http://localhost:4000
🔌 WebSocket server running on ws://localhost:4000
🔌 Task Creation WebSocket: ws://localhost:4000/ws/task-creation
🏥 Health check: http://localhost:4000/health
━━━━━━━━━━━━━━━━━━━━━━━━━━━━━━━━━━━━━━━━━━━━━
[OSAC_PERSISTENT_RECOVER_SKIP] fixed_session_mode

✅ 数据库连接成功
[2026-02-21T06:31:16.479Z] GET /api/task-creation/sessions
[2026-02-21T06:31:21.975Z] GET /api/task-creation/sessions
[2026-02-21T06:31:27.979Z] GET /api/task-creation/sessions
[2026-02-21T06:31:33.975Z] GET /api/task-creation/sessions
[2026-02-21T06:31:39.975Z] GET /api/task-creation/sessions
[2026-02-21T06:31:45.975Z] GET /api/task-creation/sessions
[2026-02-21T06:31:51.975Z] GET /api/task-creation/sessions
[2026-02-21T06:31:57.975Z] GET /api/task-creation/sessions
[2026-02-21T06:32:03.975Z] GET /api/task-creation/sessions
[2026-02-21T06:32:09.012Z] GET /api/task-creation/sessions/9065d819-b996-413e-81a7-0db73249375a/task-description
[2026-02-21T06:32:09.015Z] GET /api/task-creation/sessions/9065d819-b996-413e-81a7-0db73249375a/execution-plan
[2026-02-21T06:32:09.016Z] GET /api/sandbox/environment
[2026-02-21T06:32:09.017Z] GET /api/task-creation/sessions/9065d819-b996-413e-81a7-0db73249375a
[2026-02-21T06:32:09.017Z] GET /api/task-creation/sessions/9065d819-b996-413e-81a7-0db73249375a/messages
[2026-02-21T06:32:09.018Z] GET /api/task-creation/sessions/9065d819-b996-413e-81a7-0db73249375a/intent
[2026-02-21T06:32:09.018Z] GET /api/task-creation/sessions
✅ 数据库连接成功
[2026-02-21T06:32:09.372Z] GET /api/sandbox/osac/sess_35ff684915754d7c/messages
[2026-02-21T06:32:09.975Z] GET /api/task-creation/sessions
[2026-02-21T06:32:15.974Z] GET /api/task-creation/sessions
[2026-02-21T06:32:21.976Z] GET /api/task-creation/sessions
[2026-02-21T06:32:27.975Z] GET /api/task-creation/sessions
[2026-02-21T06:32:33.975Z] GET /api/task-creation/sessions
[2026-02-21T06:32:39.974Z] GET /api/task-creation/sessions
14:32:44 [tsx] change in ./src\services\osac-agent-service.ts Restarting...
c[OSAC_CONNECTION_MANAGER] fixed_session_mode: disable background health check

🚀 oneceo.ai API Server
━━━━━━━━━━━━━━━━━━━━━━━━━━━━━━━━━━━━━━━━━━━━━
📡 API server running on http://localhost:4000
🔌 WebSocket server running on ws://localhost:4000
🔌 Task Creation WebSocket: ws://localhost:4000/ws/task-creation
🏥 Health check: http://localhost:4000/health
━━━━━━━━━━━━━━━━━━━━━━━━━━━━━━━━━━━━━━━━━━━━━
[OSAC_PERSISTENT_RECOVER_SKIP] fixed_session_mode

[2026-02-21T06:32:46.242Z] GET /api/task-creation/sessions
✅ 数据库连接成功
[2026-02-21T06:32:51.977Z] GET /api/task-creation/sessions
[2026-02-21T06:32:57.977Z] GET /api/task-creation/sessions
[2026-02-21T06:33:03.976Z] GET /api/task-creation/sessions
[2026-02-21T06:33:09.006Z] GET /api/task-creation/sessions/9065d819-b996-413e-81a7-0db73249375a/intent
[2026-02-21T06:33:09.009Z] GET /api/task-creation/sessions/9065d819-b996-413e-81a7-0db73249375a/task-description
[2026-02-21T06:33:09.010Z] GET /api/task-creation/sessions/9065d819-b996-413e-81a7-0db73249375a/execution-plan
[2026-02-21T06:33:09.011Z] GET /api/sandbox/environment
[2026-02-21T06:33:09.012Z] GET /api/task-creation/sessions/9065d819-b996-413e-81a7-0db73249375a
[2026-02-21T06:33:09.012Z] GET /api/task-creation/sessions/9065d819-b996-413e-81a7-0db73249375a/messages
[2026-02-21T06:33:09.013Z] GET /api/task-creation/sessions
✅ 数据库连接成功
[2026-02-21T06:33:09.312Z] GET /api/sandbox/osac/sess_35ff684915754d7c/messages
[2026-02-21T06:33:09.977Z] GET /api/task-creation/sessions
[2026-02-21T06:33:15.977Z] GET /api/task-creation/sessions
[2026-02-21T06:33:21.977Z] GET /api/task-creation/sessions
[2026-02-21T06:33:27.976Z] GET /api/task-creation/sessions
[2026-02-21T06:33:33.977Z] GET /api/task-creation/sessions
[2026-02-21T06:33:39.977Z] GET /api/task-creation/sessions
[2026-02-21T06:33:45.976Z] GET /api/task-creation/sessions
[2026-02-21T06:33:51.975Z] GET /api/task-creation/sessions
[2026-02-21T06:33:57.975Z] GET /api/task-creation/sessions
[2026-02-21T06:34:03.977Z] GET /api/task-creation/sessions
[2026-02-21T06:34:09.002Z] GET /api/task-creation/sessions/9065d819-b996-413e-81a7-0db73249375a/messages
[2026-02-21T06:34:09.002Z] GET /api/task-creation/sessions/9065d819-b996-413e-81a7-0db73249375a
[2026-02-21T06:34:09.003Z] GET /api/task-creation/sessions/9065d819-b996-413e-81a7-0db73249375a/intent
[2026-02-21T06:34:09.004Z] GET /api/task-creation/sessions
[2026-02-21T06:34:09.004Z] GET /api/task-creation/sessions/9065d819-b996-413e-81a7-0db73249375a/task-description
[2026-02-21T06:34:09.005Z] GET /api/task-creation/sessions/9065d819-b996-413e-81a7-0db73249375a/execution-plan
[2026-02-21T06:34:09.006Z] GET /api/sandbox/environment
✅ 数据库连接成功
[2026-02-21T06:34:09.313Z] GET /api/sandbox/osac/sess_35ff684915754d7c/messages
[2026-02-21T06:34:09.978Z] GET /api/task-creation/sessions
[2026-02-21T06:34:15.977Z] GET /api/task-creation/sessions
[2026-02-21T06:34:21.974Z] GET /api/task-creation/sessions
[2026-02-21T06:34:27.978Z] GET /api/task-creation/sessions
[2026-02-21T06:34:33.977Z] GET /api/task-creation/sessions
[2026-02-21T06:34:39.977Z] GET /api/task-creation/sessions
[2026-02-21T06:34:45.978Z] GET /api/task-creation/sessions
[2026-02-21T06:34:51.978Z] GET /api/task-creation/sessions
[2026-02-21T06:34:57.978Z] GET /api/task-creation/sessions
[2026-02-21T06:35:03.979Z] GET /api/task-creation/sessions
14:35:07 [tsx] change in ./src\services\osac-agent-service.ts Restarting...
c[OSAC_CONNECTION_MANAGER] fixed_session_mode: disable background health check

🚀 oneceo.ai API Server
━━━━━━━━━━━━━━━━━━━━━━━━━━━━━━━━━━━━━━━━━━━━━
📡 API server running on http://localhost:4000
🔌 WebSocket server running on ws://localhost:4000
🔌 Task Creation WebSocket: ws://localhost:4000/ws/task-creation
🏥 Health check: http://localhost:4000/health
━━━━━━━━━━━━━━━━━━━━━━━━━━━━━━━━━━━━━━━━━━━━━
[OSAC_PERSISTENT_RECOVER_SKIP] fixed_session_mode

✅ 数据库连接成功
[2026-02-21T06:35:09.981Z] GET /api/task-creation/sessions
[2026-02-21T06:35:15.978Z] GET /api/task-creation/sessions
[2026-02-21T06:35:21.976Z] GET /api/task-creation/sessions
[2026-02-21T06:35:27.979Z] GET /api/task-creation/sessions
14:35:29 [tsx] change in ./src\agents\task-creation\websocket-service.ts Restarting...
c[OSAC_CONNECTION_MANAGER] fixed_session_mode: disable background health check

🚀 oneceo.ai API Server
━━━━━━━━━━━━━━━━━━━━━━━━━━━━━━━━━━━━━━━━━━━━━
📡 API server running on http://localhost:4000
🔌 WebSocket server running on ws://localhost:4000
🔌 Task Creation WebSocket: ws://localhost:4000/ws/task-creation
🏥 Health check: http://localhost:4000/health
━━━━━━━━━━━━━━━━━━━━━━━━━━━━━━━━━━━━━━━━━━━━━
[OSAC_PERSISTENT_RECOVER_SKIP] fixed_session_mode

✅ 数据库连接成功
[2026-02-21T06:35:33.981Z] GET /api/task-creation/sessions
[2026-02-21T06:35:39.978Z] GET /api/task-creation/sessions
[2026-02-21T06:35:45.978Z] GET /api/task-creation/sessions
[2026-02-21T06:35:51.978Z] GET /api/task-creation/sessions
[2026-02-21T06:35:57.979Z] GET /api/task-creation/sessions
[2026-02-21T06:36:03.979Z] GET /api/task-creation/sessions
[2026-02-21T06:36:09.012Z] GET /api/task-creation/sessions/9065d819-b996-413e-81a7-0db73249375a/intent
[2026-02-21T06:36:09.015Z] GET /api/task-creation/sessions/9065d819-b996-413e-81a7-0db73249375a/task-description
[2026-02-21T06:36:09.016Z] GET /api/task-creation/sessions/9065d819-b996-413e-81a7-0db73249375a/execution-plan
[2026-02-21T06:36:09.017Z] GET /api/sandbox/environment
[2026-02-21T06:36:09.017Z] GET /api/task-creation/sessions
[2026-02-21T06:36:09.018Z] GET /api/task-creation/sessions/9065d819-b996-413e-81a7-0db73249375a
[2026-02-21T06:36:09.018Z] GET /api/task-creation/sessions/9065d819-b996-413e-81a7-0db73249375a/messages
✅ 数据库连接成功
[2026-02-21T06:36:09.291Z] GET /api/sandbox/osac/sess_35ff684915754d7c/messages
[2026-02-21T06:36:09.978Z] GET /api/task-creation/sessions
[2026-02-21T06:36:15.978Z] GET /api/task-creation/sessions
[2026-02-21T06:36:21.974Z] GET /api/task-creation/sessions
[2026-02-21T06:36:27.980Z] GET /api/task-creation/sessions
[2026-02-21T06:36:33.979Z] GET /api/task-creation/sessions
[2026-02-21T06:36:39.979Z] GET /api/task-creation/sessions
[2026-02-21T06:36:45.980Z] GET /api/task-creation/sessions
[2026-02-21T06:36:51.979Z] GET /api/task-creation/sessions
[2026-02-21T06:36:57.977Z] GET /api/task-creation/sessions
[2026-02-21T06:37:03.972Z] GET /api/task-creation/sessions
[2026-02-21T06:37:09.003Z] GET /api/task-creation/sessions/9065d819-b996-413e-81a7-0db73249375a
[2026-02-21T06:37:09.004Z] GET /api/task-creation/sessions/9065d819-b996-413e-81a7-0db73249375a/messages
[2026-02-21T06:37:09.004Z] GET /api/task-creation/sessions/9065d819-b996-413e-81a7-0db73249375a/intent
[2026-02-21T06:37:09.005Z] GET /api/task-creation/sessions/9065d819-b996-413e-81a7-0db73249375a/task-description
[2026-02-21T06:37:09.006Z] GET /api/task-creation/sessions/9065d819-b996-413e-81a7-0db73249375a/execution-plan
[2026-02-21T06:37:09.006Z] GET /api/sandbox/environment
[2026-02-21T06:37:09.007Z] GET /api/task-creation/sessions
✅ 数据库连接成功
[2026-02-21T06:37:09.320Z] GET /api/sandbox/osac/sess_35ff684915754d7c/messages
[2026-02-21T06:37:09.974Z] GET /api/task-creation/sessions
[2026-02-21T06:37:15.973Z] GET /api/task-creation/sessions
[2026-02-21T06:37:21.973Z] GET /api/task-creation/sessions
[2026-02-21T06:37:27.973Z] GET /api/task-creation/sessions
[2026-02-21T06:37:33.973Z] GET /api/task-creation/sessions
[2026-02-21T06:37:39.973Z] GET /api/task-creation/sessions
[2026-02-21T06:37:45.973Z] GET /api/task-creation/sessions
[2026-02-21T06:37:51.973Z] GET /api/task-creation/sessions
[2026-02-21T06:37:57.974Z] GET /api/task-creation/sessions
[2026-02-21T06:38:03.974Z] GET /api/task-creation/sessions
[2026-02-21T06:38:09.014Z] GET /api/task-creation/sessions/9065d819-b996-413e-81a7-0db73249375a
[2026-02-21T06:38:09.014Z] GET /api/task-creation/sessions/9065d819-b996-413e-81a7-0db73249375a/messages
[2026-02-21T06:38:09.015Z] GET /api/task-creation/sessions/9065d819-b996-413e-81a7-0db73249375a/intent
[2026-02-21T06:38:09.016Z] GET /api/task-creation/sessions/9065d819-b996-413e-81a7-0db73249375a/task-description
[2026-02-21T06:38:09.016Z] GET /api/task-creation/sessions/9065d819-b996-413e-81a7-0db73249375a/execution-plan
[2026-02-21T06:38:09.017Z] GET /api/sandbox/environment
[2026-02-21T06:38:09.018Z] GET /api/task-creation/sessions
✅ 数据库连接成功
[2026-02-21T06:38:09.324Z] GET /api/sandbox/osac/sess_35ff684915754d7c/messages
[2026-02-21T06:38:09.974Z] GET /api/task-creation/sessions
[2026-02-21T06:38:15.974Z] GET /api/task-creation/sessions
[2026-02-21T06:38:21.974Z] GET /api/task-creation/sessions
[2026-02-21T06:38:27.974Z] GET /api/task-creation/sessions
[2026-02-21T06:38:33.974Z] GET /api/task-creation/sessions
[2026-02-21T06:38:39.974Z] GET /api/task-creation/sessions
[2026-02-21T06:38:45.974Z] GET /api/task-creation/sessions
[2026-02-21T06:38:51.974Z] GET /api/task-creation/sessions
[2026-02-21T06:38:57.974Z] GET /api/task-creation/sessions
[2026-02-21T06:39:03.973Z] GET /api/task-creation/sessions
[2026-02-21T06:39:09.009Z] GET /api/task-creation/sessions/9065d819-b996-413e-81a7-0db73249375a
[2026-02-21T06:39:09.010Z] GET /api/task-creation/sessions/9065d819-b996-413e-81a7-0db73249375a/messages
[2026-02-21T06:39:09.010Z] GET /api/task-creation/sessions/9065d819-b996-413e-81a7-0db73249375a/intent
[2026-02-21T06:39:09.011Z] GET /api/task-creation/sessions/9065d819-b996-413e-81a7-0db73249375a/task-description
[2026-02-21T06:39:09.012Z] GET /api/task-creation/sessions/9065d819-b996-413e-81a7-0db73249375a/execution-plan
[2026-02-21T06:39:09.012Z] GET /api/sandbox/environment
[2026-02-21T06:39:09.013Z] GET /api/task-creation/sessions
✅ 数据库连接成功
[2026-02-21T06:39:09.300Z] GET /api/sandbox/osac/sess_35ff684915754d7c/messages
[2026-02-21T06:39:09.975Z] GET /api/task-creation/sessions
[2026-02-21T06:39:15.975Z] GET /api/task-creation/sessions
[2026-02-21T06:39:21.975Z] GET /api/task-creation/sessions
[2026-02-21T06:39:27.975Z] GET /api/task-creation/sessions
[2026-02-21T06:39:33.975Z] GET /api/task-creation/sessions
[2026-02-21T06:39:39.973Z] GET /api/task-creation/sessions
[2026-02-21T06:39:45.975Z] GET /api/task-creation/sessions
14:39:47 [tsx] change in ./src\clients\osac-client.ts Restarting...
c[OSAC_CONNECTION_MANAGER] fixed_session_mode: disable background health check

🚀 oneceo.ai API Server
━━━━━━━━━━━━━━━━━━━━━━━━━━━━━━━━━━━━━━━━━━━━━
📡 API server running on http://localhost:4000
🔌 WebSocket server running on ws://localhost:4000
🔌 Task Creation WebSocket: ws://localhost:4000/ws/task-creation
🏥 Health check: http://localhost:4000/health
━━━━━━━━━━━━━━━━━━━━━━━━━━━━━━━━━━━━━━━━━━━━━
[OSAC_PERSISTENT_RECOVER_SKIP] fixed_session_mode

✅ 数据库连接成功
[2026-02-21T06:39:51.978Z] GET /api/task-creation/sessions
[2026-02-21T06:39:57.976Z] GET /api/task-creation/sessions
[2026-02-21T06:40:03.975Z] GET /api/task-creation/sessions
[2026-02-21T06:40:09.006Z] GET /api/task-creation/sessions/9065d819-b996-413e-81a7-0db73249375a/intent
[2026-02-21T06:40:09.009Z] GET /api/task-creation/sessions/9065d819-b996-413e-81a7-0db73249375a/task-description
[2026-02-21T06:40:09.010Z] GET /api/task-creation/sessions/9065d819-b996-413e-81a7-0db73249375a/execution-plan
[2026-02-21T06:40:09.011Z] GET /api/sandbox/environment
[2026-02-21T06:40:09.012Z] GET /api/task-creation/sessions/9065d819-b996-413e-81a7-0db73249375a/messages
[2026-02-21T06:40:09.012Z] GET /api/task-creation/sessions/9065d819-b996-413e-81a7-0db73249375a
[2026-02-21T06:40:09.013Z] GET /api/task-creation/sessions
✅ 数据库连接成功
[2026-02-21T06:40:09.263Z] GET /api/sandbox/osac/sess_35ff684915754d7c/messages
[2026-02-21T06:40:09.977Z] GET /api/task-creation/sessions
[2026-02-21T06:40:15.976Z] GET /api/task-creation/sessions
[2026-02-21T06:40:21.974Z] GET /api/task-creation/sessions
[2026-02-21T06:40:27.976Z] GET /api/task-creation/sessions
[2026-02-21T06:40:33.976Z] GET /api/task-creation/sessions
[2026-02-21T06:40:39.976Z] GET /api/task-creation/sessions
[2026-02-21T06:40:45.976Z] GET /api/task-creation/sessions
[2026-02-21T06:40:51.976Z] GET /api/task-creation/sessions
[2026-02-21T06:40:57.976Z] GET /api/task-creation/sessions
[2026-02-21T06:41:03.976Z] GET /api/task-creation/sessions
[2026-02-21T06:41:09.005Z] GET /api/task-creation/sessions/9065d819-b996-413e-81a7-0db73249375a
[2026-02-21T06:41:09.005Z] GET /api/task-creation/sessions/9065d819-b996-413e-81a7-0db73249375a/messages
[2026-02-21T06:41:09.005Z] GET /api/task-creation/sessions/9065d819-b996-413e-81a7-0db73249375a/intent
[2026-02-21T06:41:09.007Z] GET /api/task-creation/sessions/9065d819-b996-413e-81a7-0db73249375a/task-description
[2026-02-21T06:41:09.007Z] GET /api/task-creation/sessions/9065d819-b996-413e-81a7-0db73249375a/execution-plan
[2026-02-21T06:41:09.008Z] GET /api/sandbox/environment
[2026-02-21T06:41:09.008Z] GET /api/task-creation/sessions
✅ 数据库连接成功
[2026-02-21T06:41:09.416Z] GET /api/sandbox/osac/sess_35ff684915754d7c/messages
[2026-02-21T06:41:09.976Z] GET /api/task-creation/sessions
[2026-02-21T06:41:15.976Z] GET /api/task-creation/sessions
[2026-02-21T06:41:21.976Z] GET /api/task-creation/sessions
[2026-02-21T06:41:27.976Z] GET /api/task-creation/sessions
[2026-02-21T06:41:33.973Z] GET /api/task-creation/sessions
[2026-02-21T06:41:39.976Z] GET /api/task-creation/sessions
[2026-02-21T06:41:45.974Z] GET /api/task-creation/sessions
[2026-02-21T06:41:51.977Z] GET /api/task-creation/sessions
[2026-02-21T06:41:57.977Z] GET /api/task-creation/sessions
[2026-02-21T06:42:03.977Z] GET /api/task-creation/sessions
[2026-02-21T06:42:09.002Z] GET /api/task-creation/sessions/9065d819-b996-413e-81a7-0db73249375a
[2026-02-21T06:42:09.002Z] GET /api/task-creation/sessions/9065d819-b996-413e-81a7-0db73249375a/messages
[2026-02-21T06:42:09.003Z] GET /api/task-creation/sessions/9065d819-b996-413e-81a7-0db73249375a/intent
[2026-02-21T06:42:09.004Z] GET /api/task-creation/sessions/9065d819-b996-413e-81a7-0db73249375a/task-description
[2026-02-21T06:42:09.005Z] GET /api/task-creation/sessions/9065d819-b996-413e-81a7-0db73249375a/execution-plan
[2026-02-21T06:42:09.006Z] GET /api/sandbox/environment
[2026-02-21T06:42:09.006Z] GET /api/task-creation/sessions
✅ 数据库连接成功
[2026-02-21T06:42:09.476Z] GET /api/sandbox/osac/sess_35ff684915754d7c/messages
[2026-02-21T06:42:09.978Z] GET /api/task-creation/sessions
[2026-02-21T06:42:15.976Z] GET /api/task-creation/sessions
[2026-02-21T06:42:21.978Z] GET /api/task-creation/sessions
[2026-02-21T06:42:27.977Z] GET /api/task-creation/sessions
[2026-02-21T06:42:33.978Z] GET /api/task-creation/sessions
[2026-02-21T06:42:39.979Z] GET /api/task-creation/sessions
[2026-02-21T06:42:45.977Z] GET /api/task-creation/sessions
[2026-02-21T06:42:51.974Z] GET /api/task-creation/sessions
[2026-02-21T06:42:57.973Z] GET /api/task-creation/sessions
[2026-02-21T06:43:03.978Z] GET /api/task-creation/sessions
[2026-02-21T06:43:09.015Z] GET /api/task-creation/sessions/9065d819-b996-413e-81a7-0db73249375a
[2026-02-21T06:43:09.016Z] GET /api/task-creation/sessions/9065d819-b996-413e-81a7-0db73249375a/messages
[2026-02-21T06:43:09.016Z] GET /api/task-creation/sessions/9065d819-b996-413e-81a7-0db73249375a/intent
[2026-02-21T06:43:09.017Z] GET /api/task-creation/sessions/9065d819-b996-413e-81a7-0db73249375a/task-description
[2026-02-21T06:43:09.018Z] GET /api/task-creation/sessions/9065d819-b996-413e-81a7-0db73249375a/execution-plan
[2026-02-21T06:43:09.018Z] GET /api/sandbox/environment
[2026-02-21T06:43:09.019Z] GET /api/task-creation/sessions
✅ 数据库连接成功
[2026-02-21T06:43:09.323Z] GET /api/sandbox/osac/sess_35ff684915754d7c/messages
[2026-02-21T06:43:09.978Z] GET /api/task-creation/sessions
[2026-02-21T06:43:15.978Z] GET /api/task-creation/sessions
[2026-02-21T06:43:21.978Z] GET /api/task-creation/sessions
[2026-02-21T06:43:27.978Z] GET /api/task-creation/sessions
[2026-02-21T06:43:33.978Z] GET /api/task-creation/sessions
[2026-02-21T06:43:39.979Z] GET /api/task-creation/sessions
[2026-02-21T06:43:45.979Z] GET /api/task-creation/sessions
[2026-02-21T06:43:51.978Z] GET /api/task-creation/sessions
[2026-02-21T06:43:57.979Z] GET /api/task-creation/sessions
[2026-02-21T06:44:03.979Z] GET /api/task-creation/sessions
[2026-02-21T06:44:09.013Z] GET /api/task-creation/sessions/9065d819-b996-413e-81a7-0db73249375a
[2026-02-21T06:44:09.014Z] GET /api/task-creation/sessions/9065d819-b996-413e-81a7-0db73249375a/messages
[2026-02-21T06:44:09.014Z] GET /api/task-creation/sessions/9065d819-b996-413e-81a7-0db73249375a/intent
[2026-02-21T06:44:09.015Z] GET /api/task-creation/sessions/9065d819-b996-413e-81a7-0db73249375a/task-description
[2026-02-21T06:44:09.015Z] GET /api/task-creation/sessions/9065d819-b996-413e-81a7-0db73249375a/execution-plan
[2026-02-21T06:44:09.016Z] GET /api/sandbox/environment
[2026-02-21T06:44:09.016Z] GET /api/task-creation/sessions
✅ 数据库连接成功
[2026-02-21T06:44:09.370Z] GET /api/sandbox/osac/sess_35ff684915754d7c/messages
[2026-02-21T06:44:09.979Z] GET /api/task-creation/sessions
[2026-02-21T06:44:15.980Z] GET /api/task-creation/sessions
[2026-02-21T06:44:21.979Z] GET /api/task-creation/sessions
[2026-02-21T06:44:27.973Z] GET /api/task-creation/sessions
[2026-02-21T06:44:33.980Z] GET /api/task-creation/sessions
[2026-02-21T06:44:39.979Z] GET /api/task-creation/sessions
[2026-02-21T06:44:45.974Z] GET /api/task-creation/sessions
[2026-02-21T06:44:51.980Z] GET /api/task-creation/sessions
[2026-02-21T06:44:57.973Z] GET /api/task-creation/sessions
[2026-02-21T06:45:03.973Z] GET /api/task-creation/sessions
[2026-02-21T06:45:09.003Z] GET /api/task-creation/sessions/9065d819-b996-413e-81a7-0db73249375a
[2026-02-21T06:45:09.004Z] GET /api/task-creation/sessions/9065d819-b996-413e-81a7-0db73249375a/messages
[2026-02-21T06:45:09.004Z] GET /api/task-creation/sessions/9065d819-b996-413e-81a7-0db73249375a/intent
[2026-02-21T06:45:09.005Z] GET /api/task-creation/sessions/9065d819-b996-413e-81a7-0db73249375a/execution-plan
[2026-02-21T06:45:09.005Z] GET /api/task-creation/sessions/9065d819-b996-413e-81a7-0db73249375a/task-description
[2026-02-21T06:45:09.006Z] GET /api/sandbox/environment
[2026-02-21T06:45:09.006Z] GET /api/task-creation/sessions
✅ 数据库连接成功
[2026-02-21T06:45:09.294Z] GET /api/sandbox/osac/sess_35ff684915754d7c/messages
[2026-02-21T06:45:09.973Z] GET /api/task-creation/sessions
[2026-02-21T06:45:15.973Z] GET /api/task-creation/sessions
[2026-02-21T06:45:21.974Z] GET /api/task-creation/sessions
[2026-02-21T06:45:27.973Z] GET /api/task-creation/sessions
[2026-02-21T06:45:33.974Z] GET /api/task-creation/sessions
[2026-02-21T06:45:39.974Z] GET /api/task-creation/sessions
[2026-02-21T06:45:45.974Z] GET /api/task-creation/sessions
[2026-02-21T06:45:51.974Z] GET /api/task-creation/sessions
[2026-02-21T06:45:57.974Z] GET /api/task-creation/sessions
[2026-02-21T06:46:03.974Z] GET /api/task-creation/sessions
[2026-02-21T06:46:09.012Z] GET /api/task-creation/sessions/9065d819-b996-413e-81a7-0db73249375a
[2026-02-21T06:46:09.013Z] GET /api/task-creation/sessions/9065d819-b996-413e-81a7-0db73249375a/messages
[2026-02-21T06:46:09.014Z] GET /api/task-creation/sessions/9065d819-b996-413e-81a7-0db73249375a/intent
[2026-02-21T06:46:09.015Z] GET /api/task-creation/sessions/9065d819-b996-413e-81a7-0db73249375a/task-description
[2026-02-21T06:46:09.016Z] GET /api/task-creation/sessions/9065d819-b996-413e-81a7-0db73249375a/execution-plan
[2026-02-21T06:46:09.016Z] GET /api/sandbox/environment
[2026-02-21T06:46:09.017Z] GET /api/task-creation/sessions
✅ 数据库连接成功
[2026-02-21T06:46:09.338Z] GET /api/sandbox/osac/sess_35ff684915754d7c/messages
[2026-02-21T06:46:09.974Z] GET /api/task-creation/sessions
[2026-02-21T06:46:15.975Z] GET /api/task-creation/sessions
[2026-02-21T06:46:21.974Z] GET /api/task-creation/sessions
[2026-02-21T06:46:27.974Z] GET /api/task-creation/sessions
[2026-02-21T06:46:33.974Z] GET /api/task-creation/sessions
[2026-02-21T06:46:39.975Z] GET /api/task-creation/sessions
[2026-02-21T06:46:45.974Z] GET /api/task-creation/sessions
[2026-02-21T06:46:51.975Z] GET /api/task-creation/sessions
[2026-02-21T06:46:57.975Z] GET /api/task-creation/sessions
[2026-02-21T06:47:03.975Z] GET /api/task-creation/sessions
[2026-02-21T06:47:09.013Z] GET /api/task-creation/sessions/9065d819-b996-413e-81a7-0db73249375a
[2026-02-21T06:47:09.014Z] GET /api/task-creation/sessions/9065d819-b996-413e-81a7-0db73249375a/messages
[2026-02-21T06:47:09.014Z] GET /api/task-creation/sessions/9065d819-b996-413e-81a7-0db73249375a/intent
[2026-02-21T06:47:09.016Z] GET /api/task-creation/sessions/9065d819-b996-413e-81a7-0db73249375a/task-description
[2026-02-21T06:47:09.017Z] GET /api/task-creation/sessions/9065d819-b996-413e-81a7-0db73249375a/execution-plan
[2026-02-21T06:47:09.017Z] GET /api/sandbox/environment
[2026-02-21T06:47:09.018Z] GET /api/task-creation/sessions
✅ 数据库连接成功
[2026-02-21T06:47:09.255Z] GET /api/sandbox/osac/sess_35ff684915754d7c/messages
[2026-02-21T06:47:09.975Z] GET /api/task-creation/sessions
[2026-02-21T06:47:15.975Z] GET /api/task-creation/sessions
[2026-02-21T06:47:21.975Z] GET /api/task-creation/sessions
[2026-02-21T06:47:27.975Z] GET /api/task-creation/sessions
[2026-02-21T06:47:33.975Z] GET /api/task-creation/sessions
[2026-02-21T06:47:39.991Z] GET /api/task-creation/sessions
[2026-02-21T06:47:45.976Z] GET /api/task-creation/sessions
[2026-02-21T06:47:51.976Z] GET /api/task-creation/sessions
[2026-02-21T06:47:57.976Z] GET /api/task-creation/sessions
[2026-02-21T06:48:03.976Z] GET /api/task-creation/sessions
[2026-02-21T06:48:09.009Z] GET /api/task-creation/sessions/9065d819-b996-413e-81a7-0db73249375a
[2026-02-21T06:48:09.009Z] GET /api/task-creation/sessions/9065d819-b996-413e-81a7-0db73249375a/messages
[2026-02-21T06:48:09.010Z] GET /api/task-creation/sessions/9065d819-b996-413e-81a7-0db73249375a/intent
[2026-02-21T06:48:09.010Z] GET /api/task-creation/sessions/9065d819-b996-413e-81a7-0db73249375a/execution-plan
[2026-02-21T06:48:09.011Z] GET /api/task-creation/sessions/9065d819-b996-413e-81a7-0db73249375a/task-description
[2026-02-21T06:48:09.011Z] GET /api/sandbox/environment
[2026-02-21T06:48:09.012Z] GET /api/task-creation/sessions
✅ 数据库连接成功
[2026-02-21T06:48:09.309Z] GET /api/sandbox/osac/sess_35ff684915754d7c/messages
[2026-02-21T06:48:10.006Z] GET /api/task-creation/sessions
[2026-02-21T06:48:16.009Z] GET /api/task-creation/sessions
[2026-02-21T06:48:21.998Z] GET /api/task-creation/sessions
[2026-02-21T06:48:27.999Z] GET /api/task-creation/sessions
[2026-02-21T06:48:34.009Z] GET /api/task-creation/sessions
[2026-02-21T06:48:40.010Z] GET /api/task-creation/sessions
[2026-02-21T06:48:45.975Z] GET /api/task-creation/sessions
[2026-02-21T06:48:51.975Z] GET /api/task-creation/sessions
[2026-02-21T06:48:57.975Z] GET /api/task-creation/sessions
[2026-02-21T06:49:03.975Z] GET /api/task-creation/sessions
[2026-02-21T06:49:09.011Z] GET /api/task-creation/sessions/9065d819-b996-413e-81a7-0db73249375a/messages
[2026-02-21T06:49:09.011Z] GET /api/task-creation/sessions/9065d819-b996-413e-81a7-0db73249375a
[2026-02-21T06:49:09.012Z] GET /api/task-creation/sessions/9065d819-b996-413e-81a7-0db73249375a/intent
[2026-02-21T06:49:09.013Z] GET /api/task-creation/sessions/9065d819-b996-413e-81a7-0db73249375a/task-description
[2026-02-21T06:49:09.013Z] GET /api/task-creation/sessions/9065d819-b996-413e-81a7-0db73249375a/execution-plan
[2026-02-21T06:49:09.014Z] GET /api/sandbox/environment
[2026-02-21T06:49:09.014Z] GET /api/task-creation/sessions
✅ 数据库连接成功
[2026-02-21T06:49:09.345Z] GET /api/sandbox/osac/sess_35ff684915754d7c/messages
[2026-02-21T06:49:09.976Z] GET /api/task-creation/sessions
[2026-02-21T06:49:15.974Z] GET /api/task-creation/sessions
[2026-02-21T06:49:21.976Z] GET /api/task-creation/sessions
[2026-02-21T06:49:27.974Z] GET /api/task-creation/sessions
[2026-02-21T06:49:33.976Z] GET /api/task-creation/sessions
[2026-02-21T06:49:39.976Z] GET /api/task-creation/sessions
[2026-02-21T06:49:45.976Z] GET /api/task-creation/sessions
[2026-02-21T06:49:51.977Z] GET /api/task-creation/sessions
[2026-02-21T06:49:57.977Z] GET /api/task-creation/sessions
[2026-02-21T06:50:03.977Z] GET /api/task-creation/sessions
[2026-02-21T06:50:09.008Z] GET /api/task-creation/sessions/9065d819-b996-413e-81a7-0db73249375a
[2026-02-21T06:50:09.009Z] GET /api/task-creation/sessions/9065d819-b996-413e-81a7-0db73249375a/messages
[2026-02-21T06:50:09.010Z] GET /api/task-creation/sessions/9065d819-b996-413e-81a7-0db73249375a/intent
[2026-02-21T06:50:09.010Z] GET /api/task-creation/sessions/9065d819-b996-413e-81a7-0db73249375a/execution-plan
[2026-02-21T06:50:09.011Z] GET /api/task-creation/sessions/9065d819-b996-413e-81a7-0db73249375a/task-description
[2026-02-21T06:50:09.011Z] GET /api/sandbox/environment
[2026-02-21T06:50:09.012Z] GET /api/task-creation/sessions
✅ 数据库连接成功
[2026-02-21T06:50:09.393Z] GET /api/sandbox/osac/sess_35ff684915754d7c/messages
[2026-02-21T06:50:09.974Z] GET /api/task-creation/sessions
[2026-02-21T06:50:15.973Z] GET /api/task-creation/sessions
[2026-02-21T06:50:21.974Z] GET /api/task-creation/sessions
[2026-02-21T06:50:27.977Z] GET /api/task-creation/sessions
[2026-02-21T06:50:33.976Z] GET /api/task-creation/sessions
[2026-02-21T06:50:39.977Z] GET /api/task-creation/sessions
[2026-02-21T06:50:45.976Z] GET /api/task-creation/sessions
[2026-02-21T06:50:51.977Z] GET /api/task-creation/sessions
[2026-02-21T06:50:57.977Z] GET /api/task-creation/sessions
[2026-02-21T06:51:03.976Z] GET /api/task-creation/sessions
[2026-02-21T06:51:09.004Z] GET /api/task-creation/sessions/9065d819-b996-413e-81a7-0db73249375a
[2026-02-21T06:51:09.004Z] GET /api/task-creation/sessions/9065d819-b996-413e-81a7-0db73249375a/messages
[2026-02-21T06:51:09.004Z] GET /api/task-creation/sessions/9065d819-b996-413e-81a7-0db73249375a/intent
[2026-02-21T06:51:09.005Z] GET /api/task-creation/sessions/9065d819-b996-413e-81a7-0db73249375a/task-description
[2026-02-21T06:51:09.006Z] GET /api/task-creation/sessions/9065d819-b996-413e-81a7-0db73249375a/execution-plan
[2026-02-21T06:51:09.006Z] GET /api/sandbox/environment
[2026-02-21T06:51:09.007Z] GET /api/task-creation/sessions
✅ 数据库连接成功
[2026-02-21T06:51:09.364Z] GET /api/sandbox/osac/sess_35ff684915754d7c/messages
[2026-02-21T06:51:09.973Z] GET /api/task-creation/sessions
[2026-02-21T06:51:15.978Z] GET /api/task-creation/sessions
[2026-02-21T06:51:21.976Z] GET /api/task-creation/sessions
[2026-02-21T06:51:27.978Z] GET /api/task-creation/sessions
[2026-02-21T06:51:33.978Z] GET /api/task-creation/sessions
[2026-02-21T06:51:39.978Z] GET /api/task-creation/sessions
[2026-02-21T06:51:45.978Z] GET /api/task-creation/sessions
[2026-02-21T06:51:51.978Z] GET /api/task-creation/sessions
[2026-02-21T06:51:57.979Z] GET /api/task-creation/sessions
[2026-02-21T06:52:03.978Z] GET /api/task-creation/sessions
[2026-02-21T06:52:09.010Z] GET /api/task-creation/sessions/9065d819-b996-413e-81a7-0db73249375a
[2026-02-21T06:52:09.011Z] GET /api/task-creation/sessions/9065d819-b996-413e-81a7-0db73249375a/messages
[2026-02-21T06:52:09.012Z] GET /api/task-creation/sessions/9065d819-b996-413e-81a7-0db73249375a/intent
[2026-02-21T06:52:09.013Z] GET /api/task-creation/sessions/9065d819-b996-413e-81a7-0db73249375a/task-description
[2026-02-21T06:52:09.013Z] GET /api/task-creation/sessions/9065d819-b996-413e-81a7-0db73249375a/execution-plan
[2026-02-21T06:52:09.014Z] GET /api/sandbox/environment
[2026-02-21T06:52:09.014Z] GET /api/task-creation/sessions
✅ 数据库连接成功
[2026-02-21T06:52:09.368Z] GET /api/sandbox/osac/sess_35ff684915754d7c/messages
[2026-02-21T06:52:09.978Z] GET /api/task-creation/sessions
[2026-02-21T06:52:15.978Z] GET /api/task-creation/sessions
[2026-02-21T06:52:21.978Z] GET /api/task-creation/sessions
[2026-02-21T06:52:27.977Z] GET /api/task-creation/sessions
[2026-02-21T06:52:33.978Z] GET /api/task-creation/sessions
[2026-02-21T06:52:39.978Z] GET /api/task-creation/sessions
[2026-02-21T06:52:45.978Z] GET /api/task-creation/sessions
[2026-02-21T06:52:51.978Z] GET /api/task-creation/sessions
[2026-02-21T06:52:57.978Z] GET /api/task-creation/sessions
[2026-02-21T06:53:03.978Z] GET /api/task-creation/sessions
[2026-02-21T06:53:09.008Z] GET /api/task-creation/sessions/9065d819-b996-413e-81a7-0db73249375a
[2026-02-21T06:53:09.009Z] GET /api/task-creation/sessions/9065d819-b996-413e-81a7-0db73249375a/messages
[2026-02-21T06:53:09.009Z] GET /api/task-creation/sessions/9065d819-b996-413e-81a7-0db73249375a/intent
[2026-02-21T06:53:09.010Z] GET /api/task-creation/sessions/9065d819-b996-413e-81a7-0db73249375a/task-description
[2026-02-21T06:53:09.011Z] GET /api/task-creation/sessions/9065d819-b996-413e-81a7-0db73249375a/execution-plan
[2026-02-21T06:53:09.011Z] GET /api/sandbox/environment
[2026-02-21T06:53:09.012Z] GET /api/task-creation/sessions
✅ 数据库连接成功
[2026-02-21T06:53:09.322Z] GET /api/sandbox/osac/sess_35ff684915754d7c/messages
[2026-02-21T06:53:09.977Z] GET /api/task-creation/sessions
[2026-02-21T06:53:15.978Z] GET /api/task-creation/sessions
[2026-02-21T06:53:21.979Z] GET /api/task-creation/sessions
[2026-02-21T06:53:27.977Z] GET /api/task-creation/sessions
[2026-02-21T06:53:33.980Z] GET /api/task-creation/sessions
[2026-02-21T06:53:39.980Z] GET /api/task-creation/sessions
[2026-02-21T06:53:45.980Z] GET /api/task-creation/sessions
[2026-02-21T06:53:51.980Z] GET /api/task-creation/sessions
[2026-02-21T06:53:57.974Z] GET /api/task-creation/sessions
[2026-02-21T06:54:03.973Z] GET /api/task-creation/sessions
[2026-02-21T06:54:09.011Z] GET /api/task-creation/sessions/9065d819-b996-413e-81a7-0db73249375a
[2026-02-21T06:54:09.011Z] GET /api/task-creation/sessions/9065d819-b996-413e-81a7-0db73249375a/messages
[2026-02-21T06:54:09.012Z] GET /api/task-creation/sessions/9065d819-b996-413e-81a7-0db73249375a/intent
[2026-02-21T06:54:09.012Z] GET /api/task-creation/sessions/9065d819-b996-413e-81a7-0db73249375a/task-description
[2026-02-21T06:54:09.013Z] GET /api/task-creation/sessions/9065d819-b996-413e-81a7-0db73249375a/execution-plan
[2026-02-21T06:54:09.014Z] GET /api/sandbox/environment
[2026-02-21T06:54:09.014Z] GET /api/task-creation/sessions
✅ 数据库连接成功
[2026-02-21T06:54:09.299Z] GET /api/sandbox/osac/sess_35ff684915754d7c/messages
[2026-02-21T06:54:09.973Z] GET /api/task-creation/sessions
[2026-02-21T06:54:15.973Z] GET /api/task-creation/sessions
[2026-02-21T06:54:21.973Z] GET /api/task-creation/sessions
[2026-02-21T06:54:27.973Z] GET /api/task-creation/sessions
[2026-02-21T06:54:33.973Z] GET /api/task-creation/sessions
[2026-02-21T06:54:39.973Z] GET /api/task-creation/sessions
[2026-02-21T06:54:45.973Z] GET /api/task-creation/sessions
[2026-02-21T06:54:51.974Z] GET /api/task-creation/sessions
[2026-02-21T06:54:57.973Z] GET /api/task-creation/sessions
[2026-02-21T06:55:03.974Z] GET /api/task-creation/sessions
[2026-02-21T06:55:09.007Z] GET /api/task-creation/sessions/9065d819-b996-413e-81a7-0db73249375a
[2026-02-21T06:55:09.008Z] GET /api/task-creation/sessions/9065d819-b996-413e-81a7-0db73249375a/messages
[2026-02-21T06:55:09.008Z] GET /api/task-creation/sessions/9065d819-b996-413e-81a7-0db73249375a/intent
[2026-02-21T06:55:09.009Z] GET /api/task-creation/sessions/9065d819-b996-413e-81a7-0db73249375a/task-description
[2026-02-21T06:55:09.010Z] GET /api/task-creation/sessions/9065d819-b996-413e-81a7-0db73249375a/execution-plan
[2026-02-21T06:55:09.010Z] GET /api/sandbox/environment
[2026-02-21T06:55:09.011Z] GET /api/task-creation/sessions
✅ 数据库连接成功
[2026-02-21T06:55:09.330Z] GET /api/sandbox/osac/sess_35ff684915754d7c/messages
[2026-02-21T06:55:09.975Z] GET /api/task-creation/sessions
[2026-02-21T06:55:15.974Z] GET /api/task-creation/sessions
[2026-02-21T06:55:21.974Z] GET /api/task-creation/sessions
[2026-02-21T06:55:27.974Z] GET /api/task-creation/sessions
[2026-02-21T06:55:33.974Z] GET /api/task-creation/sessions
[2026-02-21T06:55:39.974Z] GET /api/task-creation/sessions
[2026-02-21T06:55:45.976Z] GET /api/task-creation/sessions
[2026-02-21T06:55:51.975Z] GET /api/task-creation/sessions
[2026-02-21T06:55:57.975Z] GET /api/task-creation/sessions
[2026-02-21T06:56:03.975Z] GET /api/task-creation/sessions
[2026-02-21T06:56:09.009Z] GET /api/task-creation/sessions/9065d819-b996-413e-81a7-0db73249375a
[2026-02-21T06:56:09.010Z] GET /api/task-creation/sessions/9065d819-b996-413e-81a7-0db73249375a/messages
[2026-02-21T06:56:09.010Z] GET /api/task-creation/sessions/9065d819-b996-413e-81a7-0db73249375a/intent
[2026-02-21T06:56:09.011Z] GET /api/task-creation/sessions/9065d819-b996-413e-81a7-0db73249375a/task-description
[2026-02-21T06:56:09.011Z] GET /api/task-creation/sessions/9065d819-b996-413e-81a7-0db73249375a/execution-plan
[2026-02-21T06:56:09.012Z] GET /api/sandbox/environment
[2026-02-21T06:56:09.012Z] GET /api/task-creation/sessions
✅ 数据库连接成功
[2026-02-21T06:56:09.330Z] GET /api/sandbox/osac/sess_35ff684915754d7c/messages
[2026-02-21T06:56:09.975Z] GET /api/task-creation/sessions
[2026-02-21T06:56:15.975Z] GET /api/task-creation/sessions
[2026-02-21T06:56:21.975Z] GET /api/task-creation/sessions
[2026-02-21T06:56:27.975Z] GET /api/task-creation/sessions
[2026-02-21T06:56:33.975Z] GET /api/task-creation/sessions
[2026-02-21T06:56:39.976Z] GET /api/task-creation/sessions
[2026-02-21T06:56:45.976Z] GET /api/task-creation/sessions
[2026-02-21T06:56:51.976Z] GET /api/task-creation/sessions
[2026-02-21T06:56:57.976Z] GET /api/task-creation/sessions
[2026-02-21T06:57:03.976Z] GET /api/task-creation/sessions
[2026-02-21T06:57:09.014Z] GET /api/task-creation/sessions/9065d819-b996-413e-81a7-0db73249375a
[2026-02-21T06:57:09.015Z] GET /api/task-creation/sessions/9065d819-b996-413e-81a7-0db73249375a/messages
[2026-02-21T06:57:09.016Z] GET /api/task-creation/sessions/9065d819-b996-413e-81a7-0db73249375a/intent
[2026-02-21T06:57:09.017Z] GET /api/task-creation/sessions/9065d819-b996-413e-81a7-0db73249375a/task-description
[2026-02-21T06:57:09.018Z] GET /api/task-creation/sessions/9065d819-b996-413e-81a7-0db73249375a/execution-plan
[2026-02-21T06:57:09.018Z] GET /api/sandbox/environment
[2026-02-21T06:57:09.019Z] GET /api/task-creation/sessions
✅ 数据库连接成功
[2026-02-21T06:57:09.257Z] GET /api/sandbox/osac/sess_35ff684915754d7c/messages
[2026-02-21T06:57:09.976Z] GET /api/task-creation/sessions
[2026-02-21T06:57:15.976Z] GET /api/task-creation/sessions
[2026-02-21T06:57:21.976Z] GET /api/task-creation/sessions
[2026-02-21T06:57:27.975Z] GET /api/task-creation/sessions
[2026-02-21T06:57:33.976Z] GET /api/task-creation/sessions
[2026-02-21T06:57:39.976Z] GET /api/task-creation/sessions
[2026-02-21T06:57:45.977Z] GET /api/task-creation/sessions
[2026-02-21T06:57:51.976Z] GET /api/task-creation/sessions
[2026-02-21T06:57:57.976Z] GET /api/task-creation/sessions
[2026-02-21T06:58:03.977Z] GET /api/task-creation/sessions
[2026-02-21T06:58:09.013Z] GET /api/task-creation/sessions/9065d819-b996-413e-81a7-0db73249375a
[2026-02-21T06:58:09.014Z] GET /api/task-creation/sessions/9065d819-b996-413e-81a7-0db73249375a/messages
[2026-02-21T06:58:09.014Z] GET /api/task-creation/sessions/9065d819-b996-413e-81a7-0db73249375a/intent
[2026-02-21T06:58:09.014Z] GET /api/task-creation/sessions/9065d819-b996-413e-81a7-0db73249375a/task-description
[2026-02-21T06:58:09.015Z] GET /api/task-creation/sessions/9065d819-b996-413e-81a7-0db73249375a/execution-plan
[2026-02-21T06:58:09.015Z] GET /api/sandbox/environment
[2026-02-21T06:58:09.016Z] GET /api/task-creation/sessions
✅ 数据库连接成功
[2026-02-21T06:58:09.273Z] GET /api/sandbox/osac/sess_35ff684915754d7c/messages
[2026-02-21T06:58:09.976Z] GET /api/task-creation/sessions
[2026-02-21T06:58:15.976Z] GET /api/task-creation/sessions
[2026-02-21T06:58:21.976Z] GET /api/task-creation/sessions
[2026-02-21T06:58:27.977Z] GET /api/task-creation/sessions
[2026-02-21T06:58:33.973Z] GET /api/task-creation/sessions
[2026-02-21T06:58:39.977Z] GET /api/task-creation/sessions
[2026-02-21T06:58:45.977Z] GET /api/task-creation/sessions
[2026-02-21T06:58:51.976Z] GET /api/task-creation/sessions
[2026-02-21T06:58:57.977Z] GET /api/task-creation/sessions
[2026-02-21T06:59:03.977Z] GET /api/task-creation/sessions
[2026-02-21T06:59:09.001Z] GET /api/task-creation/sessions/9065d819-b996-413e-81a7-0db73249375a
[2026-02-21T06:59:09.002Z] GET /api/task-creation/sessions/9065d819-b996-413e-81a7-0db73249375a/messages
[2026-02-21T06:59:09.002Z] GET /api/task-creation/sessions/9065d819-b996-413e-81a7-0db73249375a/intent
[2026-02-21T06:59:09.003Z] GET /api/task-creation/sessions/9065d819-b996-413e-81a7-0db73249375a/task-description
[2026-02-21T06:59:09.004Z] GET /api/task-creation/sessions/9065d819-b996-413e-81a7-0db73249375a/execution-plan
[2026-02-21T06:59:09.004Z] GET /api/task-creation/sessions
[2026-02-21T06:59:09.005Z] GET /api/sandbox/environment
✅ 数据库连接成功
[2026-02-21T06:59:09.305Z] GET /api/sandbox/osac/sess_35ff684915754d7c/messages
[2026-02-21T06:59:09.978Z] GET /api/task-creation/sessions
[2026-02-21T06:59:15.978Z] GET /api/task-creation/sessions
[2026-02-21T06:59:21.978Z] GET /api/task-creation/sessions
[2026-02-21T06:59:27.978Z] GET /api/task-creation/sessions
[2026-02-21T06:59:33.979Z] GET /api/task-creation/sessions
[2026-02-21T06:59:39.978Z] GET /api/task-creation/sessions
[2026-02-21T06:59:45.978Z] GET /api/task-creation/sessions
[2026-02-21T06:59:51.978Z] GET /api/task-creation/sessions
[2026-02-21T06:59:57.978Z] GET /api/task-creation/sessions
[2026-02-21T07:00:03.979Z] GET /api/task-creation/sessions
[2026-02-21T07:00:09.003Z] GET /api/task-creation/sessions/9065d819-b996-413e-81a7-0db73249375a
[2026-02-21T07:00:09.004Z] GET /api/task-creation/sessions/9065d819-b996-413e-81a7-0db73249375a/messages
[2026-02-21T07:00:09.004Z] GET /api/task-creation/sessions/9065d819-b996-413e-81a7-0db73249375a/intent
[2026-02-21T07:00:09.005Z] GET /api/task-creation/sessions/9065d819-b996-413e-81a7-0db73249375a/task-description
[2026-02-21T07:00:09.006Z] GET /api/task-creation/sessions/9065d819-b996-413e-81a7-0db73249375a/execution-plan
[2026-02-21T07:00:09.007Z] GET /api/sandbox/environment
[2026-02-21T07:00:09.007Z] GET /api/task-creation/sessions
✅ 数据库连接成功
[2026-02-21T07:00:09.351Z] GET /api/sandbox/osac/sess_35ff684915754d7c/messages
[2026-02-21T07:00:09.979Z] GET /api/task-creation/sessions
[2026-02-21T07:00:15.973Z] GET /api/task-creation/sessions
[2026-02-21T07:00:21.979Z] GET /api/task-creation/sessions
[2026-02-21T07:00:27.979Z] GET /api/task-creation/sessions
[2026-02-21T07:00:33.979Z] GET /api/task-creation/sessions
[2026-02-21T07:00:39.978Z] GET /api/task-creation/sessions
[2026-02-21T07:00:45.977Z] GET /api/task-creation/sessions
[2026-02-21T07:00:51.974Z] GET /api/task-creation/sessions
[2026-02-21T07:00:57.979Z] GET /api/task-creation/sessions
[2026-02-21T07:01:03.979Z] GET /api/task-creation/sessions
[2026-02-21T07:01:09.010Z] GET /api/task-creation/sessions/9065d819-b996-413e-81a7-0db73249375a
[2026-02-21T07:01:09.011Z] GET /api/task-creation/sessions/9065d819-b996-413e-81a7-0db73249375a/intent
[2026-02-21T07:01:09.012Z] GET /api/task-creation/sessions/9065d819-b996-413e-81a7-0db73249375a/messages
[2026-02-21T07:01:09.012Z] GET /api/task-creation/sessions/9065d819-b996-413e-81a7-0db73249375a/task-description
[2026-02-21T07:01:09.013Z] GET /api/task-creation/sessions/9065d819-b996-413e-81a7-0db73249375a/execution-plan
[2026-02-21T07:01:09.013Z] GET /api/sandbox/environment
[2026-02-21T07:01:09.014Z] GET /api/task-creation/sessions
✅ 数据库连接成功
[2026-02-21T07:01:09.374Z] GET /api/sandbox/osac/sess_35ff684915754d7c/messages
[2026-02-21T07:01:09.980Z] GET /api/task-creation/sessions
[2026-02-21T07:01:15.973Z] GET /api/task-creation/sessions
[2026-02-21T07:01:21.980Z] GET /api/task-creation/sessions
[2026-02-21T07:01:27.975Z] GET /api/task-creation/sessions
[2026-02-21T07:01:33.980Z] GET /api/task-creation/sessions
[2026-02-21T07:01:39.980Z] GET /api/task-creation/sessions
[2026-02-21T07:01:45.980Z] GET /api/task-creation/sessions
[2026-02-21T07:01:51.973Z] GET /api/task-creation/sessions
[2026-02-21T07:01:57.972Z] GET /api/task-creation/sessions
[2026-02-21T07:02:03.972Z] GET /api/task-creation/sessions
[2026-02-21T07:02:09.012Z] GET /api/task-creation/sessions
[2026-02-21T07:02:09.012Z] GET /api/task-creation/sessions/9065d819-b996-413e-81a7-0db73249375a/messages
[2026-02-21T07:02:09.013Z] GET /api/task-creation/sessions/9065d819-b996-413e-81a7-0db73249375a
[2026-02-21T07:02:09.013Z] GET /api/task-creation/sessions/9065d819-b996-413e-81a7-0db73249375a/intent
[2026-02-21T07:02:09.014Z] GET /api/task-creation/sessions/9065d819-b996-413e-81a7-0db73249375a/task-description
[2026-02-21T07:02:09.015Z] GET /api/task-creation/sessions/9065d819-b996-413e-81a7-0db73249375a/execution-plan
[2026-02-21T07:02:09.016Z] GET /api/sandbox/environment
✅ 数据库连接成功
[2026-02-21T07:02:09.362Z] GET /api/sandbox/osac/sess_35ff684915754d7c/messages
[2026-02-21T07:02:09.973Z] GET /api/task-creation/sessions
[2026-02-21T07:02:15.973Z] GET /api/task-creation/sessions
[2026-02-21T07:02:21.974Z] GET /api/task-creation/sessions
[2026-02-21T07:02:27.974Z] GET /api/task-creation/sessions
[2026-02-21T07:02:33.974Z] GET /api/task-creation/sessions
[2026-02-21T07:02:39.974Z] GET /api/task-creation/sessions
[2026-02-21T07:02:45.974Z] GET /api/task-creation/sessions
[2026-02-21T07:02:51.974Z] GET /api/task-creation/sessions
[2026-02-21T07:02:57.974Z] GET /api/task-creation/sessions
[2026-02-21T07:03:03.974Z] GET /api/task-creation/sessions
[2026-02-21T07:03:09.005Z] GET /api/task-creation/sessions/9065d819-b996-413e-81a7-0db73249375a
[2026-02-21T07:03:09.006Z] GET /api/task-creation/sessions/9065d819-b996-413e-81a7-0db73249375a/messages
[2026-02-21T07:03:09.006Z] GET /api/task-creation/sessions/9065d819-b996-413e-81a7-0db73249375a/intent
[2026-02-21T07:03:09.007Z] GET /api/task-creation/sessions/9065d819-b996-413e-81a7-0db73249375a/execution-plan
[2026-02-21T07:03:09.008Z] GET /api/task-creation/sessions/9065d819-b996-413e-81a7-0db73249375a/task-description
[2026-02-21T07:03:09.008Z] GET /api/sandbox/environment
[2026-02-21T07:03:09.009Z] GET /api/task-creation/sessions
✅ 数据库连接成功
[2026-02-21T07:03:09.394Z] GET /api/sandbox/osac/sess_35ff684915754d7c/messages
[2026-02-21T07:03:09.974Z] GET /api/task-creation/sessions
[2026-02-21T07:03:15.975Z] GET /api/task-creation/sessions
[2026-02-21T07:03:21.975Z] GET /api/task-creation/sessions
[2026-02-21T07:03:27.975Z] GET /api/task-creation/sessions
[2026-02-21T07:03:33.975Z] GET /api/task-creation/sessions
[2026-02-21T07:03:39.975Z] GET /api/task-creation/sessions
[2026-02-21T07:03:45.975Z] GET /api/task-creation/sessions
[2026-02-21T07:03:51.974Z] GET /api/task-creation/sessions
[2026-02-21T07:03:57.975Z] GET /api/task-creation/sessions
[2026-02-21T07:04:03.975Z] GET /api/task-creation/sessions
[2026-02-21T07:04:09.008Z] GET /api/task-creation/sessions/9065d819-b996-413e-81a7-0db73249375a
[2026-02-21T07:04:09.008Z] GET /api/task-creation/sessions/9065d819-b996-413e-81a7-0db73249375a/messages
[2026-02-21T07:04:09.009Z] GET /api/task-creation/sessions/9065d819-b996-413e-81a7-0db73249375a/intent
[2026-02-21T07:04:09.009Z] GET /api/task-creation/sessions/9065d819-b996-413e-81a7-0db73249375a/task-description
[2026-02-21T07:04:09.010Z] GET /api/task-creation/sessions/9065d819-b996-413e-81a7-0db73249375a/execution-plan
[2026-02-21T07:04:09.010Z] GET /api/sandbox/environment
[2026-02-21T07:04:09.011Z] GET /api/task-creation/sessions
✅ 数据库连接成功
[2026-02-21T07:04:09.259Z] GET /api/sandbox/osac/sess_35ff684915754d7c/messages
[2026-02-21T07:04:09.976Z] GET /api/task-creation/sessions
[2026-02-21T07:04:15.975Z] GET /api/task-creation/sessions
[2026-02-21T07:04:21.975Z] GET /api/task-creation/sessions
[2026-02-21T07:04:27.975Z] GET /api/task-creation/sessions
[2026-02-21T07:04:33.976Z] GET /api/task-creation/sessions
[2026-02-21T07:04:39.974Z] GET /api/task-creation/sessions
[2026-02-21T07:04:45.974Z] GET /api/task-creation/sessions
[2026-02-21T07:04:51.975Z] GET /api/task-creation/sessions
[2026-02-21T07:04:57.976Z] GET /api/task-creation/sessions
[2026-02-21T07:05:03.976Z] GET /api/task-creation/sessions
[2026-02-21T07:05:09.003Z] GET /api/task-creation/sessions/9065d819-b996-413e-81a7-0db73249375a
[2026-02-21T07:05:09.004Z] GET /api/task-creation/sessions/9065d819-b996-413e-81a7-0db73249375a/messages
[2026-02-21T07:05:09.004Z] GET /api/task-creation/sessions/9065d819-b996-413e-81a7-0db73249375a/intent
[2026-02-21T07:05:09.005Z] GET /api/task-creation/sessions/9065d819-b996-413e-81a7-0db73249375a/task-description
[2026-02-21T07:05:09.006Z] GET /api/sandbox/environment
[2026-02-21T07:05:09.006Z] GET /api/task-creation/sessions/9065d819-b996-413e-81a7-0db73249375a/execution-plan
[2026-02-21T07:05:09.007Z] GET /api/task-creation/sessions
✅ 数据库连接成功
[2026-02-21T07:05:09.293Z] GET /api/sandbox/osac/sess_35ff684915754d7c/messages
[2026-02-21T07:05:09.976Z] GET /api/task-creation/sessions
[2026-02-21T07:05:15.976Z] GET /api/task-creation/sessions
[2026-02-21T07:05:21.976Z] GET /api/task-creation/sessions
[2026-02-21T07:05:27.976Z] GET /api/task-creation/sessions
[2026-02-21T07:05:33.976Z] GET /api/task-creation/sessions
[2026-02-21T07:05:39.976Z] GET /api/task-creation/sessions
[2026-02-21T07:05:45.977Z] GET /api/task-creation/sessions
[2026-02-21T07:05:51.976Z] GET /api/task-creation/sessions
[2026-02-21T07:05:57.976Z] GET /api/task-creation/sessions
[2026-02-21T07:06:03.976Z] GET /api/task-creation/sessions
[2026-02-21T07:06:08.999Z] GET /api/task-creation/sessions/9065d819-b996-413e-81a7-0db73249375a
[2026-02-21T07:06:09.000Z] GET /api/task-creation/sessions/9065d819-b996-413e-81a7-0db73249375a/messages
[2026-02-21T07:06:09.000Z] GET /api/task-creation/sessions/9065d819-b996-413e-81a7-0db73249375a/intent
[2026-02-21T07:06:09.001Z] GET /api/task-creation/sessions/9065d819-b996-413e-81a7-0db73249375a/task-description
[2026-02-21T07:06:09.001Z] GET /api/task-creation/sessions/9065d819-b996-413e-81a7-0db73249375a/execution-plan
[2026-02-21T07:06:09.002Z] GET /api/sandbox/environment
[2026-02-21T07:06:09.003Z] GET /api/task-creation/sessions
✅ 数据库连接成功
[2026-02-21T07:06:09.408Z] GET /api/sandbox/osac/sess_35ff684915754d7c/messages
[2026-02-21T07:06:09.977Z] GET /api/task-creation/sessions
[2026-02-21T07:06:15.977Z] GET /api/task-creation/sessions
[2026-02-21T07:06:21.977Z] GET /api/task-creation/sessions
[2026-02-21T07:06:27.978Z] GET /api/task-creation/sessions
[2026-02-21T07:06:33.978Z] GET /api/task-creation/sessions
[2026-02-21T07:06:39.974Z] GET /api/task-creation/sessions
[2026-02-21T07:06:45.978Z] GET /api/task-creation/sessions
[2026-02-21T07:06:51.978Z] GET /api/task-creation/sessions
[2026-02-21T07:06:57.978Z] GET /api/task-creation/sessions
[2026-02-21T07:07:03.978Z] GET /api/task-creation/sessions
[2026-02-21T07:07:09.004Z] GET /api/task-creation/sessions/9065d819-b996-413e-81a7-0db73249375a
[2026-02-21T07:07:09.004Z] GET /api/task-creation/sessions/9065d819-b996-413e-81a7-0db73249375a/messages
[2026-02-21T07:07:09.004Z] GET /api/task-creation/sessions/9065d819-b996-413e-81a7-0db73249375a/intent
[2026-02-21T07:07:09.005Z] GET /api/task-creation/sessions/9065d819-b996-413e-81a7-0db73249375a/task-description
[2026-02-21T07:07:09.006Z] GET /api/task-creation/sessions/9065d819-b996-413e-81a7-0db73249375a/execution-plan
[2026-02-21T07:07:09.007Z] GET /api/sandbox/environment
[2026-02-21T07:07:09.007Z] GET /api/task-creation/sessions
✅ 数据库连接成功
[2026-02-21T07:07:09.345Z] GET /api/sandbox/osac/sess_35ff684915754d7c/messages
[2026-02-21T07:07:09.978Z] GET /api/task-creation/sessions
[2026-02-21T07:07:15.973Z] GET /api/task-creation/sessions
[2026-02-21T07:07:21.979Z] GET /api/task-creation/sessions
[2026-02-21T07:07:27.979Z] GET /api/task-creation/sessions
[2026-02-21T07:07:33.978Z] GET /api/task-creation/sessions
[2026-02-21T07:07:39.978Z] GET /api/task-creation/sessions
[2026-02-21T07:07:45.979Z] GET /api/task-creation/sessions
[2026-02-21T07:07:51.978Z] GET /api/task-creation/sessions
[2026-02-21T07:07:57.979Z] GET /api/task-creation/sessions
[2026-02-21T07:08:03.975Z] GET /api/task-creation/sessions
[2026-02-21T07:08:09.006Z] GET /api/task-creation/sessions/9065d819-b996-413e-81a7-0db73249375a
[2026-02-21T07:08:09.007Z] GET /api/task-creation/sessions/9065d819-b996-413e-81a7-0db73249375a/messages
[2026-02-21T07:08:09.007Z] GET /api/task-creation/sessions/9065d819-b996-413e-81a7-0db73249375a/intent
[2026-02-21T07:08:09.008Z] GET /api/task-creation/sessions/9065d819-b996-413e-81a7-0db73249375a/task-description
[2026-02-21T07:08:09.008Z] GET /api/task-creation/sessions/9065d819-b996-413e-81a7-0db73249375a/execution-plan
[2026-02-21T07:08:09.009Z] GET /api/sandbox/environment
[2026-02-21T07:08:09.009Z] GET /api/task-creation/sessions
✅ 数据库连接成功
[2026-02-21T07:08:09.291Z] GET /api/sandbox/osac/sess_35ff684915754d7c/messages
[2026-02-21T07:08:09.979Z] GET /api/task-creation/sessions
[2026-02-21T07:08:15.979Z] GET /api/task-creation/sessions
[2026-02-21T07:08:21.979Z] GET /api/task-creation/sessions
[2026-02-21T07:08:27.979Z] GET /api/task-creation/sessions
[2026-02-21T07:08:33.979Z] GET /api/task-creation/sessions
[2026-02-21T07:08:39.979Z] GET /api/task-creation/sessions
[2026-02-21T07:08:45.979Z] GET /api/task-creation/sessions
[2026-02-21T07:08:51.979Z] GET /api/task-creation/sessions
[2026-02-21T07:08:57.977Z] GET /api/task-creation/sessions
[2026-02-21T07:09:03.980Z] GET /api/task-creation/sessions
[2026-02-21T07:09:09.000Z] GET /api/task-creation/sessions/9065d819-b996-413e-81a7-0db73249375a
[2026-02-21T07:09:09.001Z] GET /api/task-creation/sessions/9065d819-b996-413e-81a7-0db73249375a/messages
[2026-02-21T07:09:09.001Z] GET /api/task-creation/sessions/9065d819-b996-413e-81a7-0db73249375a/intent
[2026-02-21T07:09:09.002Z] GET /api/task-creation/sessions/9065d819-b996-413e-81a7-0db73249375a/task-description
[2026-02-21T07:09:09.002Z] GET /api/task-creation/sessions/9065d819-b996-413e-81a7-0db73249375a/execution-plan
[2026-02-21T07:09:09.002Z] GET /api/task-creation/sessions
[2026-02-21T07:09:09.002Z] GET /api/sandbox/environment
✅ 数据库连接成功
[2026-02-21T07:09:09.311Z] GET /api/sandbox/osac/sess_35ff684915754d7c/messages
[2026-02-21T07:09:09.980Z] GET /api/task-creation/sessions
[2026-02-21T07:09:15.978Z] GET /api/task-creation/sessions
[2026-02-21T07:09:21.980Z] GET /api/task-creation/sessions
[2026-02-21T07:09:27.973Z] GET /api/task-creation/sessions
[2026-02-21T07:09:33.973Z] GET /api/task-creation/sessions
[2026-02-21T07:09:39.973Z] GET /api/task-creation/sessions
[2026-02-21T07:09:45.973Z] GET /api/task-creation/sessions
[2026-02-21T07:09:51.973Z] GET /api/task-creation/sessions
[2026-02-21T07:09:57.973Z] GET /api/task-creation/sessions
[2026-02-21T07:10:03.973Z] GET /api/task-creation/sessions
[2026-02-21T07:10:09.012Z] GET /api/task-creation/sessions/9065d819-b996-413e-81a7-0db73249375a
[2026-02-21T07:10:09.013Z] GET /api/task-creation/sessions/9065d819-b996-413e-81a7-0db73249375a/messages
[2026-02-21T07:10:09.013Z] GET /api/task-creation/sessions/9065d819-b996-413e-81a7-0db73249375a/intent
[2026-02-21T07:10:09.014Z] GET /api/task-creation/sessions/9065d819-b996-413e-81a7-0db73249375a/task-description
[2026-02-21T07:10:09.015Z] GET /api/task-creation/sessions/9065d819-b996-413e-81a7-0db73249375a/execution-plan
[2026-02-21T07:10:09.015Z] GET /api/sandbox/environment
[2026-02-21T07:10:09.016Z] GET /api/task-creation/sessions
✅ 数据库连接成功
[2026-02-21T07:10:09.313Z] GET /api/sandbox/osac/sess_35ff684915754d7c/messages
[2026-02-21T07:10:09.973Z] GET /api/task-creation/sessions
[2026-02-21T07:10:15.974Z] GET /api/task-creation/sessions
[2026-02-21T07:10:21.974Z] GET /api/task-creation/sessions
[2026-02-21T07:10:27.974Z] GET /api/task-creation/sessions
[2026-02-21T07:10:33.975Z] GET /api/task-creation/sessions
[2026-02-21T07:10:39.974Z] GET /api/task-creation/sessions
[2026-02-21T07:10:45.974Z] GET /api/task-creation/sessions
[2026-02-21T07:10:51.974Z] GET /api/task-creation/sessions
[2026-02-21T07:10:57.975Z] GET /api/task-creation/sessions
[2026-02-21T07:11:03.975Z] GET /api/task-creation/sessions
[2026-02-21T07:11:09.015Z] GET /api/task-creation/sessions/9065d819-b996-413e-81a7-0db73249375a
[2026-02-21T07:11:09.016Z] GET /api/task-creation/sessions/9065d819-b996-413e-81a7-0db73249375a/intent
[2026-02-21T07:11:09.017Z] GET /api/task-creation/sessions/9065d819-b996-413e-81a7-0db73249375a/messages
[2026-02-21T07:11:09.017Z] GET /api/task-creation/sessions/9065d819-b996-413e-81a7-0db73249375a/task-description
[2026-02-21T07:11:09.018Z] GET /api/task-creation/sessions/9065d819-b996-413e-81a7-0db73249375a/execution-plan
[2026-02-21T07:11:09.018Z] GET /api/sandbox/environment
[2026-02-21T07:11:09.018Z] GET /api/task-creation/sessions
✅ 数据库连接成功
[2026-02-21T07:11:09.290Z] GET /api/sandbox/osac/sess_35ff684915754d7c/messages
[2026-02-21T07:11:09.975Z] GET /api/task-creation/sessions
[2026-02-21T07:11:15.974Z] GET /api/task-creation/sessions
[2026-02-21T07:11:21.974Z] GET /api/task-creation/sessions
[2026-02-21T07:11:27.974Z] GET /api/task-creation/sessions
[2026-02-21T07:11:33.974Z] GET /api/task-creation/sessions
[2026-02-21T07:11:39.975Z] GET /api/task-creation/sessions
[2026-02-21T07:11:45.975Z] GET /api/task-creation/sessions
[2026-02-21T07:11:51.975Z] GET /api/task-creation/sessions
[2026-02-21T07:11:57.975Z] GET /api/task-creation/sessions
[2026-02-21T07:12:03.974Z] GET /api/task-creation/sessions
[2026-02-21T07:12:09.004Z] GET /api/task-creation/sessions/9065d819-b996-413e-81a7-0db73249375a
[2026-02-21T07:12:09.005Z] GET /api/task-creation/sessions/9065d819-b996-413e-81a7-0db73249375a/messages
[2026-02-21T07:12:09.005Z] GET /api/task-creation/sessions/9065d819-b996-413e-81a7-0db73249375a/intent
[2026-02-21T07:12:09.005Z] GET /api/task-creation/sessions/9065d819-b996-413e-81a7-0db73249375a/task-description
[2026-02-21T07:12:09.006Z] GET /api/task-creation/sessions/9065d819-b996-413e-81a7-0db73249375a/execution-plan
[2026-02-21T07:12:09.006Z] GET /api/sandbox/environment
[2026-02-21T07:12:09.007Z] GET /api/task-creation/sessions
15:31:37 [tsx] change in ./src\services\osac-agent-service.ts Rerunning...
c[OSAC_CONNECTION_MANAGER] fixed_session_mode: disable background health check

🚀 oneceo.ai API Server
━━━━━━━━━━━━━━━━━━━━━━━━━━━━━━━━━━━━━━━━━━━━━
📡 API server running on http://localhost:4000
🔌 WebSocket server running on ws://localhost:4000
🔌 Task Creation WebSocket: ws://localhost:4000/ws/task-creation
🏥 Health check: http://localhost:4000/health
━━━━━━━━━━━━━━━━━━━━━━━━━━━━━━━━━━━━━━━━━━━━━
[OSAC_PERSISTENT_RECOVER_SKIP] fixed_session_mode

✅ 数据库连接成功
[2026-02-21T07:32:09.002Z] GET /api/task-creation/sessions
15:32:10 [tsx] change in ./src\services\osac-agent-service.ts Restarting...
c[OSAC_CONNECTION_MANAGER] fixed_session_mode: disable background health check
22:23:20 [tsx] change in ./src\services\opencode-remote-service.ts Rerunning...
c[OSAC_CONNECTION_MANAGER] fixed_session_mode: disable background health check
22:32:27 [tsx] change in ./src\services\opencode-remote-service.ts Rerunning...
c[OSAC_CONNECTION_MANAGER] fixed_session_mode: disable background health check

🚀 oneceo.ai API Server
━━━━━━━━━━━━━━━━━━━━━━━━━━━━━━━━━━━━━━━━━━━━━
📡 API server running on http://localhost:4000
🔌 WebSocket server running on ws://localhost:4000
🔌 Task Creation WebSocket: ws://localhost:4000/ws/task-creation
🏥 Health check: http://localhost:4000/health
━━━━━━━━━━━━━━━━━━━━━━━━━━━━━━━━━━━━━━━━━━━━━
[OSAC_PERSISTENT_RECOVER_SKIP] fixed_session_mode

✅ 数据库连接成功
[2026-02-21T14:32:30.796Z] GET /api/task-creation/sessions/53bd88ad-674e-47e5-a46b-f390496870c0
[2026-02-21T14:32:30.798Z] GET /api/task-creation/sessions/53bd88ad-674e-47e5-a46b-f390496870c0/intent
[2026-02-21T14:32:30.800Z] GET /api/task-creation/sessions/53bd88ad-674e-47e5-a46b-f390496870c0/messages
[2026-02-21T14:32:30.800Z] GET /api/task-creation/sessions/53bd88ad-674e-47e5-a46b-f390496870c0/task-description
[2026-02-21T14:32:30.802Z] GET /api/task-creation/sessions/53bd88ad-674e-47e5-a46b-f390496870c0/execution-plan
[2026-02-21T14:32:30.803Z] GET /api/sandbox/environment
[2026-02-21T14:32:30.803Z] GET /api/task-creation/sessions
[2026-02-21T14:32:31.110Z] GET /api/sandbox/osac/sess_35ff684915754d7c/messages
[2026-02-21T14:32:34.803Z] GET /api/task-creation/sessions/53bd88ad-674e-47e5-a46b-f390496870c0
[2026-02-21T14:32:34.804Z] GET /api/task-creation/sessions/53bd88ad-674e-47e5-a46b-f390496870c0/messages
[2026-02-21T14:32:34.804Z] GET /api/task-creation/sessions/53bd88ad-674e-47e5-a46b-f390496870c0/intent
[2026-02-21T14:32:34.805Z] GET /api/task-creation/sessions/53bd88ad-674e-47e5-a46b-f390496870c0/task-description
[2026-02-21T14:32:34.805Z] GET /api/task-creation/sessions/53bd88ad-674e-47e5-a46b-f390496870c0/execution-plan
[2026-02-21T14:32:34.806Z] GET /api/sandbox/environment
[2026-02-21T14:32:34.806Z] GET /api/task-creation/sessions
[2026-02-21T14:32:34.997Z] GET /api/sandbox/osac/sess_35ff684915754d7c/messages
[2026-02-21T14:32:38.807Z] GET /api/task-creation/sessions/53bd88ad-674e-47e5-a46b-f390496870c0
[2026-02-21T14:32:38.808Z] GET /api/task-creation/sessions/53bd88ad-674e-47e5-a46b-f390496870c0/messages
[2026-02-21T14:32:38.808Z] GET /api/task-creation/sessions/53bd88ad-674e-47e5-a46b-f390496870c0/intent
[2026-02-21T14:32:38.809Z] GET /api/task-creation/sessions/53bd88ad-674e-47e5-a46b-f390496870c0/task-description
[2026-02-21T14:32:38.809Z] GET /api/task-creation/sessions/53bd88ad-674e-47e5-a46b-f390496870c0/execution-plan
[2026-02-21T14:32:38.810Z] GET /api/sandbox/environment
[2026-02-21T14:32:38.810Z] GET /api/task-creation/sessions
[2026-02-21T14:32:38.977Z] GET /api/sandbox/osac/sess_35ff684915754d7c/messages
[2026-02-21T14:32:42.798Z] GET /api/task-creation/sessions/53bd88ad-674e-47e5-a46b-f390496870c0
[2026-02-21T14:32:42.799Z] GET /api/task-creation/sessions/53bd88ad-674e-47e5-a46b-f390496870c0/messages
[2026-02-21T14:32:42.799Z] GET /api/task-creation/sessions/53bd88ad-674e-47e5-a46b-f390496870c0/intent
[2026-02-21T14:32:42.800Z] GET /api/task-creation/sessions/53bd88ad-674e-47e5-a46b-f390496870c0/task-description
[2026-02-21T14:32:42.800Z] GET /api/task-creation/sessions/53bd88ad-674e-47e5-a46b-f390496870c0/execution-plan
[2026-02-21T14:32:42.801Z] GET /api/sandbox/environment
[2026-02-21T14:32:42.801Z] GET /api/task-creation/sessions
[2026-02-21T14:32:42.971Z] GET /api/sandbox/osac/sess_35ff684915754d7c/messages
[2026-02-21T14:32:46.795Z] GET /api/task-creation/sessions/53bd88ad-674e-47e5-a46b-f390496870c0/messages
[2026-02-21T14:32:46.796Z] GET /api/task-creation/sessions/53bd88ad-674e-47e5-a46b-f390496870c0
[2026-02-21T14:32:46.796Z] GET /api/task-creation/sessions/53bd88ad-674e-47e5-a46b-f390496870c0/intent
[2026-02-21T14:32:46.796Z] GET /api/task-creation/sessions/53bd88ad-674e-47e5-a46b-f390496870c0/task-description
[2026-02-21T14:32:46.797Z] GET /api/task-creation/sessions/53bd88ad-674e-47e5-a46b-f390496870c0/execution-plan
[2026-02-21T14:32:46.797Z] GET /api/sandbox/environment
[2026-02-21T14:32:46.797Z] GET /api/task-creation/sessions
✅ 数据库连接成功
[2026-02-21T14:32:46.993Z] GET /api/sandbox/osac/sess_35ff684915754d7c/messages
[2026-02-21T14:32:50.803Z] GET /api/task-creation/sessions/53bd88ad-674e-47e5-a46b-f390496870c0
[2026-02-21T14:32:50.804Z] GET /api/task-creation/sessions/53bd88ad-674e-47e5-a46b-f390496870c0/messages
[2026-02-21T14:32:50.804Z] GET /api/task-creation/sessions/53bd88ad-674e-47e5-a46b-f390496870c0/intent
[2026-02-21T14:32:50.804Z] GET /api/task-creation/sessions/53bd88ad-674e-47e5-a46b-f390496870c0/task-description
[2026-02-21T14:32:50.805Z] GET /api/task-creation/sessions/53bd88ad-674e-47e5-a46b-f390496870c0/execution-plan
[2026-02-21T14:32:50.805Z] GET /api/sandbox/environment
[2026-02-21T14:32:50.805Z] GET /api/task-creation/sessions
[2026-02-21T14:32:50.959Z] GET /api/sandbox/osac/sess_35ff684915754d7c/messages
[2026-02-21T14:32:54.802Z] GET /api/task-creation/sessions/53bd88ad-674e-47e5-a46b-f390496870c0
[2026-02-21T14:32:54.803Z] GET /api/task-creation/sessions/53bd88ad-674e-47e5-a46b-f390496870c0/messages
[2026-02-21T14:32:54.803Z] GET /api/task-creation/sessions/53bd88ad-674e-47e5-a46b-f390496870c0/intent
[2026-02-21T14:32:54.804Z] GET /api/task-creation/sessions/53bd88ad-674e-47e5-a46b-f390496870c0/task-description
[2026-02-21T14:32:54.804Z] GET /api/task-creation/sessions/53bd88ad-674e-47e5-a46b-f390496870c0/execution-plan
[2026-02-21T14:32:54.804Z] GET /api/sandbox/environment
[2026-02-21T14:32:54.805Z] GET /api/task-creation/sessions
[2026-02-21T14:32:54.966Z] GET /api/sandbox/osac/sess_35ff684915754d7c/messages
[2026-02-21T14:32:56.256Z] GET /api/task-creation/sessions/c9aa91ab-c781-4ebc-af1a-4637a8c7cde2/messages
[2026-02-21T14:32:56.256Z] GET /api/task-creation/sessions/c9aa91ab-c781-4ebc-af1a-4637a8c7cde2/messages
[WebSocket] 客户端连接: client_1771684376355_9j5u6zaf5
[WebSocket] 发送消息 to client_1771684376355_9j5u6zaf5: agent_message
[WebSocket] 收到消息 from client_1771684376355_9j5u6zaf5: {
  type: 'opencode_input',
  sessionId: 'c9aa91ab-c781-4ebc-af1a-4637a8c7cde2',
  content: '请只回复：2'
}
[OSAC_AUDIT] {"action":"OPENCODE_SERVER_ENSURE","at":"2026-02-21T14:32:56.538Z","sessionId":"sess_35ff684915754d7c","workspacePath":"/opt/.altus/opencode/workspaces/c9aa91ab-c781-4ebc-af1a-4637a8c7cde2"}
[2026-02-21T14:32:58.808Z] GET /api/task-creation/sessions/53bd88ad-674e-47e5-a46b-f390496870c0/messages
[2026-02-21T14:32:58.809Z] GET /api/task-creation/sessions/53bd88ad-674e-47e5-a46b-f390496870c0
[2026-02-21T14:32:58.809Z] GET /api/task-creation/sessions/53bd88ad-674e-47e5-a46b-f390496870c0/intent
[2026-02-21T14:32:58.810Z] GET /api/task-creation/sessions/53bd88ad-674e-47e5-a46b-f390496870c0/task-description
[2026-02-21T14:32:58.810Z] GET /api/task-creation/sessions/53bd88ad-674e-47e5-a46b-f390496870c0/execution-plan
[2026-02-21T14:32:58.811Z] GET /api/sandbox/environment
[2026-02-21T14:32:58.811Z] GET /api/task-creation/sessions
[2026-02-21T14:32:59.101Z] GET /api/sandbox/osac/sess_35ff684915754d7c/messages
[2026-02-21T14:33:02.805Z] GET /api/task-creation/sessions/53bd88ad-674e-47e5-a46b-f390496870c0
[2026-02-21T14:33:02.806Z] GET /api/task-creation/sessions/53bd88ad-674e-47e5-a46b-f390496870c0/intent
[2026-02-21T14:33:02.806Z] GET /api/task-creation/sessions/53bd88ad-674e-47e5-a46b-f390496870c0/messages
[2026-02-21T14:33:02.806Z] GET /api/task-creation/sessions/53bd88ad-674e-47e5-a46b-f390496870c0/task-description
[2026-02-21T14:33:02.807Z] GET /api/task-creation/sessions/53bd88ad-674e-47e5-a46b-f390496870c0/execution-plan
[2026-02-21T14:33:02.807Z] GET /api/sandbox/environment
[2026-02-21T14:33:02.807Z] GET /api/task-creation/sessions
✅ 数据库连接成功
[2026-02-21T14:33:03.074Z] GET /api/sandbox/osac/sess_35ff684915754d7c/messages
[2026-02-21T14:33:06.796Z] GET /api/task-creation/sessions/53bd88ad-674e-47e5-a46b-f390496870c0
[2026-02-21T14:33:06.797Z] GET /api/task-creation/sessions/53bd88ad-674e-47e5-a46b-f390496870c0/messages
[2026-02-21T14:33:06.797Z] GET /api/task-creation/sessions/53bd88ad-674e-47e5-a46b-f390496870c0/intent
[2026-02-21T14:33:06.797Z] GET /api/task-creation/sessions/53bd88ad-674e-47e5-a46b-f390496870c0/task-description
[2026-02-21T14:33:06.798Z] GET /api/sandbox/environment
[2026-02-21T14:33:06.798Z] GET /api/task-creation/sessions/53bd88ad-674e-47e5-a46b-f390496870c0/execution-plan
[2026-02-21T14:33:06.799Z] GET /api/task-creation/sessions
[2026-02-21T14:33:07.178Z] GET /api/sandbox/osac/sess_35ff684915754d7c/messages
[2026-02-21T14:33:09.012Z] GET /api/sandbox/osac/sess_35ff684915754d7c/messages
[2026-02-21T14:33:09.013Z] GET /api/task-creation/sessions
[2026-02-21T14:33:10.796Z] GET /api/task-creation/sessions/53bd88ad-674e-47e5-a46b-f390496870c0
[2026-02-21T14:33:10.797Z] GET /api/task-creation/sessions/53bd88ad-674e-47e5-a46b-f390496870c0/messages
[2026-02-21T14:33:10.797Z] GET /api/task-creation/sessions/53bd88ad-674e-47e5-a46b-f390496870c0/intent
[2026-02-21T14:33:10.798Z] GET /api/task-creation/sessions/53bd88ad-674e-47e5-a46b-f390496870c0/task-description
[2026-02-21T14:33:10.799Z] GET /api/task-creation/sessions/53bd88ad-674e-47e5-a46b-f390496870c0/execution-plan
[2026-02-21T14:33:10.799Z] GET /api/sandbox/environment
[2026-02-21T14:33:10.799Z] GET /api/task-creation/sessions
[2026-02-21T14:33:11.445Z] GET /api/sandbox/osac/sess_35ff684915754d7c/messages
[2026-02-21T14:33:14.802Z] GET /api/task-creation/sessions/53bd88ad-674e-47e5-a46b-f390496870c0
[2026-02-21T14:33:14.803Z] GET /api/task-creation/sessions/53bd88ad-674e-47e5-a46b-f390496870c0/messages
[2026-02-21T14:33:14.803Z] GET /api/task-creation/sessions/53bd88ad-674e-47e5-a46b-f390496870c0/intent
[2026-02-21T14:33:14.803Z] GET /api/task-creation/sessions/53bd88ad-674e-47e5-a46b-f390496870c0/execution-plan
[2026-02-21T14:33:14.804Z] GET /api/task-creation/sessions/53bd88ad-674e-47e5-a46b-f390496870c0/task-description
[2026-02-21T14:33:14.805Z] GET /api/sandbox/environment
[2026-02-21T14:33:14.805Z] GET /api/task-creation/sessions
[2026-02-21T14:33:14.963Z] GET /api/sandbox/osac/sess_35ff684915754d7c/messages
[OSAC_AUDIT] {"action":"OPENCODE_BOOTSTRAP_FALLBACK","at":"2026-02-21T14:33:16.543Z","sessionId":"sess_35ff684915754d7c","messageType":"OPENCODE_SERVER_ENSURE","expectedType":"OPENCODE_SERVER_READY","requestId":"oc_ensure_1771684376538_m7dcva"}
[2026-02-21T14:33:18.799Z] GET /api/task-creation/sessions/53bd88ad-674e-47e5-a46b-f390496870c0
[2026-02-21T14:33:18.800Z] GET /api/task-creation/sessions/53bd88ad-674e-47e5-a46b-f390496870c0/intent
[2026-02-21T14:33:18.801Z] GET /api/task-creation/sessions/53bd88ad-674e-47e5-a46b-f390496870c0/task-description
[2026-02-21T14:33:18.801Z] GET /api/task-creation/sessions/53bd88ad-674e-47e5-a46b-f390496870c0/execution-plan
[2026-02-21T14:33:18.802Z] GET /api/task-creation/sessions/53bd88ad-674e-47e5-a46b-f390496870c0/messages
[2026-02-21T14:33:18.802Z] GET /api/sandbox/environment
[2026-02-21T14:33:18.802Z] GET /api/task-creation/sessions
✅ 数据库连接成功
[2026-02-21T14:33:19.226Z] GET /api/sandbox/osac/sess_35ff684915754d7c/messages
[2026-02-21T14:33:22.798Z] GET /api/task-creation/sessions/53bd88ad-674e-47e5-a46b-f390496870c0
[2026-02-21T14:33:22.798Z] GET /api/task-creation/sessions/53bd88ad-674e-47e5-a46b-f390496870c0/messages
[2026-02-21T14:33:22.799Z] GET /api/task-creation/sessions/53bd88ad-674e-47e5-a46b-f390496870c0/intent
[2026-02-21T14:33:22.799Z] GET /api/task-creation/sessions/53bd88ad-674e-47e5-a46b-f390496870c0/task-description
[2026-02-21T14:33:22.800Z] GET /api/task-creation/sessions/53bd88ad-674e-47e5-a46b-f390496870c0/execution-plan
[2026-02-21T14:33:22.800Z] GET /api/sandbox/environment
[2026-02-21T14:33:22.800Z] GET /api/task-creation/sessions
[2026-02-21T14:33:22.964Z] GET /api/sandbox/osac/sess_35ff684915754d7c/messages
[2026-02-21T14:33:26.798Z] GET /api/task-creation/sessions/53bd88ad-674e-47e5-a46b-f390496870c0
[2026-02-21T14:33:26.798Z] GET /api/task-creation/sessions/53bd88ad-674e-47e5-a46b-f390496870c0/messages
[2026-02-21T14:33:26.798Z] GET /api/task-creation/sessions/53bd88ad-674e-47e5-a46b-f390496870c0/intent
[2026-02-21T14:33:26.799Z] GET /api/task-creation/sessions/53bd88ad-674e-47e5-a46b-f390496870c0/task-description
[2026-02-21T14:33:26.799Z] GET /api/task-creation/sessions/53bd88ad-674e-47e5-a46b-f390496870c0/execution-plan
[2026-02-21T14:33:26.799Z] GET /api/sandbox/environment
[2026-02-21T14:33:26.800Z] GET /api/task-creation/sessions
[2026-02-21T14:33:27.069Z] GET /api/sandbox/osac/sess_35ff684915754d7c/messages
[2026-02-21T14:33:30.796Z] GET /api/task-creation/sessions/53bd88ad-674e-47e5-a46b-f390496870c0/messages
[2026-02-21T14:33:30.797Z] GET /api/task-creation/sessions/53bd88ad-674e-47e5-a46b-f390496870c0
[2026-02-21T14:33:30.797Z] GET /api/task-creation/sessions/53bd88ad-674e-47e5-a46b-f390496870c0/intent
[2026-02-21T14:33:30.798Z] GET /api/task-creation/sessions/53bd88ad-674e-47e5-a46b-f390496870c0/task-description
[2026-02-21T14:33:30.798Z] GET /api/task-creation/sessions/53bd88ad-674e-47e5-a46b-f390496870c0/execution-plan
[2026-02-21T14:33:30.799Z] GET /api/sandbox/environment
[2026-02-21T14:33:30.799Z] GET /api/task-creation/sessions
[2026-02-21T14:33:31.425Z] GET /api/sandbox/osac/sess_35ff684915754d7c/messages
[OSAC_AUDIT] {"action":"OPENCODE_PROMPT_SEND","at":"2026-02-21T14:33:32.845Z","sessionId":"sess_35ff684915754d7c","opencodeSessionId":"ses_380eb37f8ffe5F5SKev4Hrmt6d","partsCount":1}
[2026-02-21T14:33:34.804Z] GET /api/task-creation/sessions/53bd88ad-674e-47e5-a46b-f390496870c0
[2026-02-21T14:33:34.805Z] GET /api/task-creation/sessions/53bd88ad-674e-47e5-a46b-f390496870c0/messages
[2026-02-21T14:33:34.805Z] GET /api/task-creation/sessions/53bd88ad-674e-47e5-a46b-f390496870c0/intent
[2026-02-21T14:33:34.806Z] GET /api/task-creation/sessions/53bd88ad-674e-47e5-a46b-f390496870c0/task-description
[2026-02-21T14:33:34.806Z] GET /api/task-creation/sessions/53bd88ad-674e-47e5-a46b-f390496870c0/execution-plan
[2026-02-21T14:33:34.806Z] GET /api/sandbox/environment
[2026-02-21T14:33:34.806Z] GET /api/task-creation/sessions
✅ 数据库连接成功
[2026-02-21T14:33:35.217Z] GET /api/sandbox/osac/sess_35ff684915754d7c/messages
[2026-02-21T14:33:38.794Z] GET /api/task-creation/sessions/53bd88ad-674e-47e5-a46b-f390496870c0
[2026-02-21T14:33:38.794Z] GET /api/task-creation/sessions/53bd88ad-674e-47e5-a46b-f390496870c0/messages
[2026-02-21T14:33:38.795Z] GET /api/task-creation/sessions/53bd88ad-674e-47e5-a46b-f390496870c0/intent
[2026-02-21T14:33:38.796Z] GET /api/task-creation/sessions/53bd88ad-674e-47e5-a46b-f390496870c0/task-description
[2026-02-21T14:33:38.796Z] GET /api/task-creation/sessions/53bd88ad-674e-47e5-a46b-f390496870c0/execution-plan
[2026-02-21T14:33:38.796Z] GET /api/sandbox/environment
[2026-02-21T14:33:38.797Z] GET /api/task-creation/sessions
[2026-02-21T14:33:39.197Z] GET /api/sandbox/osac/sess_35ff684915754d7c/messages
[2026-02-21T14:33:42.800Z] GET /api/task-creation/sessions/53bd88ad-674e-47e5-a46b-f390496870c0/messages
[2026-02-21T14:33:42.800Z] GET /api/task-creation/sessions/53bd88ad-674e-47e5-a46b-f390496870c0
[2026-02-21T14:33:42.801Z] GET /api/task-creation/sessions/53bd88ad-674e-47e5-a46b-f390496870c0/intent
[2026-02-21T14:33:42.801Z] GET /api/task-creation/sessions/53bd88ad-674e-47e5-a46b-f390496870c0/task-description
[2026-02-21T14:33:42.801Z] GET /api/task-creation/sessions/53bd88ad-674e-47e5-a46b-f390496870c0/execution-plan
[2026-02-21T14:33:42.802Z] GET /api/sandbox/environment
[2026-02-21T14:33:42.802Z] GET /api/task-creation/sessions
[2026-02-21T14:33:43.271Z] GET /api/sandbox/osac/sess_35ff684915754d7c/messages
[2026-02-21T14:33:46.798Z] GET /api/task-creation/sessions/53bd88ad-674e-47e5-a46b-f390496870c0
[2026-02-21T14:33:46.799Z] GET /api/task-creation/sessions/53bd88ad-674e-47e5-a46b-f390496870c0/messages
[2026-02-21T14:33:46.799Z] GET /api/task-creation/sessions/53bd88ad-674e-47e5-a46b-f390496870c0/intent
[2026-02-21T14:33:46.800Z] GET /api/task-creation/sessions/53bd88ad-674e-47e5-a46b-f390496870c0/task-description
[2026-02-21T14:33:46.800Z] GET /api/task-creation/sessions/53bd88ad-674e-47e5-a46b-f390496870c0/execution-plan
[2026-02-21T14:33:46.800Z] GET /api/sandbox/environment
[2026-02-21T14:33:46.801Z] GET /api/task-creation/sessions
[2026-02-21T14:33:47.174Z] GET /api/sandbox/osac/sess_35ff684915754d7c/messages
[2026-02-21T14:33:50.804Z] GET /api/task-creation/sessions/53bd88ad-674e-47e5-a46b-f390496870c0
[2026-02-21T14:33:50.805Z] GET /api/task-creation/sessions/53bd88ad-674e-47e5-a46b-f390496870c0/messages
[2026-02-21T14:33:50.805Z] GET /api/task-creation/sessions/53bd88ad-674e-47e5-a46b-f390496870c0/intent
[2026-02-21T14:33:50.805Z] GET /api/task-creation/sessions/53bd88ad-674e-47e5-a46b-f390496870c0/task-description
[2026-02-21T14:33:50.806Z] GET /api/task-creation/sessions/53bd88ad-674e-47e5-a46b-f390496870c0/execution-plan
[2026-02-21T14:33:50.806Z] GET /api/sandbox/environment
[2026-02-21T14:33:50.806Z] GET /api/task-creation/sessions
✅ 数据库连接成功
[2026-02-21T14:33:51.597Z] GET /api/sandbox/osac/sess_35ff684915754d7c/messages
[2026-02-21T14:33:54.793Z] GET /api/task-creation/sessions/53bd88ad-674e-47e5-a46b-f390496870c0
[2026-02-21T14:33:54.794Z] GET /api/task-creation/sessions/53bd88ad-674e-47e5-a46b-f390496870c0/messages
[2026-02-21T14:33:54.794Z] GET /api/task-creation/sessions/53bd88ad-674e-47e5-a46b-f390496870c0/intent
[2026-02-21T14:33:54.794Z] GET /api/task-creation/sessions/53bd88ad-674e-47e5-a46b-f390496870c0/task-description
[2026-02-21T14:33:54.794Z] GET /api/task-creation/sessions/53bd88ad-674e-47e5-a46b-f390496870c0/execution-plan
[2026-02-21T14:33:54.795Z] GET /api/sandbox/environment
[2026-02-21T14:33:54.796Z] GET /api/task-creation/sessions
[2026-02-21T14:33:55.117Z] GET /api/sandbox/osac/sess_35ff684915754d7c/messages
[2026-02-21T14:33:58.796Z] GET /api/task-creation/sessions/53bd88ad-674e-47e5-a46b-f390496870c0
[2026-02-21T14:33:58.796Z] GET /api/task-creation/sessions/53bd88ad-674e-47e5-a46b-f390496870c0/intent
[2026-02-21T14:33:58.797Z] GET /api/task-creation/sessions/53bd88ad-674e-47e5-a46b-f390496870c0/messages
[2026-02-21T14:33:58.797Z] GET /api/task-creation/sessions/53bd88ad-674e-47e5-a46b-f390496870c0/task-description
[2026-02-21T14:33:58.797Z] GET /api/task-creation/sessions/53bd88ad-674e-47e5-a46b-f390496870c0/execution-plan
[2026-02-21T14:33:58.798Z] GET /api/task-creation/sessions
[2026-02-21T14:33:58.798Z] GET /api/sandbox/environment
[2026-02-21T14:33:59.325Z] GET /api/sandbox/osac/sess_35ff684915754d7c/messages
[2026-02-21T14:34:02.800Z] GET /api/task-creation/sessions/53bd88ad-674e-47e5-a46b-f390496870c0/messages
[2026-02-21T14:34:02.801Z] GET /api/task-creation/sessions/53bd88ad-674e-47e5-a46b-f390496870c0
[2026-02-21T14:34:02.801Z] GET /api/task-creation/sessions/53bd88ad-674e-47e5-a46b-f390496870c0/intent
[2026-02-21T14:34:02.801Z] GET /api/task-creation/sessions/53bd88ad-674e-47e5-a46b-f390496870c0/task-description
[2026-02-21T14:34:02.802Z] GET /api/task-creation/sessions/53bd88ad-674e-47e5-a46b-f390496870c0/execution-plan
[2026-02-21T14:34:02.802Z] GET /api/sandbox/environment
[2026-02-21T14:34:02.803Z] GET /api/task-creation/sessions
[2026-02-21T14:34:03.154Z] GET /api/sandbox/osac/sess_35ff684915754d7c/messages
[2026-02-21T14:34:06.795Z] GET /api/task-creation/sessions/53bd88ad-674e-47e5-a46b-f390496870c0
[2026-02-21T14:34:06.796Z] GET /api/task-creation/sessions/53bd88ad-674e-47e5-a46b-f390496870c0/messages
[2026-02-21T14:34:06.796Z] GET /api/task-creation/sessions/53bd88ad-674e-47e5-a46b-f390496870c0/intent
[2026-02-21T14:34:06.797Z] GET /api/task-creation/sessions/53bd88ad-674e-47e5-a46b-f390496870c0/task-description
[2026-02-21T14:34:06.797Z] GET /api/task-creation/sessions/53bd88ad-674e-47e5-a46b-f390496870c0/execution-plan
[2026-02-21T14:34:06.798Z] GET /api/sandbox/environment
[2026-02-21T14:34:06.798Z] GET /api/task-creation/sessions
✅ 数据库连接成功
[2026-02-21T14:34:07.300Z] GET /api/sandbox/osac/sess_35ff684915754d7c/messages
[2026-02-21T14:34:09.011Z] GET /api/sandbox/osac/sess_35ff684915754d7c/messages
[2026-02-21T14:34:09.012Z] GET /api/task-creation/sessions
[2026-02-21T14:34:10.795Z] GET /api/task-creation/sessions/53bd88ad-674e-47e5-a46b-f390496870c0
[2026-02-21T14:34:10.796Z] GET /api/task-creation/sessions/53bd88ad-674e-47e5-a46b-f390496870c0/messages
[2026-02-21T14:34:10.796Z] GET /api/task-creation/sessions/53bd88ad-674e-47e5-a46b-f390496870c0/intent
[2026-02-21T14:34:10.797Z] GET /api/task-creation/sessions/53bd88ad-674e-47e5-a46b-f390496870c0/task-description
[2026-02-21T14:34:10.797Z] GET /api/task-creation/sessions/53bd88ad-674e-47e5-a46b-f390496870c0/execution-plan
[2026-02-21T14:34:10.797Z] GET /api/sandbox/environment
[2026-02-21T14:34:10.798Z] GET /api/task-creation/sessions
[2026-02-21T14:34:11.306Z] GET /api/sandbox/osac/sess_35ff684915754d7c/messages
[2026-02-21T14:34:14.806Z] GET /api/task-creation/sessions/53bd88ad-674e-47e5-a46b-f390496870c0
[2026-02-21T14:34:14.807Z] GET /api/task-creation/sessions/53bd88ad-674e-47e5-a46b-f390496870c0/messages
[2026-02-21T14:34:14.807Z] GET /api/task-creation/sessions/53bd88ad-674e-47e5-a46b-f390496870c0/intent
[2026-02-21T14:34:14.807Z] GET /api/task-creation/sessions/53bd88ad-674e-47e5-a46b-f390496870c0/task-description
[2026-02-21T14:34:14.808Z] GET /api/task-creation/sessions/53bd88ad-674e-47e5-a46b-f390496870c0/execution-plan
[2026-02-21T14:34:14.808Z] GET /api/sandbox/environment
[2026-02-21T14:34:14.808Z] GET /api/task-creation/sessions
[2026-02-21T14:34:15.298Z] GET /api/sandbox/osac/sess_35ff684915754d7c/messages
[2026-02-21T14:34:18.800Z] GET /api/task-creation/sessions/53bd88ad-674e-47e5-a46b-f390496870c0
[2026-02-21T14:34:18.800Z] GET /api/task-creation/sessions/53bd88ad-674e-47e5-a46b-f390496870c0/messages
[2026-02-21T14:34:18.801Z] GET /api/task-creation/sessions/53bd88ad-674e-47e5-a46b-f390496870c0/intent
[2026-02-21T14:34:18.801Z] GET /api/task-creation/sessions/53bd88ad-674e-47e5-a46b-f390496870c0/execution-plan
[2026-02-21T14:34:18.801Z] GET /api/task-creation/sessions/53bd88ad-674e-47e5-a46b-f390496870c0/task-description
[2026-02-21T14:34:18.802Z] GET /api/sandbox/environment
[2026-02-21T14:34:18.802Z] GET /api/task-creation/sessions
[2026-02-21T14:34:19.510Z] GET /api/sandbox/osac/sess_35ff684915754d7c/messages
[2026-02-21T14:34:22.794Z] GET /api/task-creation/sessions/53bd88ad-674e-47e5-a46b-f390496870c0
[2026-02-21T14:34:22.794Z] GET /api/task-creation/sessions/53bd88ad-674e-47e5-a46b-f390496870c0/messages
[2026-02-21T14:34:22.794Z] GET /api/task-creation/sessions/53bd88ad-674e-47e5-a46b-f390496870c0/intent
[2026-02-21T14:34:22.795Z] GET /api/task-creation/sessions/53bd88ad-674e-47e5-a46b-f390496870c0/task-description
[2026-02-21T14:34:22.795Z] GET /api/task-creation/sessions/53bd88ad-674e-47e5-a46b-f390496870c0/execution-plan
[2026-02-21T14:34:22.796Z] GET /api/sandbox/environment
[2026-02-21T14:34:22.796Z] GET /api/task-creation/sessions
✅ 数据库连接成功
[2026-02-21T14:34:23.391Z] GET /api/sandbox/osac/sess_35ff684915754d7c/messages
[2026-02-21T14:34:26.793Z] GET /api/task-creation/sessions/53bd88ad-674e-47e5-a46b-f390496870c0
[2026-02-21T14:34:26.794Z] GET /api/task-creation/sessions/53bd88ad-674e-47e5-a46b-f390496870c0/intent
[2026-02-21T14:34:26.794Z] GET /api/task-creation/sessions/53bd88ad-674e-47e5-a46b-f390496870c0/messages
[2026-02-21T14:34:26.795Z] GET /api/task-creation/sessions/53bd88ad-674e-47e5-a46b-f390496870c0/task-description
[2026-02-21T14:34:26.795Z] GET /api/task-creation/sessions/53bd88ad-674e-47e5-a46b-f390496870c0/execution-plan
[2026-02-21T14:34:26.795Z] GET /api/sandbox/environment
[2026-02-21T14:34:26.796Z] GET /api/task-creation/sessions
[2026-02-21T14:34:27.331Z] GET /api/sandbox/osac/sess_35ff684915754d7c/messages
[OSAC_AUDIT] {"action":"OPENCODE_BOOTSTRAP_FALLBACK","at":"2026-02-21T14:34:28.363Z","sessionId":"sess_35ff684915754d7c","messageType":"OPENCODE_PROMPT_SEND","expectedType":"OPENCODE_PROMPT_ACCEPTED","requestId":"oc_prompt_1771684412845_lkuwet"}
[2026-02-21T14:34:30.803Z] GET /api/task-creation/sessions/53bd88ad-674e-47e5-a46b-f390496870c0
[2026-02-21T14:34:30.804Z] GET /api/task-creation/sessions/53bd88ad-674e-47e5-a46b-f390496870c0/messages
[2026-02-21T14:34:30.804Z] GET /api/task-creation/sessions/53bd88ad-674e-47e5-a46b-f390496870c0/intent
[2026-02-21T14:34:30.805Z] GET /api/task-creation/sessions/53bd88ad-674e-47e5-a46b-f390496870c0/execution-plan
[2026-02-21T14:34:30.805Z] GET /api/task-creation/sessions/53bd88ad-674e-47e5-a46b-f390496870c0/task-description
[2026-02-21T14:34:30.806Z] GET /api/task-creation/sessions
[2026-02-21T14:34:30.806Z] GET /api/sandbox/environment
[2026-02-21T14:34:31.415Z] GET /api/sandbox/osac/sess_35ff684915754d7c/messages
[2026-02-21T14:34:34.793Z] GET /api/task-creation/sessions/53bd88ad-674e-47e5-a46b-f390496870c0
[2026-02-21T14:34:34.794Z] GET /api/task-creation/sessions/53bd88ad-674e-47e5-a46b-f390496870c0/messages
[2026-02-21T14:34:34.794Z] GET /api/task-creation/sessions/53bd88ad-674e-47e5-a46b-f390496870c0/intent
[2026-02-21T14:34:34.795Z] GET /api/task-creation/sessions/53bd88ad-674e-47e5-a46b-f390496870c0/task-description
[2026-02-21T14:34:34.795Z] GET /api/task-creation/sessions/53bd88ad-674e-47e5-a46b-f390496870c0/execution-plan
[2026-02-21T14:34:34.795Z] GET /api/sandbox/environment
[2026-02-21T14:34:34.796Z] GET /api/task-creation/sessions
[2026-02-21T14:34:35.305Z] GET /api/sandbox/osac/sess_35ff684915754d7c/messages
[2026-02-21T14:34:38.804Z] GET /api/task-creation/sessions/53bd88ad-674e-47e5-a46b-f390496870c0
[2026-02-21T14:34:38.805Z] GET /api/task-creation/sessions/53bd88ad-674e-47e5-a46b-f390496870c0/messages
[2026-02-21T14:34:38.805Z] GET /api/task-creation/sessions/53bd88ad-674e-47e5-a46b-f390496870c0/intent
[2026-02-21T14:34:38.805Z] GET /api/task-creation/sessions/53bd88ad-674e-47e5-a46b-f390496870c0/task-description
[2026-02-21T14:34:38.806Z] GET /api/task-creation/sessions/53bd88ad-674e-47e5-a46b-f390496870c0/execution-plan
[2026-02-21T14:34:38.806Z] GET /api/sandbox/environment
[2026-02-21T14:34:38.806Z] GET /api/task-creation/sessions
✅ 数据库连接成功
[2026-02-21T14:34:39.367Z] GET /api/sandbox/osac/sess_35ff684915754d7c/messages
[2026-02-21T14:34:42.795Z] GET /api/task-creation/sessions/53bd88ad-674e-47e5-a46b-f390496870c0
[2026-02-21T14:34:42.796Z] GET /api/task-creation/sessions/53bd88ad-674e-47e5-a46b-f390496870c0/messages
[2026-02-21T14:34:42.796Z] GET /api/task-creation/sessions/53bd88ad-674e-47e5-a46b-f390496870c0/intent
[2026-02-21T14:34:42.797Z] GET /api/task-creation/sessions/53bd88ad-674e-47e5-a46b-f390496870c0/execution-plan
[2026-02-21T14:34:42.797Z] GET /api/task-creation/sessions/53bd88ad-674e-47e5-a46b-f390496870c0/task-description
[2026-02-21T14:34:42.797Z] GET /api/sandbox/environment
[2026-02-21T14:34:42.798Z] GET /api/task-creation/sessions
[2026-02-21T14:34:43.384Z] GET /api/sandbox/osac/sess_35ff684915754d7c/messages
[WebSocket] 发送消息 to client_1771684376355_9j5u6zaf5: opencode_event
[WebSocket] 发送消息 to client_1771684376355_9j5u6zaf5: opencode_event
[WebSocket] 发送消息 to client_1771684376355_9j5u6zaf5: opencode_event
[WebSocket] 发送消息 to client_1771684376355_9j5u6zaf5: opencode_event
[WebSocket] 发送消息 to client_1771684376355_9j5u6zaf5: opencode_event
[WebSocket] 发送消息 to client_1771684376355_9j5u6zaf5: opencode_event
[2026-02-21T14:34:46.807Z] GET /api/task-creation/sessions/53bd88ad-674e-47e5-a46b-f390496870c0
[2026-02-21T14:34:46.808Z] GET /api/task-creation/sessions/53bd88ad-674e-47e5-a46b-f390496870c0/messages
[2026-02-21T14:34:46.808Z] GET /api/task-creation/sessions/53bd88ad-674e-47e5-a46b-f390496870c0/intent
[2026-02-21T14:34:46.808Z] GET /api/task-creation/sessions/53bd88ad-674e-47e5-a46b-f390496870c0/task-description
[2026-02-21T14:34:46.808Z] GET /api/task-creation/sessions/53bd88ad-674e-47e5-a46b-f390496870c0/execution-plan
[2026-02-21T14:34:46.809Z] GET /api/sandbox/environment
[2026-02-21T14:34:46.809Z] GET /api/task-creation/sessions
[2026-02-21T14:34:47.341Z] GET /api/sandbox/osac/sess_35ff684915754d7c/messages
[WebSocket] 发送消息 to client_1771684376355_9j5u6zaf5: opencode_event
[WebSocket] 发送消息 to client_1771684376355_9j5u6zaf5: opencode_event
[WebSocket] 发送消息 to client_1771684376355_9j5u6zaf5: opencode_event
[WebSocket] 发送消息 to client_1771684376355_9j5u6zaf5: opencode_event
[OSAC_AUDIT] {"action":"OPENCODE_BOOTSTRAP_STREAM_START","at":"2026-02-21T14:34:48.787Z","sessionId":"sess_35ff684915754d7c","requestId":"oc_prompt_1771684412845_lkuwet"}
[OSAC_AUDIT] {"action":"OPENCODE_BOOTSTRAP_STREAM_STOP","at":"2026-02-21T14:34:48.787Z","sessionId":"sess_35ff684915754d7c","reason":"terminal_completed"}
[OSAC_AUDIT] {"action":"OPENCODE_USER_INPUT","at":"2026-02-21T14:34:48.941Z","taskSessionId":"c9aa91ab-c781-4ebc-af1a-4637a8c7cde2","orchestratorSessionId":"sess_35ff684915754d7c","opencodeSessionId":"ses_380eb37f8ffe5F5SKev4Hrmt6d"}
[WebSocket] 发送消息 to client_1771684376355_9j5u6zaf5: status_update
[WebSocket] 发送消息 to client_1771684376355_9j5u6zaf5: opencode_event
[WebSocket] 发送消息 to client_1771684376355_9j5u6zaf5: opencode_event
[WebSocket] 发送消息 to client_1771684376355_9j5u6zaf5: opencode_event
[WebSocket] 发送消息 to client_1771684376355_9j5u6zaf5: opencode_event
[WebSocket] 发送消息 to client_1771684376355_9j5u6zaf5: opencode_event
[WebSocket] 发送消息 to client_1771684376355_9j5u6zaf5: opencode_event
[WebSocket] 发送消息 to client_1771684376355_9j5u6zaf5: opencode_event
[WebSocket] 发送消息 to client_1771684376355_9j5u6zaf5: opencode_event
[WebSocket] 发送消息 to client_1771684376355_9j5u6zaf5: opencode_event
[WebSocket] 发送消息 to client_1771684376355_9j5u6zaf5: status_update
[WebSocket] 发送消息 to client_1771684376355_9j5u6zaf5: status_update
[WebSocket] 客户端断开: client_1771684376355_9j5u6zaf5
[2026-02-21T14:34:50.795Z] GET /api/task-creation/sessions/53bd88ad-674e-47e5-a46b-f390496870c0
[2026-02-21T14:34:50.796Z] GET /api/task-creation/sessions/53bd88ad-674e-47e5-a46b-f390496870c0/messages
[2026-02-21T14:34:50.796Z] GET /api/task-creation/sessions/53bd88ad-674e-47e5-a46b-f390496870c0/intent
[2026-02-21T14:34:50.797Z] GET /api/task-creation/sessions/53bd88ad-674e-47e5-a46b-f390496870c0/task-description
[2026-02-21T14:34:50.798Z] GET /api/task-creation/sessions/53bd88ad-674e-47e5-a46b-f390496870c0/execution-plan
[2026-02-21T14:34:50.798Z] GET /api/sandbox/environment
[2026-02-21T14:34:50.798Z] GET /api/task-creation/sessions
[2026-02-21T14:34:51.596Z] GET /api/sandbox/osac/sess_35ff684915754d7c/messages
[2026-02-21T14:34:54.796Z] GET /api/task-creation/sessions/53bd88ad-674e-47e5-a46b-f390496870c0
[2026-02-21T14:34:54.797Z] GET /api/task-creation/sessions/53bd88ad-674e-47e5-a46b-f390496870c0/messages
[2026-02-21T14:34:54.797Z] GET /api/task-creation/sessions/53bd88ad-674e-47e5-a46b-f390496870c0/intent
[2026-02-21T14:34:54.798Z] GET /api/task-creation/sessions/53bd88ad-674e-47e5-a46b-f390496870c0/task-description
[2026-02-21T14:34:54.798Z] GET /api/task-creation/sessions/53bd88ad-674e-47e5-a46b-f390496870c0/execution-plan
[2026-02-21T14:34:54.799Z] GET /api/sandbox/environment
[2026-02-21T14:34:54.799Z] GET /api/task-creation/sessions
✅ 数据库连接成功
[2026-02-21T14:34:55.703Z] GET /api/sandbox/osac/sess_35ff684915754d7c/messages
[2026-02-21T14:34:58.794Z] GET /api/task-creation/sessions/53bd88ad-674e-47e5-a46b-f390496870c0
[2026-02-21T14:34:58.794Z] GET /api/task-creation/sessions/53bd88ad-674e-47e5-a46b-f390496870c0/messages
[2026-02-21T14:34:58.794Z] GET /api/task-creation/sessions/53bd88ad-674e-47e5-a46b-f390496870c0/intent
[2026-02-21T14:34:58.795Z] GET /api/task-creation/sessions/53bd88ad-674e-47e5-a46b-f390496870c0/task-description
[2026-02-21T14:34:58.795Z] GET /api/task-creation/sessions/53bd88ad-674e-47e5-a46b-f390496870c0/execution-plan
[2026-02-21T14:34:58.796Z] GET /api/sandbox/environment
[2026-02-21T14:34:58.796Z] GET /api/task-creation/sessions
[2026-02-21T14:34:59.167Z] GET /api/sandbox/osac/sess_35ff684915754d7c/messages
[2026-02-21T14:35:02.797Z] GET /api/task-creation/sessions/53bd88ad-674e-47e5-a46b-f390496870c0
[2026-02-21T14:35:02.798Z] GET /api/task-creation/sessions/53bd88ad-674e-47e5-a46b-f390496870c0/messages
[2026-02-21T14:35:02.798Z] GET /api/task-creation/sessions/53bd88ad-674e-47e5-a46b-f390496870c0/intent
[2026-02-21T14:35:02.798Z] GET /api/task-creation/sessions/53bd88ad-674e-47e5-a46b-f390496870c0/execution-plan
[2026-02-21T14:35:02.799Z] GET /api/task-creation/sessions/53bd88ad-674e-47e5-a46b-f390496870c0/task-description
[2026-02-21T14:35:02.799Z] GET /api/task-creation/sessions
[2026-02-21T14:35:02.799Z] GET /api/sandbox/environment
[2026-02-21T14:35:03.256Z] GET /api/sandbox/osac/sess_35ff684915754d7c/messages
[2026-02-21T14:35:06.807Z] GET /api/task-creation/sessions/53bd88ad-674e-47e5-a46b-f390496870c0
[2026-02-21T14:35:06.808Z] GET /api/task-creation/sessions/53bd88ad-674e-47e5-a46b-f390496870c0/messages
[2026-02-21T14:35:06.808Z] GET /api/task-creation/sessions/53bd88ad-674e-47e5-a46b-f390496870c0/intent
[2026-02-21T14:35:06.808Z] GET /api/task-creation/sessions/53bd88ad-674e-47e5-a46b-f390496870c0/task-description
[2026-02-21T14:35:06.808Z] GET /api/task-creation/sessions/53bd88ad-674e-47e5-a46b-f390496870c0/execution-plan
[2026-02-21T14:35:06.809Z] GET /api/task-creation/sessions
[2026-02-21T14:35:06.809Z] GET /api/sandbox/environment
[2026-02-21T14:35:07.306Z] GET /api/sandbox/osac/sess_35ff684915754d7c/messages
[2026-02-21T14:35:09.010Z] GET /api/sandbox/osac/sess_35ff684915754d7c/messages
[2026-02-21T14:35:09.011Z] GET /api/task-creation/sessions
[2026-02-21T14:35:10.795Z] GET /api/task-creation/sessions/53bd88ad-674e-47e5-a46b-f390496870c0
[2026-02-21T14:35:10.796Z] GET /api/task-creation/sessions/53bd88ad-674e-47e5-a46b-f390496870c0/messages
[2026-02-21T14:35:10.796Z] GET /api/task-creation/sessions/53bd88ad-674e-47e5-a46b-f390496870c0/intent
[2026-02-21T14:35:10.796Z] GET /api/task-creation/sessions/53bd88ad-674e-47e5-a46b-f390496870c0/execution-plan
[2026-02-21T14:35:10.797Z] GET /api/task-creation/sessions/53bd88ad-674e-47e5-a46b-f390496870c0/task-description
[2026-02-21T14:35:10.798Z] GET /api/sandbox/environment
[2026-02-21T14:35:10.798Z] GET /api/task-creation/sessions
✅ 数据库连接成功
[2026-02-21T14:35:11.303Z] GET /api/sandbox/osac/sess_35ff684915754d7c/messages
[2026-02-21T14:35:14.806Z] GET /api/task-creation/sessions/53bd88ad-674e-47e5-a46b-f390496870c0
[2026-02-21T14:35:14.807Z] GET /api/task-creation/sessions/53bd88ad-674e-47e5-a46b-f390496870c0/messages
[2026-02-21T14:35:14.807Z] GET /api/task-creation/sessions/53bd88ad-674e-47e5-a46b-f390496870c0/intent
[2026-02-21T14:35:14.807Z] GET /api/task-creation/sessions/53bd88ad-674e-47e5-a46b-f390496870c0/task-description
[2026-02-21T14:35:14.808Z] GET /api/task-creation/sessions/53bd88ad-674e-47e5-a46b-f390496870c0/execution-plan
[2026-02-21T14:35:14.808Z] GET /api/sandbox/environment
[2026-02-21T14:35:14.808Z] GET /api/task-creation/sessions
[2026-02-21T14:35:15.557Z] GET /api/sandbox/osac/sess_35ff684915754d7c/messages
[WebSocket] 客户端连接: client_1771684518496_e6s3sw63q
[WebSocket] 发送消息 to client_1771684518496_e6s3sw63q: agent_message
[WebSocket] 收到消息 from client_1771684518496_e6s3sw63q: {
  type: 'user_input',
  content: '请在当前工作区创建一个单文件 HTML 贪吃蛇游戏，文件名 snake.html，并说明运行方式。'
}
[WebSocket] 开始处理任务创建: 请在当前工作区创建一个单文件 HTML 贪吃蛇游戏，文件名 snake.html，并说明运行方式。
[TaskCreationService] 开始创建任务: 请在当前工作区创建一个单文件 HTML 贪吃蛇游戏，文件名 snake.html，并说明运行方式。
[TaskCreationService] 开始 Layer 1: 意图识别
[WebSocket] 发送消息 to client_1771684518496_e6s3sw63q: status_update
[2026-02-21T14:35:18.801Z] GET /api/task-creation/sessions/53bd88ad-674e-47e5-a46b-f390496870c0
[2026-02-21T14:35:18.802Z] GET /api/task-creation/sessions/53bd88ad-674e-47e5-a46b-f390496870c0/messages
[2026-02-21T14:35:18.802Z] GET /api/task-creation/sessions/53bd88ad-674e-47e5-a46b-f390496870c0/intent
[2026-02-21T14:35:18.803Z] GET /api/task-creation/sessions/53bd88ad-674e-47e5-a46b-f390496870c0/task-description
[2026-02-21T14:35:18.803Z] GET /api/task-creation/sessions/53bd88ad-674e-47e5-a46b-f390496870c0/execution-plan
[2026-02-21T14:35:18.803Z] GET /api/sandbox/environment
[2026-02-21T14:35:18.804Z] GET /api/task-creation/sessions
[2026-02-21T14:35:19.335Z] GET /api/sandbox/osac/sess_35ff684915754d7c/messages
[2026-02-21T14:35:22.801Z] GET /api/task-creation/sessions/53bd88ad-674e-47e5-a46b-f390496870c0
[2026-02-21T14:35:22.801Z] GET /api/task-creation/sessions/53bd88ad-674e-47e5-a46b-f390496870c0/messages
[2026-02-21T14:35:22.801Z] GET /api/task-creation/sessions/53bd88ad-674e-47e5-a46b-f390496870c0/intent
[2026-02-21T14:35:22.802Z] GET /api/task-creation/sessions/53bd88ad-674e-47e5-a46b-f390496870c0/task-description
[2026-02-21T14:35:22.802Z] GET /api/task-creation/sessions/53bd88ad-674e-47e5-a46b-f390496870c0/execution-plan
[2026-02-21T14:35:22.802Z] GET /api/sandbox/environment
[2026-02-21T14:35:22.803Z] GET /api/task-creation/sessions
[2026-02-21T14:35:23.567Z] GET /api/sandbox/osac/sess_35ff684915754d7c/messages
[2026-02-21T14:35:26.799Z] GET /api/task-creation/sessions/53bd88ad-674e-47e5-a46b-f390496870c0/messages
[2026-02-21T14:35:26.800Z] GET /api/task-creation/sessions/53bd88ad-674e-47e5-a46b-f390496870c0
[2026-02-21T14:35:26.800Z] GET /api/task-creation/sessions/53bd88ad-674e-47e5-a46b-f390496870c0/task-description
[2026-02-21T14:35:26.801Z] GET /api/task-creation/sessions/53bd88ad-674e-47e5-a46b-f390496870c0/intent
[2026-02-21T14:35:26.801Z] GET /api/sandbox/environment
[2026-02-21T14:35:26.801Z] GET /api/task-creation/sessions/53bd88ad-674e-47e5-a46b-f390496870c0/execution-plan
[2026-02-21T14:35:26.801Z] GET /api/task-creation/sessions
✅ 数据库连接成功
[2026-02-21T14:35:27.093Z] GET /api/sandbox/osac/sess_35ff684915754d7c/messages
[TaskCreationService] 意图识别完成: {
  intent_type: 'software_development',
  confidence: 1,
  key_info: {
    target: '贪吃蛇游戏',
    scope: '单文件 HTML 实现',
    constraints: '文件名为 snake.html，需包含运行说明',
    tech_stack: 'HTML + CSS + JavaScript',
    deliverables: [ 'snake.html', '运行说明' ]
  },
  clarification_needed: false,
  next_agent: 'execution_agent',
  action_plan: [
    '创建 snake.html 文件',
    '实现游戏逻辑（蛇的移动、食物生成、碰撞检测、得分）',
    '添加样式和用户界面',
    '提供运行说明'
  ]
}
[WebSocket] 发送消息 to client_1771684518496_e6s3sw63q: agent_message
[WebSocket] 发送消息 to client_1771684518496_e6s3sw63q: status_update
[2026-02-21T14:35:30.797Z] GET /api/task-creation/sessions/53bd88ad-674e-47e5-a46b-f390496870c0
[2026-02-21T14:35:30.798Z] GET /api/task-creation/sessions/53bd88ad-674e-47e5-a46b-f390496870c0/messages
[2026-02-21T14:35:30.798Z] GET /api/task-creation/sessions/53bd88ad-674e-47e5-a46b-f390496870c0/intent
[2026-02-21T14:35:30.798Z] GET /api/task-creation/sessions/53bd88ad-674e-47e5-a46b-f390496870c0/task-description
[2026-02-21T14:35:30.799Z] GET /api/sandbox/environment
[2026-02-21T14:35:30.799Z] GET /api/task-creation/sessions/53bd88ad-674e-47e5-a46b-f390496870c0/execution-plan
[2026-02-21T14:35:30.799Z] GET /api/task-creation/sessions
[2026-02-21T14:35:31.706Z] GET /api/sandbox/osac/sess_35ff684915754d7c/messages
[2026-02-21T14:35:34.805Z] GET /api/task-creation/sessions/53bd88ad-674e-47e5-a46b-f390496870c0
[2026-02-21T14:35:34.806Z] GET /api/task-creation/sessions/53bd88ad-674e-47e5-a46b-f390496870c0/messages
[2026-02-21T14:35:34.806Z] GET /api/task-creation/sessions/53bd88ad-674e-47e5-a46b-f390496870c0/intent
[2026-02-21T14:35:34.806Z] GET /api/task-creation/sessions/53bd88ad-674e-47e5-a46b-f390496870c0/task-description
[2026-02-21T14:35:34.807Z] GET /api/task-creation/sessions/53bd88ad-674e-47e5-a46b-f390496870c0/execution-plan
[2026-02-21T14:35:34.807Z] GET /api/task-creation/sessions
[2026-02-21T14:35:34.807Z] GET /api/sandbox/environment
[2026-02-21T14:35:35.537Z] GET /api/sandbox/osac/sess_35ff684915754d7c/messages
[WebSocket] 发送消息 to client_1771684518496_e6s3sw63q: agent_message
[WebSocket] 发送消息 to client_1771684518496_e6s3sw63q: status_update
[2026-02-21T14:35:38.802Z] GET /api/task-creation/sessions/53bd88ad-674e-47e5-a46b-f390496870c0
[2026-02-21T14:35:38.803Z] GET /api/task-creation/sessions/53bd88ad-674e-47e5-a46b-f390496870c0/messages
[2026-02-21T14:35:38.803Z] GET /api/task-creation/sessions/53bd88ad-674e-47e5-a46b-f390496870c0/intent
[2026-02-21T14:35:38.804Z] GET /api/task-creation/sessions/53bd88ad-674e-47e5-a46b-f390496870c0/task-description
[2026-02-21T14:35:38.804Z] GET /api/task-creation/sessions/53bd88ad-674e-47e5-a46b-f390496870c0/execution-plan
[2026-02-21T14:35:38.805Z] GET /api/sandbox/environment
[2026-02-21T14:35:38.805Z] GET /api/task-creation/sessions
[2026-02-21T14:35:39.387Z] GET /api/sandbox/osac/sess_35ff684915754d7c/messages
[2026-02-21T14:35:42.801Z] GET /api/task-creation/sessions/53bd88ad-674e-47e5-a46b-f390496870c0
[2026-02-21T14:35:42.802Z] GET /api/task-creation/sessions/53bd88ad-674e-47e5-a46b-f390496870c0/messages
[2026-02-21T14:35:42.802Z] GET /api/task-creation/sessions/53bd88ad-674e-47e5-a46b-f390496870c0/intent
[2026-02-21T14:35:42.803Z] GET /api/task-creation/sessions/53bd88ad-674e-47e5-a46b-f390496870c0/task-description
[2026-02-21T14:35:42.803Z] GET /api/task-creation/sessions/53bd88ad-674e-47e5-a46b-f390496870c0/execution-plan
[2026-02-21T14:35:42.803Z] GET /api/sandbox/environment
[2026-02-21T14:35:42.803Z] GET /api/task-creation/sessions
✅ 数据库连接成功
[2026-02-21T14:35:43.555Z] GET /api/sandbox/osac/sess_35ff684915754d7c/messages
[2026-02-21T14:35:46.804Z] GET /api/task-creation/sessions/53bd88ad-674e-47e5-a46b-f390496870c0
[2026-02-21T14:35:46.804Z] GET /api/task-creation/sessions/53bd88ad-674e-47e5-a46b-f390496870c0/messages
[2026-02-21T14:35:46.805Z] GET /api/task-creation/sessions/53bd88ad-674e-47e5-a46b-f390496870c0/intent
[2026-02-21T14:35:46.805Z] GET /api/task-creation/sessions/53bd88ad-674e-47e5-a46b-f390496870c0/execution-plan
[2026-02-21T14:35:46.806Z] GET /api/task-creation/sessions/53bd88ad-674e-47e5-a46b-f390496870c0/task-description
[2026-02-21T14:35:46.806Z] GET /api/sandbox/environment
[2026-02-21T14:35:46.807Z] GET /api/task-creation/sessions
[2026-02-21T14:35:47.345Z] GET /api/sandbox/osac/sess_35ff684915754d7c/messages
[2026-02-21T14:35:50.795Z] GET /api/task-creation/sessions/53bd88ad-674e-47e5-a46b-f390496870c0
[2026-02-21T14:35:50.796Z] GET /api/task-creation/sessions/53bd88ad-674e-47e5-a46b-f390496870c0/messages
[2026-02-21T14:35:50.796Z] GET /api/task-creation/sessions/53bd88ad-674e-47e5-a46b-f390496870c0/intent
[2026-02-21T14:35:50.796Z] GET /api/task-creation/sessions/53bd88ad-674e-47e5-a46b-f390496870c0/task-description
[2026-02-21T14:35:50.797Z] GET /api/task-creation/sessions/53bd88ad-674e-47e5-a46b-f390496870c0/execution-plan
[2026-02-21T14:35:50.797Z] GET /api/sandbox/environment
[2026-02-21T14:35:50.797Z] GET /api/task-creation/sessions
[2026-02-21T14:35:51.390Z] GET /api/sandbox/osac/sess_35ff684915754d7c/messages
[2026-02-21T14:35:54.795Z] GET /api/task-creation/sessions/53bd88ad-674e-47e5-a46b-f390496870c0
[2026-02-21T14:35:54.795Z] GET /api/task-creation/sessions/53bd88ad-674e-47e5-a46b-f390496870c0/messages
[2026-02-21T14:35:54.796Z] GET /api/task-creation/sessions/53bd88ad-674e-47e5-a46b-f390496870c0/intent
[2026-02-21T14:35:54.796Z] GET /api/task-creation/sessions/53bd88ad-674e-47e5-a46b-f390496870c0/task-description
[2026-02-21T14:35:54.797Z] GET /api/task-creation/sessions/53bd88ad-674e-47e5-a46b-f390496870c0/execution-plan
[2026-02-21T14:35:54.797Z] GET /api/sandbox/environment
[2026-02-21T14:35:54.797Z] GET /api/task-creation/sessions
[2026-02-21T14:35:55.313Z] GET /api/sandbox/osac/sess_35ff684915754d7c/messages
[2026-02-21T14:35:58.796Z] GET /api/task-creation/sessions/53bd88ad-674e-47e5-a46b-f390496870c0
[2026-02-21T14:35:58.796Z] GET /api/task-creation/sessions/53bd88ad-674e-47e5-a46b-f390496870c0/messages
[2026-02-21T14:35:58.797Z] GET /api/task-creation/sessions/53bd88ad-674e-47e5-a46b-f390496870c0/intent
[2026-02-21T14:35:58.797Z] GET /api/task-creation/sessions/53bd88ad-674e-47e5-a46b-f390496870c0/task-description
[2026-02-21T14:35:58.797Z] GET /api/task-creation/sessions/53bd88ad-674e-47e5-a46b-f390496870c0/execution-plan
[2026-02-21T14:35:58.798Z] GET /api/sandbox/environment
[2026-02-21T14:35:58.798Z] GET /api/task-creation/sessions
✅ 数据库连接成功
[2026-02-21T14:35:59.214Z] GET /api/sandbox/osac/sess_35ff684915754d7c/messages
[2026-02-21T14:36:02.796Z] GET /api/task-creation/sessions/53bd88ad-674e-47e5-a46b-f390496870c0/messages
[2026-02-21T14:36:02.797Z] GET /api/task-creation/sessions/53bd88ad-674e-47e5-a46b-f390496870c0
[2026-02-21T14:36:02.797Z] GET /api/task-creation/sessions/53bd88ad-674e-47e5-a46b-f390496870c0/intent
[2026-02-21T14:36:02.798Z] GET /api/task-creation/sessions/53bd88ad-674e-47e5-a46b-f390496870c0/task-description
[2026-02-21T14:36:02.799Z] GET /api/task-creation/sessions/53bd88ad-674e-47e5-a46b-f390496870c0/execution-plan
[2026-02-21T14:36:02.799Z] GET /api/sandbox/environment
[2026-02-21T14:36:02.800Z] GET /api/task-creation/sessions
[2026-02-21T14:36:03.260Z] GET /api/sandbox/osac/sess_35ff684915754d7c/messages
[2026-02-21T14:36:06.804Z] GET /api/task-creation/sessions/53bd88ad-674e-47e5-a46b-f390496870c0
[2026-02-21T14:36:06.805Z] GET /api/task-creation/sessions/53bd88ad-674e-47e5-a46b-f390496870c0/messages
[2026-02-21T14:36:06.805Z] GET /api/task-creation/sessions/53bd88ad-674e-47e5-a46b-f390496870c0/intent
[2026-02-21T14:36:06.806Z] GET /api/task-creation/sessions/53bd88ad-674e-47e5-a46b-f390496870c0/execution-plan
[2026-02-21T14:36:06.806Z] GET /api/task-creation/sessions/53bd88ad-674e-47e5-a46b-f390496870c0/task-description
[2026-02-21T14:36:06.806Z] GET /api/sandbox/environment
[2026-02-21T14:36:06.807Z] GET /api/task-creation/sessions
[2026-02-21T14:36:07.188Z] GET /api/sandbox/osac/sess_35ff684915754d7c/messages
[2026-02-21T14:36:09.000Z] GET /api/sandbox/osac/sess_35ff684915754d7c/messages
[2026-02-21T14:36:09.001Z] GET /api/task-creation/sessions
[2026-02-21T14:36:10.795Z] GET /api/task-creation/sessions/53bd88ad-674e-47e5-a46b-f390496870c0
[2026-02-21T14:36:10.795Z] GET /api/task-creation/sessions/53bd88ad-674e-47e5-a46b-f390496870c0/messages
[2026-02-21T14:36:10.796Z] GET /api/task-creation/sessions/53bd88ad-674e-47e5-a46b-f390496870c0/intent
[2026-02-21T14:36:10.796Z] GET /api/task-creation/sessions/53bd88ad-674e-47e5-a46b-f390496870c0/task-description
[2026-02-21T14:36:10.796Z] GET /api/task-creation/sessions/53bd88ad-674e-47e5-a46b-f390496870c0/execution-plan
[2026-02-21T14:36:10.797Z] GET /api/sandbox/environment
[2026-02-21T14:36:10.797Z] GET /api/task-creation/sessions
[2026-02-21T14:36:11.232Z] GET /api/sandbox/osac/sess_35ff684915754d7c/messages
[TaskCreationService] 执行计划生成完成
[TaskCreationService] 执行计划已保存到数据库
[WebSocket] 发送消息 to client_1771684518496_e6s3sw63q: plan_generated
[WebSocket] 发送消息 to client_1771684518496_e6s3sw63q: status_update
[WebSocket] 发送消息 to client_1771684518496_e6s3sw63q: status_update
[2026-02-21T14:36:14.796Z] GET /api/task-creation/sessions/53bd88ad-674e-47e5-a46b-f390496870c0
[2026-02-21T14:36:14.797Z] GET /api/task-creation/sessions/53bd88ad-674e-47e5-a46b-f390496870c0/messages
[2026-02-21T14:36:14.797Z] GET /api/task-creation/sessions/53bd88ad-674e-47e5-a46b-f390496870c0/intent
[2026-02-21T14:36:14.798Z] GET /api/task-creation/sessions/53bd88ad-674e-47e5-a46b-f390496870c0/task-description
[2026-02-21T14:36:14.799Z] GET /api/task-creation/sessions/53bd88ad-674e-47e5-a46b-f390496870c0/execution-plan
[2026-02-21T14:36:14.799Z] GET /api/sandbox/environment
[2026-02-21T14:36:14.799Z] GET /api/task-creation/sessions
✅ 数据库连接成功
[2026-02-21T14:36:15.150Z] GET /api/sandbox/osac/sess_35ff684915754d7c/messages
[2026-02-21T14:36:18.805Z] GET /api/task-creation/sessions/53bd88ad-674e-47e5-a46b-f390496870c0
[2026-02-21T14:36:18.806Z] GET /api/task-creation/sessions/53bd88ad-674e-47e5-a46b-f390496870c0/messages
[2026-02-21T14:36:18.806Z] GET /api/task-creation/sessions/53bd88ad-674e-47e5-a46b-f390496870c0/intent
[2026-02-21T14:36:18.806Z] GET /api/task-creation/sessions/53bd88ad-674e-47e5-a46b-f390496870c0/task-description
[2026-02-21T14:36:18.807Z] GET /api/task-creation/sessions/53bd88ad-674e-47e5-a46b-f390496870c0/execution-plan
[2026-02-21T14:36:18.807Z] GET /api/sandbox/environment
[2026-02-21T14:36:18.807Z] GET /api/task-creation/sessions
[2026-02-21T14:36:19.311Z] GET /api/sandbox/osac/sess_35ff684915754d7c/messages
[2026-02-21T14:36:22.818Z] GET /api/task-creation/sessions/53bd88ad-674e-47e5-a46b-f390496870c0
[2026-02-21T14:36:22.818Z] GET /api/task-creation/sessions/53bd88ad-674e-47e5-a46b-f390496870c0/messages
[2026-02-21T14:36:22.819Z] GET /api/task-creation/sessions/53bd88ad-674e-47e5-a46b-f390496870c0/intent
[2026-02-21T14:36:22.819Z] GET /api/task-creation/sessions/53bd88ad-674e-47e5-a46b-f390496870c0/task-description
[2026-02-21T14:36:22.820Z] GET /api/task-creation/sessions/53bd88ad-674e-47e5-a46b-f390496870c0/execution-plan
[2026-02-21T14:36:22.820Z] GET /api/sandbox/environment
[2026-02-21T14:36:22.821Z] GET /api/task-creation/sessions
[2026-02-21T14:36:23.300Z] GET /api/sandbox/osac/sess_35ff684915754d7c/messages
[2026-02-21T14:36:26.807Z] GET /api/task-creation/sessions/53bd88ad-674e-47e5-a46b-f390496870c0
[2026-02-21T14:36:26.808Z] GET /api/task-creation/sessions/53bd88ad-674e-47e5-a46b-f390496870c0/intent
[2026-02-21T14:36:26.808Z] GET /api/task-creation/sessions/53bd88ad-674e-47e5-a46b-f390496870c0/messages
[2026-02-21T14:36:26.808Z] GET /api/task-creation/sessions/53bd88ad-674e-47e5-a46b-f390496870c0/task-description
[2026-02-21T14:36:26.809Z] GET /api/task-creation/sessions/53bd88ad-674e-47e5-a46b-f390496870c0/execution-plan
[2026-02-21T14:36:26.809Z] GET /api/sandbox/environment
[2026-02-21T14:36:26.809Z] GET /api/task-creation/sessions
[2026-02-21T14:36:27.343Z] GET /api/sandbox/osac/sess_35ff684915754d7c/messages
[2026-02-21T14:36:30.794Z] GET /api/task-creation/sessions/53bd88ad-674e-47e5-a46b-f390496870c0
[2026-02-21T14:36:30.795Z] GET /api/task-creation/sessions/53bd88ad-674e-47e5-a46b-f390496870c0/messages
[2026-02-21T14:36:30.795Z] GET /api/task-creation/sessions/53bd88ad-674e-47e5-a46b-f390496870c0/intent
[2026-02-21T14:36:30.796Z] GET /api/task-creation/sessions/53bd88ad-674e-47e5-a46b-f390496870c0/task-description
[2026-02-21T14:36:30.796Z] GET /api/task-creation/sessions/53bd88ad-674e-47e5-a46b-f390496870c0/execution-plan
[2026-02-21T14:36:30.796Z] GET /api/sandbox/environment
[2026-02-21T14:36:30.796Z] GET /api/task-creation/sessions
✅ 数据库连接成功
[2026-02-21T14:36:31.412Z] GET /api/sandbox/osac/sess_35ff684915754d7c/messages
[2026-02-21T14:36:34.802Z] GET /api/task-creation/sessions/53bd88ad-674e-47e5-a46b-f390496870c0/messages
[2026-02-21T14:36:34.802Z] GET /api/task-creation/sessions/53bd88ad-674e-47e5-a46b-f390496870c0
[2026-02-21T14:36:34.802Z] GET /api/task-creation/sessions/53bd88ad-674e-47e5-a46b-f390496870c0/intent
[2026-02-21T14:36:34.803Z] GET /api/task-creation/sessions/53bd88ad-674e-47e5-a46b-f390496870c0/task-description
[2026-02-21T14:36:34.803Z] GET /api/task-creation/sessions/53bd88ad-674e-47e5-a46b-f390496870c0/execution-plan
[2026-02-21T14:36:34.804Z] GET /api/sandbox/environment
[2026-02-21T14:36:34.804Z] GET /api/task-creation/sessions
[2026-02-21T14:36:35.270Z] GET /api/sandbox/osac/sess_35ff684915754d7c/messages
[2026-02-21T14:36:38.802Z] GET /api/task-creation/sessions/53bd88ad-674e-47e5-a46b-f390496870c0/messages
[2026-02-21T14:36:38.803Z] GET /api/task-creation/sessions/53bd88ad-674e-47e5-a46b-f390496870c0
[2026-02-21T14:36:38.803Z] GET /api/task-creation/sessions/53bd88ad-674e-47e5-a46b-f390496870c0/intent
[2026-02-21T14:36:38.803Z] GET /api/task-creation/sessions/53bd88ad-674e-47e5-a46b-f390496870c0/task-description
[2026-02-21T14:36:38.804Z] GET /api/task-creation/sessions/53bd88ad-674e-47e5-a46b-f390496870c0/execution-plan
[2026-02-21T14:36:38.804Z] GET /api/sandbox/environment
[2026-02-21T14:36:38.804Z] GET /api/task-creation/sessions
[2026-02-21T14:36:39.441Z] GET /api/sandbox/osac/sess_35ff684915754d7c/messages
[2026-02-21T14:36:42.795Z] GET /api/task-creation/sessions/53bd88ad-674e-47e5-a46b-f390496870c0
[2026-02-21T14:36:42.795Z] GET /api/task-creation/sessions/53bd88ad-674e-47e5-a46b-f390496870c0/messages
[2026-02-21T14:36:42.795Z] GET /api/task-creation/sessions/53bd88ad-674e-47e5-a46b-f390496870c0/intent
[2026-02-21T14:36:42.796Z] GET /api/task-creation/sessions/53bd88ad-674e-47e5-a46b-f390496870c0/task-description
[2026-02-21T14:36:42.796Z] GET /api/task-creation/sessions/53bd88ad-674e-47e5-a46b-f390496870c0/execution-plan
[2026-02-21T14:36:42.796Z] GET /api/sandbox/environment
[2026-02-21T14:36:42.796Z] GET /api/task-creation/sessions
[2026-02-21T14:36:43.241Z] GET /api/sandbox/osac/sess_35ff684915754d7c/messages
[2026-02-21T14:36:46.796Z] GET /api/task-creation/sessions/53bd88ad-674e-47e5-a46b-f390496870c0
[2026-02-21T14:36:46.796Z] GET /api/task-creation/sessions/53bd88ad-674e-47e5-a46b-f390496870c0/messages
[2026-02-21T14:36:46.796Z] GET /api/task-creation/sessions/53bd88ad-674e-47e5-a46b-f390496870c0/intent
[2026-02-21T14:36:46.797Z] GET /api/task-creation/sessions/53bd88ad-674e-47e5-a46b-f390496870c0/task-description
[2026-02-21T14:36:46.797Z] GET /api/sandbox/environment
[2026-02-21T14:36:46.798Z] GET /api/task-creation/sessions/53bd88ad-674e-47e5-a46b-f390496870c0/execution-plan
[2026-02-21T14:36:46.798Z] GET /api/task-creation/sessions
✅ 数据库连接成功
[2026-02-21T14:36:47.160Z] GET /api/sandbox/osac/sess_35ff684915754d7c/messages
[2026-02-21T14:36:50.803Z] GET /api/task-creation/sessions/53bd88ad-674e-47e5-a46b-f390496870c0
[2026-02-21T14:36:50.804Z] GET /api/task-creation/sessions/53bd88ad-674e-47e5-a46b-f390496870c0/messages
[2026-02-21T14:36:50.804Z] GET /api/task-creation/sessions/53bd88ad-674e-47e5-a46b-f390496870c0/intent
[2026-02-21T14:36:50.804Z] GET /api/task-creation/sessions/53bd88ad-674e-47e5-a46b-f390496870c0/task-description
[2026-02-21T14:36:50.804Z] GET /api/task-creation/sessions/53bd88ad-674e-47e5-a46b-f390496870c0/execution-plan
[2026-02-21T14:36:50.805Z] GET /api/sandbox/environment
[2026-02-21T14:36:50.805Z] GET /api/task-creation/sessions
[2026-02-21T14:36:51.112Z] GET /api/sandbox/osac/sess_35ff684915754d7c/messages
[2026-02-21T14:36:54.802Z] GET /api/task-creation/sessions/53bd88ad-674e-47e5-a46b-f390496870c0
[2026-02-21T14:36:54.803Z] GET /api/task-creation/sessions/53bd88ad-674e-47e5-a46b-f390496870c0/messages
[2026-02-21T14:36:54.803Z] GET /api/task-creation/sessions/53bd88ad-674e-47e5-a46b-f390496870c0/intent
[2026-02-21T14:36:54.803Z] GET /api/task-creation/sessions/53bd88ad-674e-47e5-a46b-f390496870c0/task-description
[2026-02-21T14:36:54.804Z] GET /api/task-creation/sessions/53bd88ad-674e-47e5-a46b-f390496870c0/execution-plan
[2026-02-21T14:36:54.804Z] GET /api/sandbox/environment
[2026-02-21T14:36:54.804Z] GET /api/task-creation/sessions
[WebSocket] 发送消息 to client_1771684518496_e6s3sw63q: agent_message
[2026-02-21T14:36:55.686Z] GET /api/sandbox/osac/sess_35ff684915754d7c/messages
[2026-02-21T14:36:58.795Z] GET /api/task-creation/sessions/53bd88ad-674e-47e5-a46b-f390496870c0
[2026-02-21T14:36:58.796Z] GET /api/task-creation/sessions/53bd88ad-674e-47e5-a46b-f390496870c0/messages
[2026-02-21T14:36:58.796Z] GET /api/task-creation/sessions/53bd88ad-674e-47e5-a46b-f390496870c0/intent
[2026-02-21T14:36:58.796Z] GET /api/task-creation/sessions/53bd88ad-674e-47e5-a46b-f390496870c0/execution-plan
[2026-02-21T14:36:58.797Z] GET /api/task-creation/sessions/53bd88ad-674e-47e5-a46b-f390496870c0/task-description
[2026-02-21T14:36:58.797Z] GET /api/sandbox/environment
[2026-02-21T14:36:58.797Z] GET /api/task-creation/sessions
[2026-02-21T14:36:59.399Z] GET /api/sandbox/osac/sess_35ff684915754d7c/messages
[2026-02-21T14:37:02.801Z] GET /api/task-creation/sessions/53bd88ad-674e-47e5-a46b-f390496870c0
[2026-02-21T14:37:02.801Z] GET /api/task-creation/sessions/53bd88ad-674e-47e5-a46b-f390496870c0/messages
[2026-02-21T14:37:02.802Z] GET /api/task-creation/sessions/53bd88ad-674e-47e5-a46b-f390496870c0/intent
[2026-02-21T14:37:02.802Z] GET /api/task-creation/sessions/53bd88ad-674e-47e5-a46b-f390496870c0/task-description
[2026-02-21T14:37:02.802Z] GET /api/sandbox/environment
[2026-02-21T14:37:02.803Z] GET /api/task-creation/sessions/53bd88ad-674e-47e5-a46b-f390496870c0/execution-plan
[2026-02-21T14:37:02.803Z] GET /api/task-creation/sessions
✅ 数据库连接成功
[2026-02-21T14:37:03.414Z] GET /api/sandbox/osac/sess_35ff684915754d7c/messages
[2026-02-21T14:37:06.808Z] GET /api/task-creation/sessions/53bd88ad-674e-47e5-a46b-f390496870c0
[2026-02-21T14:37:06.809Z] GET /api/task-creation/sessions/53bd88ad-674e-47e5-a46b-f390496870c0/messages
[2026-02-21T14:37:06.809Z] GET /api/task-creation/sessions/53bd88ad-674e-47e5-a46b-f390496870c0/intent
[2026-02-21T14:37:06.810Z] GET /api/task-creation/sessions/53bd88ad-674e-47e5-a46b-f390496870c0/task-description
[2026-02-21T14:37:06.810Z] GET /api/task-creation/sessions/53bd88ad-674e-47e5-a46b-f390496870c0/execution-plan
[2026-02-21T14:37:06.810Z] GET /api/sandbox/environment
[2026-02-21T14:37:06.810Z] GET /api/task-creation/sessions
[2026-02-21T14:37:07.328Z] GET /api/sandbox/osac/sess_35ff684915754d7c/messages
[2026-02-21T14:37:09.011Z] GET /api/sandbox/osac/sess_35ff684915754d7c/messages
[2026-02-21T14:37:09.012Z] GET /api/task-creation/sessions
[2026-02-21T14:37:10.802Z] GET /api/task-creation/sessions/53bd88ad-674e-47e5-a46b-f390496870c0
[2026-02-21T14:37:10.802Z] GET /api/task-creation/sessions/53bd88ad-674e-47e5-a46b-f390496870c0/messages
[2026-02-21T14:37:10.803Z] GET /api/task-creation/sessions/53bd88ad-674e-47e5-a46b-f390496870c0/intent
[2026-02-21T14:37:10.803Z] GET /api/task-creation/sessions/53bd88ad-674e-47e5-a46b-f390496870c0/task-description
[2026-02-21T14:37:10.803Z] GET /api/task-creation/sessions/53bd88ad-674e-47e5-a46b-f390496870c0/execution-plan
[2026-02-21T14:37:10.804Z] GET /api/sandbox/environment
[2026-02-21T14:37:10.804Z] GET /api/task-creation/sessions
[2026-02-21T14:37:11.413Z] GET /api/sandbox/osac/sess_35ff684915754d7c/messages
[WebSocket] 发送消息 to client_1771684518496_e6s3sw63q: agent_message
[WebSocket] 发送消息 to client_1771684518496_e6s3sw63q: status_update
[WebSocket] 发送消息 to client_1771684518496_e6s3sw63q: error
[2026-02-21T14:37:14.806Z] GET /api/task-creation/sessions/53bd88ad-674e-47e5-a46b-f390496870c0
[2026-02-21T14:37:14.807Z] GET /api/task-creation/sessions/53bd88ad-674e-47e5-a46b-f390496870c0/messages
[2026-02-21T14:37:14.807Z] GET /api/task-creation/sessions/53bd88ad-674e-47e5-a46b-f390496870c0/intent
[2026-02-21T14:37:14.807Z] GET /api/task-creation/sessions/53bd88ad-674e-47e5-a46b-f390496870c0/task-description
[2026-02-21T14:37:14.808Z] GET /api/task-creation/sessions/53bd88ad-674e-47e5-a46b-f390496870c0/execution-plan
[2026-02-21T14:37:14.808Z] GET /api/sandbox/environment
[2026-02-21T14:37:14.809Z] GET /api/task-creation/sessions
[2026-02-21T14:37:15.144Z] GET /api/sandbox/osac/sess_35ff684915754d7c/messages
[2026-02-21T14:37:18.797Z] GET /api/task-creation/sessions/53bd88ad-674e-47e5-a46b-f390496870c0
[2026-02-21T14:37:18.798Z] GET /api/task-creation/sessions/53bd88ad-674e-47e5-a46b-f390496870c0/messages
[2026-02-21T14:37:18.798Z] GET /api/task-creation/sessions/53bd88ad-674e-47e5-a46b-f390496870c0/task-description
[2026-02-21T14:37:18.798Z] GET /api/task-creation/sessions/53bd88ad-674e-47e5-a46b-f390496870c0/intent
[2026-02-21T14:37:18.799Z] GET /api/task-creation/sessions/53bd88ad-674e-47e5-a46b-f390496870c0/execution-plan
[2026-02-21T14:37:18.799Z] GET /api/sandbox/environment
[2026-02-21T14:37:18.799Z] GET /api/task-creation/sessions
✅ 数据库连接成功
[2026-02-21T14:37:19.354Z] GET /api/sandbox/osac/sess_35ff684915754d7c/messages
[2026-02-21T14:37:22.798Z] GET /api/task-creation/sessions/53bd88ad-674e-47e5-a46b-f390496870c0
[2026-02-21T14:37:22.799Z] GET /api/task-creation/sessions/53bd88ad-674e-47e5-a46b-f390496870c0/messages
[2026-02-21T14:37:22.799Z] GET /api/task-creation/sessions/53bd88ad-674e-47e5-a46b-f390496870c0/intent
[2026-02-21T14:37:22.800Z] GET /api/task-creation/sessions/53bd88ad-674e-47e5-a46b-f390496870c0/task-description
[2026-02-21T14:37:22.800Z] GET /api/task-creation/sessions/53bd88ad-674e-47e5-a46b-f390496870c0/execution-plan
[2026-02-21T14:37:22.801Z] GET /api/task-creation/sessions
[2026-02-21T14:37:22.801Z] GET /api/sandbox/environment
[2026-02-21T14:37:23.150Z] GET /api/sandbox/osac/sess_35ff684915754d7c/messages
[2026-02-21T14:37:26.803Z] GET /api/task-creation/sessions/53bd88ad-674e-47e5-a46b-f390496870c0/messages
[2026-02-21T14:37:26.803Z] GET /api/task-creation/sessions/53bd88ad-674e-47e5-a46b-f390496870c0
[2026-02-21T14:37:26.804Z] GET /api/task-creation/sessions/53bd88ad-674e-47e5-a46b-f390496870c0/task-description
[2026-02-21T14:37:26.804Z] GET /api/task-creation/sessions/53bd88ad-674e-47e5-a46b-f390496870c0/intent
[2026-02-21T14:37:26.804Z] GET /api/task-creation/sessions/53bd88ad-674e-47e5-a46b-f390496870c0/execution-plan
[2026-02-21T14:37:26.805Z] GET /api/sandbox/environment
[2026-02-21T14:37:26.805Z] GET /api/task-creation/sessions
[2026-02-21T14:37:26.978Z] GET /api/task-creation/sessions/3465bdaf-c746-489b-bde8-f183b9678fc5
[2026-02-21T14:37:26.978Z] GET /api/task-creation/sessions/3465bdaf-c746-489b-bde8-f183b9678fc5/messages
[2026-02-21T14:37:26.978Z] GET /api/task-creation/sessions/3465bdaf-c746-489b-bde8-f183b9678fc5/intent
[2026-02-21T14:37:26.979Z] GET /api/task-creation/sessions/3465bdaf-c746-489b-bde8-f183b9678fc5/task-description
[2026-02-21T14:37:26.979Z] GET /api/task-creation/sessions/3465bdaf-c746-489b-bde8-f183b9678fc5/execution-plan
[2026-02-21T14:37:26.979Z] GET /api/sandbox/environment
[2026-02-21T14:37:27.139Z] GET /api/task-creation/sessions
[2026-02-21T14:37:27.176Z] GET /api/task-creation/sessions
[2026-02-21T14:37:27.246Z] GET /api/sandbox/osac/sess_35ff684915754d7c/messages
[2026-02-21T14:37:27.471Z] GET /api/task-creation/sessions/3465bdaf-c746-489b-bde8-f183b9678fc5
[2026-02-21T14:37:27.472Z] GET /api/task-creation/sessions/3465bdaf-c746-489b-bde8-f183b9678fc5/messages
[2026-02-21T14:37:27.472Z] GET /api/task-creation/sessions/3465bdaf-c746-489b-bde8-f183b9678fc5/intent
[2026-02-21T14:37:27.473Z] GET /api/task-creation/sessions/3465bdaf-c746-489b-bde8-f183b9678fc5/task-description
[2026-02-21T14:37:27.473Z] GET /api/sandbox/environment
[2026-02-21T14:37:27.474Z] GET /api/task-creation/sessions/3465bdaf-c746-489b-bde8-f183b9678fc5/execution-plan
[2026-02-21T14:37:31.143Z] GET /api/sandbox/environment
[2026-02-21T14:37:31.145Z] GET /api/task-creation/sessions/3465bdaf-c746-489b-bde8-f183b9678fc5
[2026-02-21T14:37:31.145Z] GET /api/task-creation/sessions/3465bdaf-c746-489b-bde8-f183b9678fc5/messages
[2026-02-21T14:37:31.145Z] GET /api/task-creation/sessions/3465bdaf-c746-489b-bde8-f183b9678fc5/intent
[2026-02-21T14:37:31.146Z] GET /api/task-creation/sessions/3465bdaf-c746-489b-bde8-f183b9678fc5/task-description
[2026-02-21T14:37:31.146Z] GET /api/task-creation/sessions/3465bdaf-c746-489b-bde8-f183b9678fc5/execution-plan
[2026-02-21T14:37:31.147Z] GET /api/task-creation/sessions
[2026-02-21T14:37:32.078Z] GET /api/task-creation/sessions/83a7d841-8636-4067-9fc4-04011b32e501
[2026-02-21T14:37:32.079Z] GET /api/task-creation/sessions/83a7d841-8636-4067-9fc4-04011b32e501/messages
[2026-02-21T14:37:32.079Z] GET /api/task-creation/sessions/83a7d841-8636-4067-9fc4-04011b32e501/intent
[2026-02-21T14:37:32.080Z] GET /api/task-creation/sessions/83a7d841-8636-4067-9fc4-04011b32e501/task-description
[2026-02-21T14:37:32.080Z] GET /api/task-creation/sessions/83a7d841-8636-4067-9fc4-04011b32e501/execution-plan
[2026-02-21T14:37:32.080Z] GET /api/sandbox/environment
[2026-02-21T14:37:32.088Z] GET /api/task-creation/sessions
[2026-02-21T14:37:32.124Z] GET /api/task-creation/sessions
[2026-02-21T14:37:32.524Z] GET /api/task-creation/sessions/83a7d841-8636-4067-9fc4-04011b32e501
[2026-02-21T14:37:32.525Z] GET /api/task-creation/sessions/83a7d841-8636-4067-9fc4-04011b32e501/messages
[2026-02-21T14:37:32.525Z] GET /api/task-creation/sessions/83a7d841-8636-4067-9fc4-04011b32e501/intent
[2026-02-21T14:37:32.525Z] GET /api/task-creation/sessions/83a7d841-8636-4067-9fc4-04011b32e501/task-description
[2026-02-21T14:37:32.526Z] GET /api/task-creation/sessions/83a7d841-8636-4067-9fc4-04011b32e501/execution-plan
[2026-02-21T14:37:32.526Z] GET /api/sandbox/environment
[2026-02-21T14:37:32.819Z] GET /api/task-creation/sessions/c9aa91ab-c781-4ebc-af1a-4637a8c7cde2
[2026-02-21T14:37:32.820Z] GET /api/task-creation/sessions/c9aa91ab-c781-4ebc-af1a-4637a8c7cde2/messages
[2026-02-21T14:37:32.821Z] GET /api/task-creation/sessions/c9aa91ab-c781-4ebc-af1a-4637a8c7cde2/intent
[2026-02-21T14:37:32.821Z] GET /api/task-creation/sessions/c9aa91ab-c781-4ebc-af1a-4637a8c7cde2/task-description
[2026-02-21T14:37:32.822Z] GET /api/task-creation/sessions/c9aa91ab-c781-4ebc-af1a-4637a8c7cde2/execution-plan
[2026-02-21T14:37:32.822Z] GET /api/sandbox/environment
[2026-02-21T14:37:32.843Z] GET /api/task-creation/sessions
[2026-02-21T14:37:32.869Z] GET /api/task-creation/sessions
[2026-02-21T14:37:33.362Z] GET /api/sandbox/osac/sess_35ff684915754d7c/messages
[2026-02-21T14:37:33.556Z] GET /api/task-creation/sessions/c9aa91ab-c781-4ebc-af1a-4637a8c7cde2
[2026-02-21T14:37:33.557Z] GET /api/task-creation/sessions/c9aa91ab-c781-4ebc-af1a-4637a8c7cde2/messages
[2026-02-21T14:37:33.557Z] GET /api/task-creation/sessions/c9aa91ab-c781-4ebc-af1a-4637a8c7cde2/intent
[2026-02-21T14:37:33.557Z] GET /api/task-creation/sessions/c9aa91ab-c781-4ebc-af1a-4637a8c7cde2/task-description
[2026-02-21T14:37:33.558Z] GET /api/task-creation/sessions/c9aa91ab-c781-4ebc-af1a-4637a8c7cde2/execution-plan
[2026-02-21T14:37:33.558Z] GET /api/sandbox/environment
[2026-02-21T14:37:33.825Z] GET /api/sandbox/osac/sess_35ff684915754d7c/messages
[2026-02-21T14:37:36.837Z] GET /api/task-creation/sessions/c9aa91ab-c781-4ebc-af1a-4637a8c7cde2
[2026-02-21T14:37:36.837Z] GET /api/task-creation/sessions/c9aa91ab-c781-4ebc-af1a-4637a8c7cde2/messages
[2026-02-21T14:37:36.837Z] GET /api/task-creation/sessions/c9aa91ab-c781-4ebc-af1a-4637a8c7cde2/intent
[2026-02-21T14:37:36.838Z] GET /api/task-creation/sessions/c9aa91ab-c781-4ebc-af1a-4637a8c7cde2/task-description
[2026-02-21T14:37:36.838Z] GET /api/task-creation/sessions/c9aa91ab-c781-4ebc-af1a-4637a8c7cde2/execution-plan
[2026-02-21T14:37:36.838Z] GET /api/sandbox/environment
[2026-02-21T14:37:36.838Z] GET /api/task-creation/sessions
✅ 数据库连接成功
[2026-02-21T14:37:37.307Z] GET /api/sandbox/osac/sess_35ff684915754d7c/messages
[2026-02-21T14:37:40.835Z] GET /api/task-creation/sessions/c9aa91ab-c781-4ebc-af1a-4637a8c7cde2
[2026-02-21T14:37:40.836Z] GET /api/task-creation/sessions/c9aa91ab-c781-4ebc-af1a-4637a8c7cde2/messages
[2026-02-21T14:37:40.836Z] GET /api/task-creation/sessions/c9aa91ab-c781-4ebc-af1a-4637a8c7cde2/intent
[2026-02-21T14:37:40.836Z] GET /api/task-creation/sessions/c9aa91ab-c781-4ebc-af1a-4637a8c7cde2/task-description
[2026-02-21T14:37:40.836Z] GET /api/task-creation/sessions/c9aa91ab-c781-4ebc-af1a-4637a8c7cde2/execution-plan
[2026-02-21T14:37:40.837Z] GET /api/sandbox/environment
[2026-02-21T14:37:40.837Z] GET /api/task-creation/sessions
[2026-02-21T14:37:41.250Z] GET /api/sandbox/osac/sess_35ff684915754d7c/messages
[2026-02-21T14:37:44.835Z] GET /api/task-creation/sessions/c9aa91ab-c781-4ebc-af1a-4637a8c7cde2
[2026-02-21T14:37:44.836Z] GET /api/task-creation/sessions/c9aa91ab-c781-4ebc-af1a-4637a8c7cde2/messages
[2026-02-21T14:37:44.836Z] GET /api/task-creation/sessions/c9aa91ab-c781-4ebc-af1a-4637a8c7cde2/intent
[2026-02-21T14:37:44.837Z] GET /api/task-creation/sessions/c9aa91ab-c781-4ebc-af1a-4637a8c7cde2/task-description
[2026-02-21T14:37:44.837Z] GET /api/task-creation/sessions/c9aa91ab-c781-4ebc-af1a-4637a8c7cde2/execution-plan
[2026-02-21T14:37:44.838Z] GET /api/sandbox/environment
[2026-02-21T14:37:44.838Z] GET /api/task-creation/sessions
[2026-02-21T14:37:45.361Z] GET /api/sandbox/osac/sess_35ff684915754d7c/messages
[2026-02-21T14:37:48.843Z] GET /api/task-creation/sessions/c9aa91ab-c781-4ebc-af1a-4637a8c7cde2/messages
[2026-02-21T14:37:48.844Z] GET /api/task-creation/sessions/c9aa91ab-c781-4ebc-af1a-4637a8c7cde2
[2026-02-21T14:37:48.844Z] GET /api/task-creation/sessions/c9aa91ab-c781-4ebc-af1a-4637a8c7cde2/intent
[2026-02-21T14:37:48.844Z] GET /api/task-creation/sessions/c9aa91ab-c781-4ebc-af1a-4637a8c7cde2/task-description
[2026-02-21T14:37:48.845Z] GET /api/task-creation/sessions/c9aa91ab-c781-4ebc-af1a-4637a8c7cde2/execution-plan
[2026-02-21T14:37:48.845Z] GET /api/sandbox/environment
[2026-02-21T14:37:48.845Z] GET /api/task-creation/sessions
[2026-02-21T14:37:49.291Z] GET /api/sandbox/osac/sess_35ff684915754d7c/messages
[2026-02-21T14:37:52.839Z] GET /api/task-creation/sessions/c9aa91ab-c781-4ebc-af1a-4637a8c7cde2
[2026-02-21T14:37:52.840Z] GET /api/task-creation/sessions/c9aa91ab-c781-4ebc-af1a-4637a8c7cde2/messages
[2026-02-21T14:37:52.840Z] GET /api/task-creation/sessions/c9aa91ab-c781-4ebc-af1a-4637a8c7cde2/intent
[2026-02-21T14:37:52.840Z] GET /api/task-creation/sessions/c9aa91ab-c781-4ebc-af1a-4637a8c7cde2/task-description
[2026-02-21T14:37:52.841Z] GET /api/task-creation/sessions/c9aa91ab-c781-4ebc-af1a-4637a8c7cde2/execution-plan
[2026-02-21T14:37:52.841Z] GET /api/sandbox/environment
[2026-02-21T14:37:52.842Z] GET /api/task-creation/sessions
✅ 数据库连接成功
[2026-02-21T14:37:53.257Z] GET /api/sandbox/osac/sess_35ff684915754d7c/messages
[2026-02-21T14:37:56.839Z] GET /api/task-creation/sessions/c9aa91ab-c781-4ebc-af1a-4637a8c7cde2
[2026-02-21T14:37:56.839Z] GET /api/task-creation/sessions/c9aa91ab-c781-4ebc-af1a-4637a8c7cde2/messages
[2026-02-21T14:37:56.839Z] GET /api/task-creation/sessions/c9aa91ab-c781-4ebc-af1a-4637a8c7cde2/intent
[2026-02-21T14:37:56.840Z] GET /api/task-creation/sessions/c9aa91ab-c781-4ebc-af1a-4637a8c7cde2/task-description
[2026-02-21T14:37:56.840Z] GET /api/task-creation/sessions/c9aa91ab-c781-4ebc-af1a-4637a8c7cde2/execution-plan
[2026-02-21T14:37:56.840Z] GET /api/sandbox/environment
[2026-02-21T14:37:56.841Z] GET /api/task-creation/sessions
[2026-02-21T14:37:57.207Z] GET /api/sandbox/osac/sess_35ff684915754d7c/messages
[2026-02-21T14:38:00.835Z] GET /api/task-creation/sessions/c9aa91ab-c781-4ebc-af1a-4637a8c7cde2
[2026-02-21T14:38:00.836Z] GET /api/task-creation/sessions/c9aa91ab-c781-4ebc-af1a-4637a8c7cde2/messages
[2026-02-21T14:38:00.836Z] GET /api/task-creation/sessions/c9aa91ab-c781-4ebc-af1a-4637a8c7cde2/intent
[2026-02-21T14:38:00.836Z] GET /api/task-creation/sessions/c9aa91ab-c781-4ebc-af1a-4637a8c7cde2/task-description
[2026-02-21T14:38:00.837Z] GET /api/task-creation/sessions/c9aa91ab-c781-4ebc-af1a-4637a8c7cde2/execution-plan
[2026-02-21T14:38:00.837Z] GET /api/sandbox/environment
[2026-02-21T14:38:00.837Z] GET /api/task-creation/sessions
[2026-02-21T14:38:01.302Z] GET /api/sandbox/osac/sess_35ff684915754d7c/messages
[2026-02-21T14:38:04.850Z] GET /api/task-creation/sessions/c9aa91ab-c781-4ebc-af1a-4637a8c7cde2
[2026-02-21T14:38:04.850Z] GET /api/task-creation/sessions/c9aa91ab-c781-4ebc-af1a-4637a8c7cde2/messages
[2026-02-21T14:38:04.850Z] GET /api/task-creation/sessions/c9aa91ab-c781-4ebc-af1a-4637a8c7cde2/intent
[2026-02-21T14:38:04.851Z] GET /api/task-creation/sessions/c9aa91ab-c781-4ebc-af1a-4637a8c7cde2/execution-plan
[2026-02-21T14:38:04.851Z] GET /api/task-creation/sessions/c9aa91ab-c781-4ebc-af1a-4637a8c7cde2/task-description
[2026-02-21T14:38:04.851Z] GET /api/sandbox/environment
[2026-02-21T14:38:04.852Z] GET /api/task-creation/sessions
[2026-02-21T14:38:05.238Z] GET /api/sandbox/osac/sess_35ff684915754d7c/messages
[2026-02-21T14:38:08.834Z] GET /api/task-creation/sessions/c9aa91ab-c781-4ebc-af1a-4637a8c7cde2/messages
[2026-02-21T14:38:08.835Z] GET /api/task-creation/sessions/c9aa91ab-c781-4ebc-af1a-4637a8c7cde2/intent
[2026-02-21T14:38:08.836Z] GET /api/task-creation/sessions/c9aa91ab-c781-4ebc-af1a-4637a8c7cde2
[2026-02-21T14:38:08.836Z] GET /api/task-creation/sessions/c9aa91ab-c781-4ebc-af1a-4637a8c7cde2/task-description
[2026-02-21T14:38:08.836Z] GET /api/sandbox/environment
[2026-02-21T14:38:08.836Z] GET /api/task-creation/sessions/c9aa91ab-c781-4ebc-af1a-4637a8c7cde2/execution-plan
[2026-02-21T14:38:08.837Z] GET /api/task-creation/sessions
✅ 数据库连接成功
[2026-02-21T14:38:09.001Z] GET /api/sandbox/osac/sess_35ff684915754d7c/messages
[2026-02-21T14:38:09.002Z] GET /api/task-creation/sessions
[2026-02-21T14:38:09.257Z] GET /api/sandbox/osac/sess_35ff684915754d7c/messages
[2026-02-21T14:38:12.838Z] GET /api/task-creation/sessions/c9aa91ab-c781-4ebc-af1a-4637a8c7cde2/messages
[2026-02-21T14:38:12.839Z] GET /api/task-creation/sessions/c9aa91ab-c781-4ebc-af1a-4637a8c7cde2
[2026-02-21T14:38:12.839Z] GET /api/task-creation/sessions/c9aa91ab-c781-4ebc-af1a-4637a8c7cde2/intent
[2026-02-21T14:38:12.839Z] GET /api/task-creation/sessions/c9aa91ab-c781-4ebc-af1a-4637a8c7cde2/task-description
[2026-02-21T14:38:12.839Z] GET /api/task-creation/sessions/c9aa91ab-c781-4ebc-af1a-4637a8c7cde2/execution-plan
[2026-02-21T14:38:12.840Z] GET /api/sandbox/environment
[2026-02-21T14:38:12.840Z] GET /api/task-creation/sessions
[2026-02-21T14:38:13.386Z] GET /api/sandbox/osac/sess_35ff684915754d7c/messages
[2026-02-21T14:38:16.847Z] GET /api/task-creation/sessions/c9aa91ab-c781-4ebc-af1a-4637a8c7cde2
[2026-02-21T14:38:16.847Z] GET /api/task-creation/sessions/c9aa91ab-c781-4ebc-af1a-4637a8c7cde2/messages
[2026-02-21T14:38:16.847Z] GET /api/task-creation/sessions/c9aa91ab-c781-4ebc-af1a-4637a8c7cde2/intent
[2026-02-21T14:38:16.848Z] GET /api/task-creation/sessions/c9aa91ab-c781-4ebc-af1a-4637a8c7cde2/task-description
[2026-02-21T14:38:16.848Z] GET /api/task-creation/sessions/c9aa91ab-c781-4ebc-af1a-4637a8c7cde2/execution-plan
[2026-02-21T14:38:16.849Z] GET /api/sandbox/environment
[2026-02-21T14:38:16.849Z] GET /api/task-creation/sessions
[2026-02-21T14:38:17.241Z] GET /api/sandbox/osac/sess_35ff684915754d7c/messages
[2026-02-21T14:38:20.836Z] GET /api/task-creation/sessions/c9aa91ab-c781-4ebc-af1a-4637a8c7cde2
[2026-02-21T14:38:20.836Z] GET /api/task-creation/sessions/c9aa91ab-c781-4ebc-af1a-4637a8c7cde2/messages
[2026-02-21T14:38:20.836Z] GET /api/task-creation/sessions/c9aa91ab-c781-4ebc-af1a-4637a8c7cde2/intent
[2026-02-21T14:38:20.837Z] GET /api/task-creation/sessions/c9aa91ab-c781-4ebc-af1a-4637a8c7cde2/task-description
[2026-02-21T14:38:20.837Z] GET /api/task-creation/sessions/c9aa91ab-c781-4ebc-af1a-4637a8c7cde2/execution-plan
[2026-02-21T14:38:20.837Z] GET /api/sandbox/environment
[2026-02-21T14:38:20.838Z] GET /api/task-creation/sessions
[2026-02-21T14:38:21.388Z] GET /api/sandbox/osac/sess_35ff684915754d7c/messages
[2026-02-21T14:38:24.849Z] GET /api/task-creation/sessions/c9aa91ab-c781-4ebc-af1a-4637a8c7cde2
[2026-02-21T14:38:24.850Z] GET /api/task-creation/sessions/c9aa91ab-c781-4ebc-af1a-4637a8c7cde2/messages
[2026-02-21T14:38:24.850Z] GET /api/task-creation/sessions/c9aa91ab-c781-4ebc-af1a-4637a8c7cde2/intent
[2026-02-21T14:38:24.851Z] GET /api/task-creation/sessions/c9aa91ab-c781-4ebc-af1a-4637a8c7cde2/task-description
[2026-02-21T14:38:24.851Z] GET /api/task-creation/sessions/c9aa91ab-c781-4ebc-af1a-4637a8c7cde2/execution-plan
[2026-02-21T14:38:24.851Z] GET /api/sandbox/environment
[2026-02-21T14:38:24.852Z] GET /api/task-creation/sessions
✅ 数据库连接成功
[2026-02-21T14:38:25.263Z] GET /api/sandbox/osac/sess_35ff684915754d7c/messages
[2026-02-21T14:38:28.847Z] GET /api/task-creation/sessions/c9aa91ab-c781-4ebc-af1a-4637a8c7cde2/messages
[2026-02-21T14:38:28.847Z] GET /api/task-creation/sessions/c9aa91ab-c781-4ebc-af1a-4637a8c7cde2
[2026-02-21T14:38:28.848Z] GET /api/task-creation/sessions/c9aa91ab-c781-4ebc-af1a-4637a8c7cde2/task-description
[2026-02-21T14:38:28.848Z] GET /api/task-creation/sessions/c9aa91ab-c781-4ebc-af1a-4637a8c7cde2/intent
[2026-02-21T14:38:28.849Z] GET /api/sandbox/environment
[2026-02-21T14:38:28.849Z] GET /api/task-creation/sessions/c9aa91ab-c781-4ebc-af1a-4637a8c7cde2/execution-plan
[2026-02-21T14:38:28.850Z] GET /api/task-creation/sessions
[2026-02-21T14:38:29.190Z] GET /api/sandbox/osac/sess_35ff684915754d7c/messages
[2026-02-21T14:38:32.844Z] GET /api/task-creation/sessions/c9aa91ab-c781-4ebc-af1a-4637a8c7cde2
[2026-02-21T14:38:32.845Z] GET /api/task-creation/sessions/c9aa91ab-c781-4ebc-af1a-4637a8c7cde2/messages
[2026-02-21T14:38:32.845Z] GET /api/task-creation/sessions/c9aa91ab-c781-4ebc-af1a-4637a8c7cde2/intent
[2026-02-21T14:38:32.845Z] GET /api/task-creation/sessions/c9aa91ab-c781-4ebc-af1a-4637a8c7cde2/execution-plan
[2026-02-21T14:38:32.846Z] GET /api/task-creation/sessions/c9aa91ab-c781-4ebc-af1a-4637a8c7cde2/task-description
[2026-02-21T14:38:32.846Z] GET /api/sandbox/environment
[2026-02-21T14:38:32.846Z] GET /api/task-creation/sessions
[2026-02-21T14:38:33.206Z] GET /api/sandbox/osac/sess_35ff684915754d7c/messages
[2026-02-21T14:38:36.843Z] GET /api/task-creation/sessions/c9aa91ab-c781-4ebc-af1a-4637a8c7cde2
[2026-02-21T14:38:36.843Z] GET /api/task-creation/sessions/c9aa91ab-c781-4ebc-af1a-4637a8c7cde2/messages
[2026-02-21T14:38:36.843Z] GET /api/task-creation/sessions/c9aa91ab-c781-4ebc-af1a-4637a8c7cde2/intent
[2026-02-21T14:38:36.844Z] GET /api/task-creation/sessions/c9aa91ab-c781-4ebc-af1a-4637a8c7cde2/task-description
[2026-02-21T14:38:36.844Z] GET /api/task-creation/sessions/c9aa91ab-c781-4ebc-af1a-4637a8c7cde2/execution-plan
[2026-02-21T14:38:36.844Z] GET /api/sandbox/environment
[2026-02-21T14:38:36.845Z] GET /api/task-creation/sessions
[2026-02-21T14:38:37.339Z] GET /api/sandbox/osac/sess_35ff684915754d7c/messages
[2026-02-21T14:38:40.834Z] GET /api/task-creation/sessions/c9aa91ab-c781-4ebc-af1a-4637a8c7cde2
[2026-02-21T14:38:40.835Z] GET /api/task-creation/sessions/c9aa91ab-c781-4ebc-af1a-4637a8c7cde2/messages
[2026-02-21T14:38:40.835Z] GET /api/task-creation/sessions/c9aa91ab-c781-4ebc-af1a-4637a8c7cde2/intent
[2026-02-21T14:38:40.835Z] GET /api/task-creation/sessions/c9aa91ab-c781-4ebc-af1a-4637a8c7cde2/execution-plan
[2026-02-21T14:38:40.836Z] GET /api/task-creation/sessions/c9aa91ab-c781-4ebc-af1a-4637a8c7cde2/task-description
[2026-02-21T14:38:40.836Z] GET /api/sandbox/environment
[2026-02-21T14:38:40.836Z] GET /api/task-creation/sessions
✅ 数据库连接成功
[2026-02-21T14:38:41.140Z] GET /api/sandbox/osac/sess_35ff684915754d7c/messages
[2026-02-21T14:38:44.837Z] GET /api/task-creation/sessions/c9aa91ab-c781-4ebc-af1a-4637a8c7cde2/messages
[2026-02-21T14:38:44.838Z] GET /api/task-creation/sessions/c9aa91ab-c781-4ebc-af1a-4637a8c7cde2
[2026-02-21T14:38:44.838Z] GET /api/task-creation/sessions/c9aa91ab-c781-4ebc-af1a-4637a8c7cde2/intent
[2026-02-21T14:38:44.838Z] GET /api/task-creation/sessions/c9aa91ab-c781-4ebc-af1a-4637a8c7cde2/task-description
[2026-02-21T14:38:44.839Z] GET /api/task-creation/sessions/c9aa91ab-c781-4ebc-af1a-4637a8c7cde2/execution-plan
[2026-02-21T14:38:44.839Z] GET /api/sandbox/environment
[2026-02-21T14:38:44.839Z] GET /api/task-creation/sessions
[2026-02-21T14:38:45.537Z] GET /api/sandbox/osac/sess_35ff684915754d7c/messages
[2026-02-21T14:38:48.843Z] GET /api/task-creation/sessions/c9aa91ab-c781-4ebc-af1a-4637a8c7cde2
[2026-02-21T14:38:48.844Z] GET /api/task-creation/sessions/c9aa91ab-c781-4ebc-af1a-4637a8c7cde2/messages
[2026-02-21T14:38:48.844Z] GET /api/task-creation/sessions/c9aa91ab-c781-4ebc-af1a-4637a8c7cde2/intent
[2026-02-21T14:38:48.845Z] GET /api/task-creation/sessions/c9aa91ab-c781-4ebc-af1a-4637a8c7cde2/task-description
[2026-02-21T14:38:48.845Z] GET /api/task-creation/sessions/c9aa91ab-c781-4ebc-af1a-4637a8c7cde2/execution-plan
[2026-02-21T14:38:48.845Z] GET /api/sandbox/environment
[2026-02-21T14:38:48.845Z] GET /api/task-creation/sessions
[2026-02-21T14:38:49.157Z] GET /api/sandbox/osac/sess_35ff684915754d7c/messages
[2026-02-21T14:38:52.834Z] GET /api/task-creation/sessions/c9aa91ab-c781-4ebc-af1a-4637a8c7cde2/messages
[2026-02-21T14:38:52.835Z] GET /api/task-creation/sessions/c9aa91ab-c781-4ebc-af1a-4637a8c7cde2
[2026-02-21T14:38:52.835Z] GET /api/task-creation/sessions/c9aa91ab-c781-4ebc-af1a-4637a8c7cde2/intent
[2026-02-21T14:38:52.836Z] GET /api/task-creation/sessions/c9aa91ab-c781-4ebc-af1a-4637a8c7cde2/task-description
[2026-02-21T14:38:52.836Z] GET /api/task-creation/sessions/c9aa91ab-c781-4ebc-af1a-4637a8c7cde2/execution-plan
[2026-02-21T14:38:52.836Z] GET /api/sandbox/environment
[2026-02-21T14:38:52.837Z] GET /api/task-creation/sessions
[2026-02-21T14:38:53.267Z] GET /api/sandbox/osac/sess_35ff684915754d7c/messages
[WebSocket] 客户端断开: client_1771684518496_e6s3sw63q
[2026-02-21T14:38:56.843Z] GET /api/task-creation/sessions/c9aa91ab-c781-4ebc-af1a-4637a8c7cde2/messages
[2026-02-21T14:38:56.843Z] GET /api/task-creation/sessions/c9aa91ab-c781-4ebc-af1a-4637a8c7cde2
[2026-02-21T14:38:56.843Z] GET /api/task-creation/sessions/c9aa91ab-c781-4ebc-af1a-4637a8c7cde2/intent
[2026-02-21T14:38:56.844Z] GET /api/task-creation/sessions/c9aa91ab-c781-4ebc-af1a-4637a8c7cde2/execution-plan
[2026-02-21T14:38:56.844Z] GET /api/task-creation/sessions/c9aa91ab-c781-4ebc-af1a-4637a8c7cde2/task-description
[2026-02-21T14:38:56.844Z] GET /api/sandbox/environment
[2026-02-21T14:38:56.845Z] GET /api/task-creation/sessions
✅ 数据库连接成功
[2026-02-21T14:38:57.429Z] GET /api/sandbox/osac/sess_35ff684915754d7c/messages
[2026-02-21T14:39:00.844Z] GET /api/task-creation/sessions/c9aa91ab-c781-4ebc-af1a-4637a8c7cde2
[2026-02-21T14:39:00.845Z] GET /api/task-creation/sessions/c9aa91ab-c781-4ebc-af1a-4637a8c7cde2/intent
[2026-02-21T14:39:00.845Z] GET /api/task-creation/sessions/c9aa91ab-c781-4ebc-af1a-4637a8c7cde2/messages
[2026-02-21T14:39:00.846Z] GET /api/task-creation/sessions/c9aa91ab-c781-4ebc-af1a-4637a8c7cde2/task-description
[2026-02-21T14:39:00.846Z] GET /api/task-creation/sessions/c9aa91ab-c781-4ebc-af1a-4637a8c7cde2/execution-plan
[2026-02-21T14:39:00.846Z] GET /api/sandbox/environment
[2026-02-21T14:39:00.846Z] GET /api/task-creation/sessions
[2026-02-21T14:39:01.391Z] GET /api/sandbox/osac/sess_35ff684915754d7c/messages
[2026-02-21T14:39:04.842Z] GET /api/task-creation/sessions/c9aa91ab-c781-4ebc-af1a-4637a8c7cde2
[2026-02-21T14:39:04.842Z] GET /api/task-creation/sessions/c9aa91ab-c781-4ebc-af1a-4637a8c7cde2/messages
[2026-02-21T14:39:04.842Z] GET /api/task-creation/sessions/c9aa91ab-c781-4ebc-af1a-4637a8c7cde2/intent
[2026-02-21T14:39:04.843Z] GET /api/task-creation/sessions/c9aa91ab-c781-4ebc-af1a-4637a8c7cde2/task-description
[2026-02-21T14:39:04.843Z] GET /api/task-creation/sessions/c9aa91ab-c781-4ebc-af1a-4637a8c7cde2/execution-plan
[2026-02-21T14:39:04.844Z] GET /api/sandbox/environment
[2026-02-21T14:39:04.844Z] GET /api/task-creation/sessions
[2026-02-21T14:39:05.332Z] GET /api/sandbox/osac/sess_35ff684915754d7c/messages
[2026-02-21T14:39:08.841Z] GET /api/task-creation/sessions/c9aa91ab-c781-4ebc-af1a-4637a8c7cde2
[2026-02-21T14:39:08.841Z] GET /api/task-creation/sessions/c9aa91ab-c781-4ebc-af1a-4637a8c7cde2/messages
[2026-02-21T14:39:08.841Z] GET /api/task-creation/sessions/c9aa91ab-c781-4ebc-af1a-4637a8c7cde2/intent
[2026-02-21T14:39:08.842Z] GET /api/task-creation/sessions/c9aa91ab-c781-4ebc-af1a-4637a8c7cde2/task-description
[2026-02-21T14:39:08.842Z] GET /api/task-creation/sessions/c9aa91ab-c781-4ebc-af1a-4637a8c7cde2/execution-plan
[2026-02-21T14:39:08.843Z] GET /api/sandbox/environment
[2026-02-21T14:39:08.843Z] GET /api/task-creation/sessions
[2026-02-21T14:39:09.008Z] GET /api/sandbox/osac/sess_35ff684915754d7c/messages
[2026-02-21T14:39:09.009Z] GET /api/task-creation/sessions
[2026-02-21T14:39:09.259Z] GET /api/sandbox/osac/sess_35ff684915754d7c/messages
[2026-02-21T14:39:13.014Z] GET /api/task-creation/sessions/c9aa91ab-c781-4ebc-af1a-4637a8c7cde2
[2026-02-21T14:39:13.014Z] GET /api/task-creation/sessions/c9aa91ab-c781-4ebc-af1a-4637a8c7cde2/messages
[2026-02-21T14:39:13.014Z] GET /api/task-creation/sessions/c9aa91ab-c781-4ebc-af1a-4637a8c7cde2/intent
[2026-02-21T14:39:13.015Z] GET /api/task-creation/sessions/c9aa91ab-c781-4ebc-af1a-4637a8c7cde2/task-description
[2026-02-21T14:39:13.015Z] GET /api/task-creation/sessions/c9aa91ab-c781-4ebc-af1a-4637a8c7cde2/execution-plan
[2026-02-21T14:39:13.016Z] GET /api/sandbox/environment
[2026-02-21T14:39:13.016Z] GET /api/task-creation/sessions
✅ 数据库连接成功
[2026-02-21T14:39:13.625Z] GET /api/sandbox/osac/sess_35ff684915754d7c/messages
[2026-02-21T14:39:17.012Z] GET /api/task-creation/sessions/c9aa91ab-c781-4ebc-af1a-4637a8c7cde2/messages
[2026-02-21T14:39:17.013Z] GET /api/task-creation/sessions/c9aa91ab-c781-4ebc-af1a-4637a8c7cde2
[2026-02-21T14:39:17.013Z] GET /api/task-creation/sessions/c9aa91ab-c781-4ebc-af1a-4637a8c7cde2/intent
[2026-02-21T14:39:17.013Z] GET /api/task-creation/sessions/c9aa91ab-c781-4ebc-af1a-4637a8c7cde2/task-description
[2026-02-21T14:39:17.014Z] GET /api/task-creation/sessions/c9aa91ab-c781-4ebc-af1a-4637a8c7cde2/execution-plan
[2026-02-21T14:39:17.014Z] GET /api/sandbox/environment
[2026-02-21T14:39:17.014Z] GET /api/task-creation/sessions
[2026-02-21T14:39:17.410Z] GET /api/sandbox/osac/sess_35ff684915754d7c/messages
[2026-02-21T14:39:21.010Z] GET /api/task-creation/sessions/c9aa91ab-c781-4ebc-af1a-4637a8c7cde2
[2026-02-21T14:39:21.011Z] GET /api/task-creation/sessions/c9aa91ab-c781-4ebc-af1a-4637a8c7cde2/messages
[2026-02-21T14:39:21.011Z] GET /api/task-creation/sessions/c9aa91ab-c781-4ebc-af1a-4637a8c7cde2/intent
[2026-02-21T14:39:21.011Z] GET /api/task-creation/sessions/c9aa91ab-c781-4ebc-af1a-4637a8c7cde2/task-description
[2026-02-21T14:39:21.012Z] GET /api/task-creation/sessions/c9aa91ab-c781-4ebc-af1a-4637a8c7cde2/execution-plan
[2026-02-21T14:39:21.012Z] GET /api/sandbox/environment
[2026-02-21T14:39:21.012Z] GET /api/task-creation/sessions
[2026-02-21T14:39:21.502Z] GET /api/sandbox/osac/sess_35ff684915754d7c/messages
[2026-02-21T14:39:25.012Z] GET /api/task-creation/sessions/c9aa91ab-c781-4ebc-af1a-4637a8c7cde2
[2026-02-21T14:39:25.013Z] GET /api/task-creation/sessions/c9aa91ab-c781-4ebc-af1a-4637a8c7cde2/messages
[2026-02-21T14:39:25.013Z] GET /api/task-creation/sessions/c9aa91ab-c781-4ebc-af1a-4637a8c7cde2/intent
[2026-02-21T14:39:25.014Z] GET /api/task-creation/sessions/c9aa91ab-c781-4ebc-af1a-4637a8c7cde2/task-description
[2026-02-21T14:39:25.014Z] GET /api/task-creation/sessions/c9aa91ab-c781-4ebc-af1a-4637a8c7cde2/execution-plan
[2026-02-21T14:39:25.015Z] GET /api/sandbox/environment
[2026-02-21T14:39:25.015Z] GET /api/task-creation/sessions
[2026-02-21T14:39:25.617Z] GET /api/sandbox/osac/sess_35ff684915754d7c/messages
[2026-02-21T14:39:29.049Z] GET /api/task-creation/sessions/c9aa91ab-c781-4ebc-af1a-4637a8c7cde2
[2026-02-21T14:39:29.049Z] GET /api/task-creation/sessions/c9aa91ab-c781-4ebc-af1a-4637a8c7cde2/intent
[2026-02-21T14:39:29.050Z] GET /api/task-creation/sessions/c9aa91ab-c781-4ebc-af1a-4637a8c7cde2/messages
[2026-02-21T14:39:29.050Z] GET /api/task-creation/sessions/c9aa91ab-c781-4ebc-af1a-4637a8c7cde2/task-description
[2026-02-21T14:39:29.050Z] GET /api/task-creation/sessions/c9aa91ab-c781-4ebc-af1a-4637a8c7cde2/execution-plan
[2026-02-21T14:39:29.051Z] GET /api/sandbox/environment
[2026-02-21T14:39:29.051Z] GET /api/task-creation/sessions
✅ 数据库连接成功
[2026-02-21T14:39:29.476Z] GET /api/sandbox/osac/sess_35ff684915754d7c/messages
[2026-02-21T14:39:33.009Z] GET /api/task-creation/sessions/c9aa91ab-c781-4ebc-af1a-4637a8c7cde2
[2026-02-21T14:39:33.010Z] GET /api/task-creation/sessions/c9aa91ab-c781-4ebc-af1a-4637a8c7cde2/messages
[2026-02-21T14:39:33.010Z] GET /api/task-creation/sessions/c9aa91ab-c781-4ebc-af1a-4637a8c7cde2/intent
[2026-02-21T14:39:33.011Z] GET /api/task-creation/sessions/c9aa91ab-c781-4ebc-af1a-4637a8c7cde2/task-description
[2026-02-21T14:39:33.011Z] GET /api/task-creation/sessions/c9aa91ab-c781-4ebc-af1a-4637a8c7cde2/execution-plan
[2026-02-21T14:39:33.011Z] GET /api/sandbox/environment
[2026-02-21T14:39:33.012Z] GET /api/task-creation/sessions
[2026-02-21T14:39:33.581Z] GET /api/sandbox/osac/sess_35ff684915754d7c/messages
[2026-02-21T14:39:37.012Z] GET /api/task-creation/sessions/c9aa91ab-c781-4ebc-af1a-4637a8c7cde2
[2026-02-21T14:39:37.013Z] GET /api/task-creation/sessions/c9aa91ab-c781-4ebc-af1a-4637a8c7cde2/intent
[2026-02-21T14:39:37.013Z] GET /api/task-creation/sessions/c9aa91ab-c781-4ebc-af1a-4637a8c7cde2/messages
[2026-02-21T14:39:37.013Z] GET /api/task-creation/sessions/c9aa91ab-c781-4ebc-af1a-4637a8c7cde2/task-description
[2026-02-21T14:39:37.014Z] GET /api/task-creation/sessions/c9aa91ab-c781-4ebc-af1a-4637a8c7cde2/execution-plan
[2026-02-21T14:39:37.014Z] GET /api/sandbox/environment
[2026-02-21T14:39:37.014Z] GET /api/task-creation/sessions
[2026-02-21T14:39:37.433Z] GET /api/sandbox/osac/sess_35ff684915754d7c/messages
[2026-02-21T14:39:41.006Z] GET /api/task-creation/sessions/c9aa91ab-c781-4ebc-af1a-4637a8c7cde2
[2026-02-21T14:39:41.007Z] GET /api/task-creation/sessions/c9aa91ab-c781-4ebc-af1a-4637a8c7cde2/messages
[2026-02-21T14:39:41.007Z] GET /api/task-creation/sessions/c9aa91ab-c781-4ebc-af1a-4637a8c7cde2/intent
[2026-02-21T14:39:41.008Z] GET /api/task-creation/sessions/c9aa91ab-c781-4ebc-af1a-4637a8c7cde2/execution-plan
[2026-02-21T14:39:41.008Z] GET /api/task-creation/sessions/c9aa91ab-c781-4ebc-af1a-4637a8c7cde2/task-description
[2026-02-21T14:39:41.008Z] GET /api/sandbox/environment
[2026-02-21T14:39:41.009Z] GET /api/task-creation/sessions
[2026-02-21T14:39:41.450Z] GET /api/sandbox/osac/sess_35ff684915754d7c/messages
[2026-02-21T14:39:45.013Z] GET /api/task-creation/sessions/c9aa91ab-c781-4ebc-af1a-4637a8c7cde2
[2026-02-21T14:39:45.013Z] GET /api/task-creation/sessions/c9aa91ab-c781-4ebc-af1a-4637a8c7cde2/messages
[2026-02-21T14:39:45.013Z] GET /api/task-creation/sessions/c9aa91ab-c781-4ebc-af1a-4637a8c7cde2/intent
[2026-02-21T14:39:45.014Z] GET /api/task-creation/sessions/c9aa91ab-c781-4ebc-af1a-4637a8c7cde2/task-description
[2026-02-21T14:39:45.014Z] GET /api/task-creation/sessions/c9aa91ab-c781-4ebc-af1a-4637a8c7cde2/execution-plan
[2026-02-21T14:39:45.015Z] GET /api/sandbox/environment
[2026-02-21T14:39:45.015Z] GET /api/task-creation/sessions
✅ 数据库连接成功
[2026-02-21T14:39:45.420Z] GET /api/sandbox/osac/sess_35ff684915754d7c/messages
[2026-02-21T14:39:49.008Z] GET /api/task-creation/sessions/c9aa91ab-c781-4ebc-af1a-4637a8c7cde2
[2026-02-21T14:39:49.009Z] GET /api/task-creation/sessions/c9aa91ab-c781-4ebc-af1a-4637a8c7cde2/messages
[2026-02-21T14:39:49.009Z] GET /api/task-creation/sessions/c9aa91ab-c781-4ebc-af1a-4637a8c7cde2/intent
[2026-02-21T14:39:49.010Z] GET /api/task-creation/sessions/c9aa91ab-c781-4ebc-af1a-4637a8c7cde2/task-description
[2026-02-21T14:39:49.010Z] GET /api/task-creation/sessions/c9aa91ab-c781-4ebc-af1a-4637a8c7cde2/execution-plan
[2026-02-21T14:39:49.010Z] GET /api/sandbox/environment
[2026-02-21T14:39:49.011Z] GET /api/task-creation/sessions
[2026-02-21T14:39:49.335Z] GET /api/sandbox/osac/sess_35ff684915754d7c/messages
[2026-02-21T14:39:53.010Z] GET /api/task-creation/sessions/c9aa91ab-c781-4ebc-af1a-4637a8c7cde2
[2026-02-21T14:39:53.010Z] GET /api/task-creation/sessions/c9aa91ab-c781-4ebc-af1a-4637a8c7cde2/messages
[2026-02-21T14:39:53.011Z] GET /api/task-creation/sessions/c9aa91ab-c781-4ebc-af1a-4637a8c7cde2/intent
[2026-02-21T14:39:53.011Z] GET /api/task-creation/sessions/c9aa91ab-c781-4ebc-af1a-4637a8c7cde2/task-description
[2026-02-21T14:39:53.012Z] GET /api/task-creation/sessions/c9aa91ab-c781-4ebc-af1a-4637a8c7cde2/execution-plan
[2026-02-21T14:39:53.012Z] GET /api/sandbox/environment
[2026-02-21T14:39:53.012Z] GET /api/task-creation/sessions
[2026-02-21T14:39:53.467Z] GET /api/sandbox/osac/sess_35ff684915754d7c/messages
[2026-02-21T14:39:57.011Z] GET /api/task-creation/sessions/c9aa91ab-c781-4ebc-af1a-4637a8c7cde2
[2026-02-21T14:39:57.012Z] GET /api/task-creation/sessions/c9aa91ab-c781-4ebc-af1a-4637a8c7cde2/messages
[2026-02-21T14:39:57.012Z] GET /api/task-creation/sessions/c9aa91ab-c781-4ebc-af1a-4637a8c7cde2/intent
[2026-02-21T14:39:57.013Z] GET /api/task-creation/sessions/c9aa91ab-c781-4ebc-af1a-4637a8c7cde2/task-description
[2026-02-21T14:39:57.013Z] GET /api/task-creation/sessions/c9aa91ab-c781-4ebc-af1a-4637a8c7cde2/execution-plan
[2026-02-21T14:39:57.014Z] GET /api/sandbox/environment
[2026-02-21T14:39:57.014Z] GET /api/task-creation/sessions
[2026-02-21T14:39:57.300Z] GET /api/sandbox/osac/sess_35ff684915754d7c/messages
[2026-02-21T14:40:01.013Z] GET /api/task-creation/sessions/c9aa91ab-c781-4ebc-af1a-4637a8c7cde2/messages
[2026-02-21T14:40:01.014Z] GET /api/task-creation/sessions/c9aa91ab-c781-4ebc-af1a-4637a8c7cde2/intent
[2026-02-21T14:40:01.015Z] GET /api/task-creation/sessions/c9aa91ab-c781-4ebc-af1a-4637a8c7cde2/task-description
[2026-02-21T14:40:01.015Z] GET /api/task-creation/sessions/c9aa91ab-c781-4ebc-af1a-4637a8c7cde2
[2026-02-21T14:40:01.015Z] GET /api/task-creation/sessions/c9aa91ab-c781-4ebc-af1a-4637a8c7cde2/execution-plan
[2026-02-21T14:40:01.016Z] GET /api/sandbox/environment
[2026-02-21T14:40:01.016Z] GET /api/task-creation/sessions
✅ 数据库连接成功
[2026-02-21T14:40:01.463Z] GET /api/sandbox/osac/sess_35ff684915754d7c/messages
[2026-02-21T14:40:05.008Z] GET /api/task-creation/sessions/c9aa91ab-c781-4ebc-af1a-4637a8c7cde2
[2026-02-21T14:40:05.009Z] GET /api/task-creation/sessions/c9aa91ab-c781-4ebc-af1a-4637a8c7cde2/messages
[2026-02-21T14:40:05.009Z] GET /api/task-creation/sessions/c9aa91ab-c781-4ebc-af1a-4637a8c7cde2/intent
[2026-02-21T14:40:05.010Z] GET /api/task-creation/sessions/c9aa91ab-c781-4ebc-af1a-4637a8c7cde2/task-description
[2026-02-21T14:40:05.010Z] GET /api/task-creation/sessions/c9aa91ab-c781-4ebc-af1a-4637a8c7cde2/execution-plan
[2026-02-21T14:40:05.011Z] GET /api/sandbox/environment
[2026-02-21T14:40:05.011Z] GET /api/task-creation/sessions
[2026-02-21T14:40:05.271Z] GET /api/sandbox/osac/sess_35ff684915754d7c/messages
[2026-02-21T14:40:08.999Z] GET /api/sandbox/osac/sess_35ff684915754d7c/messages
[2026-02-21T14:40:09.001Z] GET /api/task-creation/sessions
[2026-02-21T14:40:09.003Z] GET /api/task-creation/sessions/c9aa91ab-c781-4ebc-af1a-4637a8c7cde2
[2026-02-21T14:40:09.003Z] GET /api/task-creation/sessions/c9aa91ab-c781-4ebc-af1a-4637a8c7cde2/intent
[2026-02-21T14:40:09.004Z] GET /api/task-creation/sessions/c9aa91ab-c781-4ebc-af1a-4637a8c7cde2/messages
[2026-02-21T14:40:09.004Z] GET /api/task-creation/sessions/c9aa91ab-c781-4ebc-af1a-4637a8c7cde2/task-description
[2026-02-21T14:40:09.004Z] GET /api/task-creation/sessions/c9aa91ab-c781-4ebc-af1a-4637a8c7cde2/execution-plan
[2026-02-21T14:40:09.005Z] GET /api/sandbox/environment
[2026-02-21T14:40:09.005Z] GET /api/task-creation/sessions
[2026-02-21T14:40:09.335Z] GET /api/sandbox/osac/sess_35ff684915754d7c/messages
[2026-02-21T14:41:09.005Z] GET /api/sandbox/osac/sess_35ff684915754d7c/messages
[2026-02-21T14:41:09.006Z] GET /api/task-creation/sessions
[2026-02-21T14:41:09.007Z] GET /api/task-creation/sessions/c9aa91ab-c781-4ebc-af1a-4637a8c7cde2/execution-plan
[2026-02-21T14:41:09.009Z] GET /api/task-creation/sessions/c9aa91ab-c781-4ebc-af1a-4637a8c7cde2
[2026-02-21T14:41:09.009Z] GET /api/task-creation/sessions/c9aa91ab-c781-4ebc-af1a-4637a8c7cde2/messages
[2026-02-21T14:41:09.009Z] GET /api/task-creation/sessions/c9aa91ab-c781-4ebc-af1a-4637a8c7cde2/intent
[2026-02-21T14:41:09.010Z] GET /api/task-creation/sessions/c9aa91ab-c781-4ebc-af1a-4637a8c7cde2/task-description
[2026-02-21T14:41:09.011Z] GET /api/sandbox/environment
[2026-02-21T14:41:09.012Z] GET /api/task-creation/sessions
✅ 数据库连接成功
[2026-02-21T14:41:09.377Z] GET /api/sandbox/osac/sess_35ff684915754d7c/messages
[2026-02-21T14:42:09.002Z] GET /api/sandbox/osac/sess_35ff684915754d7c/messages
[2026-02-21T14:42:09.003Z] GET /api/task-creation/sessions
[2026-02-21T14:42:09.004Z] GET /api/task-creation/sessions/c9aa91ab-c781-4ebc-af1a-4637a8c7cde2
[2026-02-21T14:42:09.005Z] GET /api/task-creation/sessions/c9aa91ab-c781-4ebc-af1a-4637a8c7cde2/messages
[2026-02-21T14:42:09.005Z] GET /api/task-creation/sessions/c9aa91ab-c781-4ebc-af1a-4637a8c7cde2/intent
[2026-02-21T14:42:09.006Z] GET /api/task-creation/sessions/c9aa91ab-c781-4ebc-af1a-4637a8c7cde2/task-description
[2026-02-21T14:42:09.007Z] GET /api/task-creation/sessions/c9aa91ab-c781-4ebc-af1a-4637a8c7cde2/execution-plan
[2026-02-21T14:42:09.007Z] GET /api/sandbox/environment
[2026-02-21T14:42:09.008Z] GET /api/task-creation/sessions
✅ 数据库连接成功
[2026-02-21T14:42:10.340Z] GET /api/sandbox/osac/sess_35ff684915754d7c/messages
[2026-02-21T14:43:09.001Z] GET /api/sandbox/osac/sess_35ff684915754d7c/messages
[2026-02-21T14:43:09.002Z] GET /api/task-creation/sessions
[2026-02-21T14:43:09.003Z] GET /api/task-creation/sessions/c9aa91ab-c781-4ebc-af1a-4637a8c7cde2
[2026-02-21T14:43:09.003Z] GET /api/task-creation/sessions/c9aa91ab-c781-4ebc-af1a-4637a8c7cde2/messages
[2026-02-21T14:43:09.003Z] GET /api/task-creation/sessions/c9aa91ab-c781-4ebc-af1a-4637a8c7cde2/intent
[2026-02-21T14:43:09.004Z] GET /api/task-creation/sessions/c9aa91ab-c781-4ebc-af1a-4637a8c7cde2/task-description
[2026-02-21T14:43:09.005Z] GET /api/task-creation/sessions/c9aa91ab-c781-4ebc-af1a-4637a8c7cde2/execution-plan
[2026-02-21T14:43:09.004Z] GET /api/task-creation/sessions
[2026-02-21T14:43:09.005Z] GET /api/sandbox/environment
✅ 数据库连接成功
[2026-02-21T14:43:09.348Z] GET /api/sandbox/osac/sess_35ff684915754d7c/messages
[2026-02-21T14:44:08.999Z] GET /api/sandbox/osac/sess_35ff684915754d7c/messages
[2026-02-21T14:44:09.000Z] GET /api/task-creation/sessions
[2026-02-21T14:44:09.001Z] GET /api/task-creation/sessions/c9aa91ab-c781-4ebc-af1a-4637a8c7cde2
[2026-02-21T14:44:09.002Z] GET /api/task-creation/sessions/c9aa91ab-c781-4ebc-af1a-4637a8c7cde2/messages
[2026-02-21T14:44:09.002Z] GET /api/task-creation/sessions/c9aa91ab-c781-4ebc-af1a-4637a8c7cde2/intent
[2026-02-21T14:44:09.003Z] GET /api/task-creation/sessions/c9aa91ab-c781-4ebc-af1a-4637a8c7cde2/execution-plan
[2026-02-21T14:44:09.003Z] GET /api/task-creation/sessions/c9aa91ab-c781-4ebc-af1a-4637a8c7cde2/task-description
[2026-02-21T14:44:09.004Z] GET /api/sandbox/environment
[2026-02-21T14:44:09.004Z] GET /api/task-creation/sessions
✅ 数据库连接成功
[2026-02-21T14:44:09.460Z] GET /api/sandbox/osac/sess_35ff684915754d7c/messages
[2026-02-21T14:44:34.896Z] GET /api/task-creation/sessions/c9aa91ab-c781-4ebc-af1a-4637a8c7cde2
[2026-02-21T14:44:34.897Z] GET /api/task-creation/sessions/c9aa91ab-c781-4ebc-af1a-4637a8c7cde2/intent
[2026-02-21T14:44:34.898Z] GET /api/task-creation/sessions/c9aa91ab-c781-4ebc-af1a-4637a8c7cde2/task-description
[2026-02-21T14:44:34.898Z] GET /api/task-creation/sessions/c9aa91ab-c781-4ebc-af1a-4637a8c7cde2/messages
[2026-02-21T14:44:34.898Z] GET /api/task-creation/sessions/c9aa91ab-c781-4ebc-af1a-4637a8c7cde2/execution-plan
[2026-02-21T14:44:34.899Z] GET /api/sandbox/environment
[2026-02-21T14:44:34.899Z] GET /api/task-creation/sessions
✅ 数据库连接成功
[2026-02-21T14:44:35.096Z] GET /api/sandbox/osac/sess_35ff684915754d7c/messages
[2026-02-21T14:44:35.233Z] GET /api/sandbox/osac/sess_35ff684915754d7c/messages
[2026-02-21T14:44:35.246Z] GET /api/task-creation/sessions
[2026-02-21T14:44:36.352Z] GET /api/sandbox/osac/sess_35ff684915754d7c/messages
[2026-02-21T14:44:36.783Z] GET /api/task-creation/sessions
[2026-02-21T14:44:37.008Z] GET /api/task-creation/sessions/c9aa91ab-c781-4ebc-af1a-4637a8c7cde2
[2026-02-21T14:44:37.008Z] GET /api/task-creation/sessions/c9aa91ab-c781-4ebc-af1a-4637a8c7cde2/messages
[2026-02-21T14:44:37.009Z] GET /api/task-creation/sessions/c9aa91ab-c781-4ebc-af1a-4637a8c7cde2/intent
[2026-02-21T14:44:37.009Z] GET /api/task-creation/sessions/c9aa91ab-c781-4ebc-af1a-4637a8c7cde2/task-description
[2026-02-21T14:44:37.010Z] GET /api/task-creation/sessions/c9aa91ab-c781-4ebc-af1a-4637a8c7cde2/execution-plan
[2026-02-21T14:44:37.010Z] GET /api/sandbox/environment
[2026-02-21T14:44:37.010Z] GET /api/task-creation/sessions
[2026-02-21T14:44:37.195Z] GET /api/sandbox/osac/sess_35ff684915754d7c/messages
[2026-02-21T14:44:37.849Z] GET /api/task-creation/sessions
[WebSocket] 客户端连接: client_1771685077867_m1a6hu70j
[WebSocket] 发送消息 to client_1771685077867_m1a6hu70j: agent_message
[2026-02-21T14:44:37.980Z] GET /api/task-creation/sessions/53bd88ad-674e-47e5-a46b-f390496870c0/messages
[2026-02-21T14:44:38.044Z] GET /api/sandbox/osac/sess_35ff684915754d7c/messages
[2026-02-21T14:44:41.006Z] GET /api/task-creation/sessions/c9aa91ab-c781-4ebc-af1a-4637a8c7cde2
[2026-02-21T14:44:41.006Z] GET /api/task-creation/sessions/c9aa91ab-c781-4ebc-af1a-4637a8c7cde2/messages
[2026-02-21T14:44:41.006Z] GET /api/task-creation/sessions/c9aa91ab-c781-4ebc-af1a-4637a8c7cde2/intent
[2026-02-21T14:44:41.007Z] GET /api/task-creation/sessions/c9aa91ab-c781-4ebc-af1a-4637a8c7cde2/task-description
[2026-02-21T14:44:41.007Z] GET /api/task-creation/sessions/c9aa91ab-c781-4ebc-af1a-4637a8c7cde2/execution-plan
[2026-02-21T14:44:41.008Z] GET /api/sandbox/environment
[2026-02-21T14:44:41.008Z] GET /api/task-creation/sessions
[2026-02-21T14:44:41.177Z] GET /api/sandbox/osac/sess_35ff684915754d7c/messages
[2026-02-21T14:44:42.066Z] GET /api/sandbox/osac/sess_35ff684915754d7c/messages
[2026-02-21T14:44:43.850Z] GET /api/task-creation/sessions
[2026-02-21T14:44:45.011Z] GET /api/task-creation/sessions/c9aa91ab-c781-4ebc-af1a-4637a8c7cde2
[2026-02-21T14:44:45.011Z] GET /api/task-creation/sessions/c9aa91ab-c781-4ebc-af1a-4637a8c7cde2/intent
[2026-02-21T14:44:45.012Z] GET /api/task-creation/sessions/c9aa91ab-c781-4ebc-af1a-4637a8c7cde2/messages
[2026-02-21T14:44:45.012Z] GET /api/task-creation/sessions/c9aa91ab-c781-4ebc-af1a-4637a8c7cde2/task-description
[2026-02-21T14:44:45.012Z] GET /api/task-creation/sessions/c9aa91ab-c781-4ebc-af1a-4637a8c7cde2/execution-plan
[2026-02-21T14:44:45.013Z] GET /api/sandbox/environment
[2026-02-21T14:44:45.013Z] GET /api/task-creation/sessions
[2026-02-21T14:44:45.205Z] GET /api/sandbox/osac/sess_35ff684915754d7c/messages
[2026-02-21T14:44:46.048Z] GET /api/sandbox/osac/sess_35ff684915754d7c/messages
[2026-02-21T14:44:49.009Z] GET /api/task-creation/sessions/c9aa91ab-c781-4ebc-af1a-4637a8c7cde2
[2026-02-21T14:44:49.010Z] GET /api/task-creation/sessions/c9aa91ab-c781-4ebc-af1a-4637a8c7cde2/intent
[2026-02-21T14:44:49.010Z] GET /api/task-creation/sessions/c9aa91ab-c781-4ebc-af1a-4637a8c7cde2/messages
[2026-02-21T14:44:49.011Z] GET /api/task-creation/sessions/c9aa91ab-c781-4ebc-af1a-4637a8c7cde2/task-description
[2026-02-21T14:44:49.011Z] GET /api/sandbox/environment
[2026-02-21T14:44:49.011Z] GET /api/task-creation/sessions/c9aa91ab-c781-4ebc-af1a-4637a8c7cde2/execution-plan
[2026-02-21T14:44:49.011Z] GET /api/task-creation/sessions
[2026-02-21T14:44:49.195Z] GET /api/sandbox/osac/sess_35ff684915754d7c/messages
[2026-02-21T14:44:49.853Z] GET /api/task-creation/sessions
[2026-02-21T14:44:50.050Z] GET /api/sandbox/osac/sess_35ff684915754d7c/messages
[2026-02-21T14:44:53.000Z] GET /api/task-creation/sessions/c9aa91ab-c781-4ebc-af1a-4637a8c7cde2/messages
[2026-02-21T14:44:53.001Z] GET /api/task-creation/sessions/c9aa91ab-c781-4ebc-af1a-4637a8c7cde2
[2026-02-21T14:44:53.001Z] GET /api/task-creation/sessions/c9aa91ab-c781-4ebc-af1a-4637a8c7cde2/intent
[2026-02-21T14:44:53.001Z] GET /api/task-creation/sessions/c9aa91ab-c781-4ebc-af1a-4637a8c7cde2/task-description
[2026-02-21T14:44:53.002Z] GET /api/task-creation/sessions/c9aa91ab-c781-4ebc-af1a-4637a8c7cde2/execution-plan
[2026-02-21T14:44:53.002Z] GET /api/sandbox/environment
[2026-02-21T14:44:53.002Z] GET /api/task-creation/sessions
✅ 数据库连接成功
[2026-02-21T14:44:53.195Z] GET /api/sandbox/osac/sess_35ff684915754d7c/messages
[2026-02-21T14:44:54.047Z] GET /api/sandbox/osac/sess_35ff684915754d7c/messages
[2026-02-21T14:44:55.858Z] GET /api/task-creation/sessions
[2026-02-21T14:44:57.002Z] GET /api/task-creation/sessions/c9aa91ab-c781-4ebc-af1a-4637a8c7cde2
[2026-02-21T14:44:57.003Z] GET /api/task-creation/sessions/c9aa91ab-c781-4ebc-af1a-4637a8c7cde2/messages
[2026-02-21T14:44:57.003Z] GET /api/task-creation/sessions/c9aa91ab-c781-4ebc-af1a-4637a8c7cde2/intent
[2026-02-21T14:44:57.004Z] GET /api/task-creation/sessions/c9aa91ab-c781-4ebc-af1a-4637a8c7cde2/task-description
[2026-02-21T14:44:57.004Z] GET /api/task-creation/sessions/c9aa91ab-c781-4ebc-af1a-4637a8c7cde2/execution-plan
[2026-02-21T14:44:57.004Z] GET /api/sandbox/environment
[2026-02-21T14:44:57.004Z] GET /api/task-creation/sessions
[2026-02-21T14:44:57.197Z] GET /api/sandbox/osac/sess_35ff684915754d7c/messages
[2026-02-21T14:44:58.044Z] GET /api/sandbox/osac/sess_35ff684915754d7c/messages
[2026-02-21T14:45:01.010Z] GET /api/task-creation/sessions/c9aa91ab-c781-4ebc-af1a-4637a8c7cde2
[2026-02-21T14:45:01.011Z] GET /api/task-creation/sessions/c9aa91ab-c781-4ebc-af1a-4637a8c7cde2/messages
[2026-02-21T14:45:01.011Z] GET /api/task-creation/sessions/c9aa91ab-c781-4ebc-af1a-4637a8c7cde2/intent
[2026-02-21T14:45:01.011Z] GET /api/task-creation/sessions/c9aa91ab-c781-4ebc-af1a-4637a8c7cde2/task-description
[2026-02-21T14:45:01.012Z] GET /api/task-creation/sessions/c9aa91ab-c781-4ebc-af1a-4637a8c7cde2/execution-plan
[2026-02-21T14:45:01.012Z] GET /api/sandbox/environment
[2026-02-21T14:45:01.012Z] GET /api/task-creation/sessions
[2026-02-21T14:45:01.166Z] GET /api/sandbox/osac/sess_35ff684915754d7c/messages
[2026-02-21T14:45:01.853Z] GET /api/task-creation/sessions
[2026-02-21T14:45:02.052Z] GET /api/sandbox/osac/sess_35ff684915754d7c/messages
[2026-02-21T14:45:05.014Z] GET /api/task-creation/sessions/c9aa91ab-c781-4ebc-af1a-4637a8c7cde2
[2026-02-21T14:45:05.015Z] GET /api/task-creation/sessions/c9aa91ab-c781-4ebc-af1a-4637a8c7cde2/messages
[2026-02-21T14:45:05.015Z] GET /api/task-creation/sessions/c9aa91ab-c781-4ebc-af1a-4637a8c7cde2/intent
[2026-02-21T14:45:05.016Z] GET /api/task-creation/sessions/c9aa91ab-c781-4ebc-af1a-4637a8c7cde2/task-description
[2026-02-21T14:45:05.016Z] GET /api/task-creation/sessions/c9aa91ab-c781-4ebc-af1a-4637a8c7cde2/execution-plan
[2026-02-21T14:45:05.016Z] GET /api/sandbox/environment
[2026-02-21T14:45:05.017Z] GET /api/task-creation/sessions
[2026-02-21T14:45:05.196Z] GET /api/sandbox/osac/sess_35ff684915754d7c/messages
[2026-02-21T14:45:06.059Z] GET /api/sandbox/osac/sess_35ff684915754d7c/messages
[2026-02-21T14:45:07.850Z] GET /api/task-creation/sessions
[2026-02-21T14:45:09.012Z] GET /api/task-creation/sessions/c9aa91ab-c781-4ebc-af1a-4637a8c7cde2
[2026-02-21T14:45:09.013Z] GET /api/task-creation/sessions/c9aa91ab-c781-4ebc-af1a-4637a8c7cde2/messages
[2026-02-21T14:45:09.013Z] GET /api/task-creation/sessions/c9aa91ab-c781-4ebc-af1a-4637a8c7cde2/intent
[2026-02-21T14:45:09.013Z] GET /api/task-creation/sessions/c9aa91ab-c781-4ebc-af1a-4637a8c7cde2/task-description
[2026-02-21T14:45:09.014Z] GET /api/task-creation/sessions/c9aa91ab-c781-4ebc-af1a-4637a8c7cde2/execution-plan
[2026-02-21T14:45:09.014Z] GET /api/sandbox/environment
[2026-02-21T14:45:09.015Z] GET /api/task-creation/sessions
✅ 数据库连接成功
[2026-02-21T14:45:09.197Z] GET /api/sandbox/osac/sess_35ff684915754d7c/messages
[2026-02-21T14:45:10.059Z] GET /api/sandbox/osac/sess_35ff684915754d7c/messages
[2026-02-21T14:45:13.014Z] GET /api/task-creation/sessions/c9aa91ab-c781-4ebc-af1a-4637a8c7cde2/messages
[2026-02-21T14:45:13.015Z] GET /api/task-creation/sessions/c9aa91ab-c781-4ebc-af1a-4637a8c7cde2
[2026-02-21T14:45:13.015Z] GET /api/task-creation/sessions/c9aa91ab-c781-4ebc-af1a-4637a8c7cde2/intent
[2026-02-21T14:45:13.016Z] GET /api/task-creation/sessions/c9aa91ab-c781-4ebc-af1a-4637a8c7cde2/task-description
[2026-02-21T14:45:13.016Z] GET /api/task-creation/sessions/c9aa91ab-c781-4ebc-af1a-4637a8c7cde2/execution-plan
[2026-02-21T14:45:13.016Z] GET /api/sandbox/environment
[2026-02-21T14:45:13.017Z] GET /api/task-creation/sessions
[2026-02-21T14:45:13.207Z] GET /api/sandbox/osac/sess_35ff684915754d7c/messages
[2026-02-21T14:45:13.848Z] GET /api/task-creation/sessions
[2026-02-21T14:45:14.047Z] GET /api/sandbox/osac/sess_35ff684915754d7c/messages
[2026-02-21T14:45:17.011Z] GET /api/task-creation/sessions/c9aa91ab-c781-4ebc-af1a-4637a8c7cde2
[2026-02-21T14:45:17.012Z] GET /api/task-creation/sessions/c9aa91ab-c781-4ebc-af1a-4637a8c7cde2/intent
[2026-02-21T14:45:17.012Z] GET /api/task-creation/sessions/c9aa91ab-c781-4ebc-af1a-4637a8c7cde2/messages
[2026-02-21T14:45:17.012Z] GET /api/task-creation/sessions/c9aa91ab-c781-4ebc-af1a-4637a8c7cde2/task-description
[2026-02-21T14:45:17.012Z] GET /api/task-creation/sessions/c9aa91ab-c781-4ebc-af1a-4637a8c7cde2/execution-plan
[2026-02-21T14:45:17.013Z] GET /api/sandbox/environment
[2026-02-21T14:45:17.013Z] GET /api/task-creation/sessions
[2026-02-21T14:45:17.174Z] GET /api/sandbox/osac/sess_35ff684915754d7c/messages
[2026-02-21T14:45:18.056Z] GET /api/sandbox/osac/sess_35ff684915754d7c/messages
[2026-02-21T14:45:19.852Z] GET /api/task-creation/sessions
[2026-02-21T14:45:21.006Z] GET /api/task-creation/sessions/c9aa91ab-c781-4ebc-af1a-4637a8c7cde2
[2026-02-21T14:45:21.007Z] GET /api/task-creation/sessions/c9aa91ab-c781-4ebc-af1a-4637a8c7cde2/messages
[2026-02-21T14:45:21.007Z] GET /api/task-creation/sessions/c9aa91ab-c781-4ebc-af1a-4637a8c7cde2/intent
[2026-02-21T14:45:21.007Z] GET /api/task-creation/sessions/c9aa91ab-c781-4ebc-af1a-4637a8c7cde2/task-description
[2026-02-21T14:45:21.008Z] GET /api/sandbox/environment
[2026-02-21T14:45:21.008Z] GET /api/task-creation/sessions/c9aa91ab-c781-4ebc-af1a-4637a8c7cde2/execution-plan
[2026-02-21T14:45:21.009Z] GET /api/task-creation/sessions
[2026-02-21T14:45:21.462Z] GET /api/sandbox/osac/sess_35ff684915754d7c/messages
[2026-02-21T14:45:22.054Z] GET /api/sandbox/osac/sess_35ff684915754d7c/messages
[2026-02-21T14:45:25.014Z] GET /api/task-creation/sessions/c9aa91ab-c781-4ebc-af1a-4637a8c7cde2
[2026-02-21T14:45:25.015Z] GET /api/task-creation/sessions/c9aa91ab-c781-4ebc-af1a-4637a8c7cde2/messages
[2026-02-21T14:45:25.015Z] GET /api/task-creation/sessions/c9aa91ab-c781-4ebc-af1a-4637a8c7cde2/intent
[2026-02-21T14:45:25.016Z] GET /api/task-creation/sessions/c9aa91ab-c781-4ebc-af1a-4637a8c7cde2/task-description
[2026-02-21T14:45:25.016Z] GET /api/task-creation/sessions/c9aa91ab-c781-4ebc-af1a-4637a8c7cde2/execution-plan
[2026-02-21T14:45:25.017Z] GET /api/sandbox/environment
[2026-02-21T14:45:25.017Z] GET /api/task-creation/sessions
✅ 数据库连接成功
[2026-02-21T14:45:25.201Z] GET /api/sandbox/osac/sess_35ff684915754d7c/messages
[2026-02-21T14:45:25.859Z] GET /api/task-creation/sessions
[2026-02-21T14:45:26.056Z] GET /api/sandbox/osac/sess_35ff684915754d7c/messages
[2026-02-21T14:45:29.012Z] GET /api/task-creation/sessions/c9aa91ab-c781-4ebc-af1a-4637a8c7cde2
[2026-02-21T14:45:29.013Z] GET /api/task-creation/sessions/c9aa91ab-c781-4ebc-af1a-4637a8c7cde2/messages
[2026-02-21T14:45:29.013Z] GET /api/task-creation/sessions/c9aa91ab-c781-4ebc-af1a-4637a8c7cde2/intent
[2026-02-21T14:45:29.014Z] GET /api/task-creation/sessions/c9aa91ab-c781-4ebc-af1a-4637a8c7cde2/execution-plan
[2026-02-21T14:45:29.014Z] GET /api/task-creation/sessions/c9aa91ab-c781-4ebc-af1a-4637a8c7cde2/task-description
[2026-02-21T14:45:29.014Z] GET /api/sandbox/environment
[2026-02-21T14:45:29.015Z] GET /api/task-creation/sessions
[2026-02-21T14:45:29.396Z] GET /api/sandbox/osac/sess_35ff684915754d7c/messages
[2026-02-21T14:45:30.044Z] GET /api/sandbox/osac/sess_35ff684915754d7c/messages
[2026-02-21T14:45:31.848Z] GET /api/task-creation/sessions
[2026-02-21T14:45:33.006Z] GET /api/task-creation/sessions/c9aa91ab-c781-4ebc-af1a-4637a8c7cde2
[2026-02-21T14:45:33.007Z] GET /api/task-creation/sessions/c9aa91ab-c781-4ebc-af1a-4637a8c7cde2/messages
[2026-02-21T14:45:33.007Z] GET /api/task-creation/sessions/c9aa91ab-c781-4ebc-af1a-4637a8c7cde2/intent
[2026-02-21T14:45:33.007Z] GET /api/task-creation/sessions/c9aa91ab-c781-4ebc-af1a-4637a8c7cde2/task-description
[2026-02-21T14:45:33.007Z] GET /api/task-creation/sessions/c9aa91ab-c781-4ebc-af1a-4637a8c7cde2/execution-plan
[2026-02-21T14:45:33.008Z] GET /api/task-creation/sessions
[2026-02-21T14:45:33.008Z] GET /api/sandbox/environment
[2026-02-21T14:45:33.141Z] GET /api/sandbox/osac/sess_35ff684915754d7c/messages
[2026-02-21T14:45:34.052Z] GET /api/sandbox/osac/sess_35ff684915754d7c/messages
[2026-02-21T14:45:37.849Z] GET /api/task-creation/sessions
[2026-02-21T14:45:38.047Z] GET /api/sandbox/osac/sess_35ff684915754d7c/messages
[2026-02-21T14:45:42.046Z] GET /api/sandbox/osac/sess_35ff684915754d7c/messages
[2026-02-21T14:45:43.853Z] GET /api/task-creation/sessions
[2026-02-21T14:45:46.054Z] GET /api/sandbox/osac/sess_35ff684915754d7c/messages
[2026-02-21T14:45:49.850Z] GET /api/task-creation/sessions
[2026-02-21T14:45:50.048Z] GET /api/sandbox/osac/sess_35ff684915754d7c/messages
[2026-02-21T14:45:54.054Z] GET /api/sandbox/osac/sess_35ff684915754d7c/messages
[2026-02-21T14:45:55.853Z] GET /api/task-creation/sessions
[2026-02-21T14:45:58.057Z] GET /api/sandbox/osac/sess_35ff684915754d7c/messages
[2026-02-21T14:46:01.852Z] GET /api/task-creation/sessions
[2026-02-21T14:46:02.051Z] GET /api/sandbox/osac/sess_35ff684915754d7c/messages
[2026-02-21T14:46:06.057Z] GET /api/sandbox/osac/sess_35ff684915754d7c/messages
[2026-02-21T14:46:07.852Z] GET /api/task-creation/sessions
[2026-02-21T14:46:09.006Z] GET /api/task-creation/sessions/c9aa91ab-c781-4ebc-af1a-4637a8c7cde2
[2026-02-21T14:46:09.007Z] GET /api/task-creation/sessions/c9aa91ab-c781-4ebc-af1a-4637a8c7cde2/messages
[2026-02-21T14:46:09.007Z] GET /api/task-creation/sessions/c9aa91ab-c781-4ebc-af1a-4637a8c7cde2/intent
[2026-02-21T14:46:09.007Z] GET /api/task-creation/sessions/c9aa91ab-c781-4ebc-af1a-4637a8c7cde2/execution-plan
[2026-02-21T14:46:09.008Z] GET /api/task-creation/sessions/c9aa91ab-c781-4ebc-af1a-4637a8c7cde2/task-description
[2026-02-21T14:46:09.009Z] GET /api/sandbox/environment
[2026-02-21T14:46:09.009Z] GET /api/task-creation/sessions
✅ 数据库连接成功
[2026-02-21T14:46:09.339Z] GET /api/sandbox/osac/sess_35ff684915754d7c/messages
[2026-02-21T14:46:10.052Z] GET /api/sandbox/osac/sess_35ff684915754d7c/messages
[2026-02-21T14:46:13.863Z] GET /api/task-creation/sessions
[2026-02-21T14:46:14.044Z] GET /api/sandbox/osac/sess_35ff684915754d7c/messages
[2026-02-21T14:46:18.053Z] GET /api/sandbox/osac/sess_35ff684915754d7c/messages
[2026-02-21T14:46:19.859Z] GET /api/task-creation/sessions
[2026-02-21T14:46:22.050Z] GET /api/sandbox/osac/sess_35ff684915754d7c/messages
[2026-02-21T14:46:25.850Z] GET /api/task-creation/sessions
[2026-02-21T14:46:26.049Z] GET /api/sandbox/osac/sess_35ff684915754d7c/messages
[2026-02-21T14:46:30.047Z] GET /api/sandbox/osac/sess_35ff684915754d7c/messages
[2026-02-21T14:46:31.854Z] GET /api/task-creation/sessions
[2026-02-21T14:46:34.055Z] GET /api/sandbox/osac/sess_35ff684915754d7c/messages
[2026-02-21T14:46:37.852Z] GET /api/task-creation/sessions
[2026-02-21T14:46:38.049Z] GET /api/sandbox/osac/sess_35ff684915754d7c/messages
[2026-02-21T14:46:42.054Z] GET /api/sandbox/osac/sess_35ff684915754d7c/messages
[2026-02-21T14:46:43.856Z] GET /api/task-creation/sessions
[2026-02-21T14:46:46.056Z] GET /api/sandbox/osac/sess_35ff684915754d7c/messages
[2026-02-21T14:46:49.861Z] GET /api/task-creation/sessions
[2026-02-21T14:46:50.059Z] GET /api/sandbox/osac/sess_35ff684915754d7c/messages
[2026-02-21T14:46:54.052Z] GET /api/sandbox/osac/sess_35ff684915754d7c/messages
[2026-02-21T14:46:55.860Z] GET /api/task-creation/sessions
[2026-02-21T14:46:58.050Z] GET /api/sandbox/osac/sess_35ff684915754d7c/messages
[2026-02-21T14:47:01.849Z] GET /api/task-creation/sessions
[2026-02-21T14:47:02.045Z] GET /api/sandbox/osac/sess_35ff684915754d7c/messages
[2026-02-21T14:47:06.045Z] GET /api/sandbox/osac/sess_35ff684915754d7c/messages
[2026-02-21T14:47:07.861Z] GET /api/task-creation/sessions
[2026-02-21T14:47:09.005Z] GET /api/task-creation/sessions/c9aa91ab-c781-4ebc-af1a-4637a8c7cde2
[2026-02-21T14:47:09.005Z] GET /api/task-creation/sessions/c9aa91ab-c781-4ebc-af1a-4637a8c7cde2/intent
[2026-02-21T14:47:09.006Z] GET /api/task-creation/sessions/c9aa91ab-c781-4ebc-af1a-4637a8c7cde2/messages
[2026-02-21T14:47:09.006Z] GET /api/task-creation/sessions/c9aa91ab-c781-4ebc-af1a-4637a8c7cde2/task-description
[2026-02-21T14:47:09.007Z] GET /api/sandbox/environment
[2026-02-21T14:47:09.007Z] GET /api/task-creation/sessions/c9aa91ab-c781-4ebc-af1a-4637a8c7cde2/execution-plan
[2026-02-21T14:47:09.008Z] GET /api/task-creation/sessions
✅ 数据库连接成功
[2026-02-21T14:47:09.372Z] GET /api/sandbox/osac/sess_35ff684915754d7c/messages
[2026-02-21T14:47:10.055Z] GET /api/sandbox/osac/sess_35ff684915754d7c/messages
[2026-02-21T14:47:13.855Z] GET /api/task-creation/sessions
[2026-02-21T14:47:14.053Z] GET /api/sandbox/osac/sess_35ff684915754d7c/messages
[2026-02-21T14:47:18.059Z] GET /api/sandbox/osac/sess_35ff684915754d7c/messages
[2026-02-21T14:47:19.851Z] GET /api/task-creation/sessions
[2026-02-21T14:47:22.056Z] GET /api/sandbox/osac/sess_35ff684915754d7c/messages
[2026-02-21T14:47:25.849Z] GET /api/task-creation/sessions
[2026-02-21T14:47:26.045Z] GET /api/sandbox/osac/sess_35ff684915754d7c/messages
[2026-02-21T14:47:30.056Z] GET /api/sandbox/osac/sess_35ff684915754d7c/messages
[2026-02-21T14:47:31.859Z] GET /api/task-creation/sessions
[2026-02-21T14:47:34.047Z] GET /api/sandbox/osac/sess_35ff684915754d7c/messages
[2026-02-21T14:47:37.858Z] GET /api/task-creation/sessions
[2026-02-21T14:47:38.055Z] GET /api/sandbox/osac/sess_35ff684915754d7c/messages
[2026-02-21T14:47:42.057Z] GET /api/sandbox/osac/sess_35ff684915754d7c/messages
[2026-02-21T14:47:43.853Z] GET /api/task-creation/sessions
[2026-02-21T14:47:46.055Z] GET /api/sandbox/osac/sess_35ff684915754d7c/messages
[2026-02-21T14:47:49.863Z] GET /api/task-creation/sessions
[2026-02-21T14:47:50.059Z] GET /api/sandbox/osac/sess_35ff684915754d7c/messages
[2026-02-21T14:47:54.049Z] GET /api/sandbox/osac/sess_35ff684915754d7c/messages
[2026-02-21T14:47:55.853Z] GET /api/task-creation/sessions
[2026-02-21T14:47:58.048Z] GET /api/sandbox/osac/sess_35ff684915754d7c/messages
[2026-02-21T14:48:01.855Z] GET /api/task-creation/sessions
[2026-02-21T14:48:02.054Z] GET /api/sandbox/osac/sess_35ff684915754d7c/messages
[2026-02-21T14:48:06.049Z] GET /api/sandbox/osac/sess_35ff684915754d7c/messages
[2026-02-21T14:48:07.850Z] GET /api/task-creation/sessions
[2026-02-21T14:48:09.008Z] GET /api/task-creation/sessions/c9aa91ab-c781-4ebc-af1a-4637a8c7cde2
[2026-02-21T14:48:09.009Z] GET /api/task-creation/sessions/c9aa91ab-c781-4ebc-af1a-4637a8c7cde2/messages
[2026-02-21T14:48:09.009Z] GET /api/task-creation/sessions/c9aa91ab-c781-4ebc-af1a-4637a8c7cde2/intent
[2026-02-21T14:48:09.010Z] GET /api/task-creation/sessions/c9aa91ab-c781-4ebc-af1a-4637a8c7cde2/task-description
[2026-02-21T14:48:09.010Z] GET /api/task-creation/sessions/c9aa91ab-c781-4ebc-af1a-4637a8c7cde2/execution-plan
[2026-02-21T14:48:09.011Z] GET /api/sandbox/environment
[2026-02-21T14:48:09.011Z] GET /api/task-creation/sessions
✅ 数据库连接成功
[2026-02-21T14:48:09.396Z] GET /api/sandbox/osac/sess_35ff684915754d7c/messages
[2026-02-21T14:48:10.053Z] GET /api/sandbox/osac/sess_35ff684915754d7c/messages
[2026-02-21T14:48:13.858Z] GET /api/task-creation/sessions
[2026-02-21T14:48:14.054Z] GET /api/sandbox/osac/sess_35ff684915754d7c/messages
[2026-02-21T14:48:18.047Z] GET /api/sandbox/osac/sess_35ff684915754d7c/messages
[2026-02-21T14:48:19.852Z] GET /api/task-creation/sessions
[2026-02-21T14:48:22.048Z] GET /api/sandbox/osac/sess_35ff684915754d7c/messages
[2026-02-21T14:48:25.849Z] GET /api/task-creation/sessions
[2026-02-21T14:48:26.047Z] GET /api/sandbox/osac/sess_35ff684915754d7c/messages
[2026-02-21T14:48:30.055Z] GET /api/sandbox/osac/sess_35ff684915754d7c/messages
[2026-02-21T14:48:31.860Z] GET /api/task-creation/sessions
[2026-02-21T14:48:34.057Z] GET /api/sandbox/osac/sess_35ff684915754d7c/messages
[2026-02-21T14:48:37.848Z] GET /api/task-creation/sessions
[2026-02-21T14:48:38.047Z] GET /api/sandbox/osac/sess_35ff684915754d7c/messages
[2026-02-21T14:48:42.055Z] GET /api/sandbox/osac/sess_35ff684915754d7c/messages
[2026-02-21T14:48:43.854Z] GET /api/task-creation/sessions
[2026-02-21T14:48:46.053Z] GET /api/sandbox/osac/sess_35ff684915754d7c/messages
[2026-02-21T14:48:49.853Z] GET /api/task-creation/sessions
[2026-02-21T14:48:50.051Z] GET /api/sandbox/osac/sess_35ff684915754d7c/messages
[2026-02-21T14:48:54.048Z] GET /api/sandbox/osac/sess_35ff684915754d7c/messages
[2026-02-21T14:48:55.854Z] GET /api/task-creation/sessions
[2026-02-21T14:48:58.057Z] GET /api/sandbox/osac/sess_35ff684915754d7c/messages
[2026-02-21T14:49:01.863Z] GET /api/task-creation/sessions
[2026-02-21T14:49:02.058Z] GET /api/sandbox/osac/sess_35ff684915754d7c/messages
[2026-02-21T14:49:06.047Z] GET /api/sandbox/osac/sess_35ff684915754d7c/messages
[2026-02-21T14:49:07.853Z] GET /api/task-creation/sessions
[2026-02-21T14:49:09.011Z] GET /api/task-creation/sessions/c9aa91ab-c781-4ebc-af1a-4637a8c7cde2
[2026-02-21T14:49:09.012Z] GET /api/task-creation/sessions/c9aa91ab-c781-4ebc-af1a-4637a8c7cde2/messages
[2026-02-21T14:49:09.012Z] GET /api/task-creation/sessions/c9aa91ab-c781-4ebc-af1a-4637a8c7cde2/intent
[2026-02-21T14:49:09.013Z] GET /api/task-creation/sessions/c9aa91ab-c781-4ebc-af1a-4637a8c7cde2/task-description
[2026-02-21T14:49:09.013Z] GET /api/task-creation/sessions/c9aa91ab-c781-4ebc-af1a-4637a8c7cde2/execution-plan
[2026-02-21T14:49:09.014Z] GET /api/sandbox/environment
[2026-02-21T14:49:09.014Z] GET /api/task-creation/sessions
✅ 数据库连接成功
[2026-02-21T14:49:09.342Z] GET /api/sandbox/osac/sess_35ff684915754d7c/messages
[2026-02-21T14:49:10.055Z] GET /api/sandbox/osac/sess_35ff684915754d7c/messages
[2026-02-21T14:49:13.850Z] GET /api/task-creation/sessions
[2026-02-21T14:49:14.047Z] GET /api/sandbox/osac/sess_35ff684915754d7c/messages
[2026-02-21T14:49:18.044Z] GET /api/sandbox/osac/sess_35ff684915754d7c/messages
[2026-02-21T14:49:19.863Z] GET /api/task-creation/sessions
[2026-02-21T14:49:22.047Z] GET /api/sandbox/osac/sess_35ff684915754d7c/messages
[2026-02-21T14:49:25.863Z] GET /api/task-creation/sessions
[2026-02-21T14:49:26.044Z] GET /api/sandbox/osac/sess_35ff684915754d7c/messages
22:49:27 [tsx] change in ./src\services\opencode-remote-service.ts Restarting...
c[OSAC_CONNECTION_MANAGER] fixed_session_mode: disable background health check
23:15:11 [tsx] change in ./src\services\opencode-remote-service.ts Rerunning...
c[OSAC_CONNECTION_MANAGER] fixed_session_mode: disable background health check
23:22:53 [tsx] change in ./src\services\opencode-remote-service.ts Rerunning...
c[OSAC_CONNECTION_MANAGER] fixed_session_mode: disable background health check

🚀 oneceo.ai API Server
━━━━━━━━━━━━━━━━━━━━━━━━━━━━━━━━━━━━━━━━━━━━━
📡 API server running on http://localhost:4000
🔌 WebSocket server running on ws://localhost:4000
🔌 Task Creation WebSocket: ws://localhost:4000/ws/task-creation
🏥 Health check: http://localhost:4000/health
━━━━━━━━━━━━━━━━━━━━━━━━━━━━━━━━━━━━━━━━━━━━━
[OSAC_PERSISTENT_RECOVER_SKIP] fixed_session_mode

✅ 数据库连接成功
[2026-02-21T15:22:55.362Z] GET /api/task-creation/sessions
[2026-02-21T15:22:56.288Z] GET /api/sandbox/osac/sess_35ff684915754d7c/messages
[2026-02-21T15:22:59.578Z] GET /api/task-creation/sessions
[2026-02-21T15:23:00.290Z] GET /api/sandbox/osac/sess_35ff684915754d7c/messages
[2026-02-21T15:23:04.288Z] GET /api/sandbox/osac/sess_35ff684915754d7c/messages
[2026-02-21T15:23:05.584Z] GET /api/task-creation/sessions
[2026-02-21T15:23:08.285Z] GET /api/sandbox/osac/sess_35ff684915754d7c/messages
[2026-02-21T15:23:09.000Z] GET /api/task-creation/sessions/c9aa91ab-c781-4ebc-af1a-4637a8c7cde2
[2026-02-21T15:23:09.001Z] GET /api/task-creation/sessions/c9aa91ab-c781-4ebc-af1a-4637a8c7cde2/messages
[2026-02-21T15:23:09.001Z] GET /api/task-creation/sessions/c9aa91ab-c781-4ebc-af1a-4637a8c7cde2/intent
[2026-02-21T15:23:09.004Z] GET /api/task-creation/sessions/c9aa91ab-c781-4ebc-af1a-4637a8c7cde2/task-description
[2026-02-21T15:23:09.005Z] GET /api/task-creation/sessions/c9aa91ab-c781-4ebc-af1a-4637a8c7cde2/execution-plan
[2026-02-21T15:23:09.005Z] GET /api/sandbox/environment
[2026-02-21T15:23:09.006Z] GET /api/task-creation/sessions
[2026-02-21T15:23:09.295Z] GET /api/sandbox/osac/sess_35ff684915754d7c/messages
[2026-02-21T15:23:11.584Z] GET /api/task-creation/sessions
[2026-02-21T15:23:12.282Z] GET /api/sandbox/osac/sess_35ff684915754d7c/messages
[2026-02-21T15:23:16.281Z] GET /api/sandbox/osac/sess_35ff684915754d7c/messages
[2026-02-21T15:23:17.584Z] GET /api/task-creation/sessions
[2026-02-21T15:23:20.287Z] GET /api/sandbox/osac/sess_35ff684915754d7c/messages
[2026-02-21T15:23:23.574Z] GET /api/task-creation/sessions
[2026-02-21T15:23:24.286Z] GET /api/sandbox/osac/sess_35ff684915754d7c/messages
[2026-02-21T15:23:28.279Z] GET /api/sandbox/osac/sess_35ff684915754d7c/messages
[2026-02-21T15:23:29.584Z] GET /api/task-creation/sessions
[2026-02-21T15:23:32.283Z] GET /api/sandbox/osac/sess_35ff684915754d7c/messages
[2026-02-21T15:23:35.570Z] GET /api/task-creation/sessions
[2026-02-21T15:23:36.290Z] GET /api/sandbox/osac/sess_35ff684915754d7c/messages
[2026-02-21T15:23:40.277Z] GET /api/sandbox/osac/sess_35ff684915754d7c/messages
[2026-02-21T15:23:41.572Z] GET /api/task-creation/sessions
[2026-02-21T15:23:44.290Z] GET /api/sandbox/osac/sess_35ff684915754d7c/messages
[2026-02-21T15:23:47.582Z] GET /api/task-creation/sessions
[2026-02-21T15:23:48.280Z] GET /api/sandbox/osac/sess_35ff684915754d7c/messages
[2026-02-21T15:23:52.281Z] GET /api/sandbox/osac/sess_35ff684915754d7c/messages
[2026-02-21T15:23:53.572Z] GET /api/task-creation/sessions
[2026-02-21T15:23:56.286Z] GET /api/sandbox/osac/sess_35ff684915754d7c/messages
[2026-02-21T15:23:59.577Z] GET /api/task-creation/sessions
[2026-02-21T15:24:00.289Z] GET /api/sandbox/osac/sess_35ff684915754d7c/messages
[2026-02-21T15:24:04.277Z] GET /api/sandbox/osac/sess_35ff684915754d7c/messages
[2026-02-21T15:24:05.574Z] GET /api/task-creation/sessions
[2026-02-21T15:24:08.292Z] GET /api/sandbox/osac/sess_35ff684915754d7c/messages
[2026-02-21T15:24:09.010Z] GET /api/task-creation/sessions/c9aa91ab-c781-4ebc-af1a-4637a8c7cde2
[2026-02-21T15:24:09.010Z] GET /api/task-creation/sessions/c9aa91ab-c781-4ebc-af1a-4637a8c7cde2/messages
[2026-02-21T15:24:09.010Z] GET /api/task-creation/sessions/c9aa91ab-c781-4ebc-af1a-4637a8c7cde2/task-description
[2026-02-21T15:24:09.013Z] GET /api/task-creation/sessions/c9aa91ab-c781-4ebc-af1a-4637a8c7cde2/intent
[2026-02-21T15:24:09.013Z] GET /api/task-creation/sessions/c9aa91ab-c781-4ebc-af1a-4637a8c7cde2/execution-plan
[2026-02-21T15:24:09.014Z] GET /api/sandbox/environment
[2026-02-21T15:24:09.014Z] GET /api/task-creation/sessions
✅ 数据库连接成功
[2026-02-21T15:24:09.383Z] GET /api/sandbox/osac/sess_35ff684915754d7c/messages
[2026-02-21T15:24:11.581Z] GET /api/task-creation/sessions
[2026-02-21T15:24:12.288Z] GET /api/sandbox/osac/sess_35ff684915754d7c/messages
[2026-02-21T15:24:16.286Z] GET /api/sandbox/osac/sess_35ff684915754d7c/messages
[2026-02-21T15:24:17.575Z] GET /api/task-creation/sessions
[2026-02-21T15:24:20.285Z] GET /api/sandbox/osac/sess_35ff684915754d7c/messages
[2026-02-21T15:24:23.574Z] GET /api/task-creation/sessions
[2026-02-21T15:24:24.287Z] GET /api/sandbox/osac/sess_35ff684915754d7c/messages
[2026-02-21T15:24:28.290Z] GET /api/sandbox/osac/sess_35ff684915754d7c/messages
[2026-02-21T15:24:29.580Z] GET /api/task-creation/sessions
[2026-02-21T15:24:32.284Z] GET /api/sandbox/osac/sess_35ff684915754d7c/messages
[2026-02-21T15:24:35.580Z] GET /api/task-creation/sessions
[2026-02-21T15:24:36.278Z] GET /api/sandbox/osac/sess_35ff684915754d7c/messages
[2026-02-21T15:24:40.288Z] GET /api/sandbox/osac/sess_35ff684915754d7c/messages
[2026-02-21T15:24:41.579Z] GET /api/task-creation/sessions
[2026-02-21T15:24:44.277Z] GET /api/sandbox/osac/sess_35ff684915754d7c/messages
[2026-02-21T15:24:47.575Z] GET /api/task-creation/sessions
[2026-02-21T15:24:48.287Z] GET /api/sandbox/osac/sess_35ff684915754d7c/messages
[2026-02-21T15:24:52.282Z] GET /api/sandbox/osac/sess_35ff684915754d7c/messages
[2026-02-21T15:24:53.574Z] GET /api/task-creation/sessions
[2026-02-21T15:24:56.285Z] GET /api/sandbox/osac/sess_35ff684915754d7c/messages
[2026-02-21T15:24:59.579Z] GET /api/task-creation/sessions
[2026-02-21T15:25:00.280Z] GET /api/sandbox/osac/sess_35ff684915754d7c/messages
[2026-02-21T15:25:04.280Z] GET /api/sandbox/osac/sess_35ff684915754d7c/messages
[2026-02-21T15:25:05.583Z] GET /api/task-creation/sessions
[2026-02-21T15:25:08.279Z] GET /api/sandbox/osac/sess_35ff684915754d7c/messages
[2026-02-21T15:25:09.014Z] GET /api/task-creation/sessions/c9aa91ab-c781-4ebc-af1a-4637a8c7cde2
[2026-02-21T15:25:09.014Z] GET /api/task-creation/sessions/c9aa91ab-c781-4ebc-af1a-4637a8c7cde2/messages
[2026-02-21T15:25:09.015Z] GET /api/task-creation/sessions/c9aa91ab-c781-4ebc-af1a-4637a8c7cde2/intent
[2026-02-21T15:25:09.017Z] GET /api/task-creation/sessions/c9aa91ab-c781-4ebc-af1a-4637a8c7cde2/task-description
[2026-02-21T15:25:09.018Z] GET /api/task-creation/sessions/c9aa91ab-c781-4ebc-af1a-4637a8c7cde2/execution-plan
[2026-02-21T15:25:09.018Z] GET /api/sandbox/environment
[2026-02-21T15:25:09.019Z] GET /api/task-creation/sessions
✅ 数据库连接成功
[2026-02-21T15:25:09.270Z] GET /api/sandbox/osac/sess_35ff684915754d7c/messages
[2026-02-21T15:25:11.580Z] GET /api/task-creation/sessions
[2026-02-21T15:25:12.291Z] GET /api/sandbox/osac/sess_35ff684915754d7c/messages
[2026-02-21T15:25:16.287Z] GET /api/sandbox/osac/sess_35ff684915754d7c/messages
[2026-02-21T15:25:17.576Z] GET /api/task-creation/sessions
[2026-02-21T15:25:20.290Z] GET /api/sandbox/osac/sess_35ff684915754d7c/messages
[2026-02-21T15:25:23.574Z] GET /api/task-creation/sessions
[2026-02-21T15:25:24.287Z] GET /api/sandbox/osac/sess_35ff684915754d7c/messages
[2026-02-21T15:25:28.286Z] GET /api/sandbox/osac/sess_35ff684915754d7c/messages
[2026-02-21T15:25:29.578Z] GET /api/task-creation/sessions
[2026-02-21T15:25:32.283Z] GET /api/sandbox/osac/sess_35ff684915754d7c/messages
[2026-02-21T15:25:35.586Z] GET /api/task-creation/sessions
[2026-02-21T15:25:36.283Z] GET /api/sandbox/osac/sess_35ff684915754d7c/messages
[2026-02-21T15:25:40.286Z] GET /api/sandbox/osac/sess_35ff684915754d7c/messages
[2026-02-21T15:25:41.581Z] GET /api/task-creation/sessions
[2026-02-21T15:25:44.291Z] GET /api/sandbox/osac/sess_35ff684915754d7c/messages
[2026-02-21T15:25:47.573Z] GET /api/task-creation/sessions
[2026-02-21T15:25:48.288Z] GET /api/sandbox/osac/sess_35ff684915754d7c/messages
[2026-02-21T15:25:52.286Z] GET /api/sandbox/osac/sess_35ff684915754d7c/messages
[2026-02-21T15:25:53.577Z] GET /api/task-creation/sessions
[2026-02-21T15:25:56.284Z] GET /api/sandbox/osac/sess_35ff684915754d7c/messages
[2026-02-21T15:25:59.581Z] GET /api/task-creation/sessions
[2026-02-21T15:26:00.281Z] GET /api/sandbox/osac/sess_35ff684915754d7c/messages
[2026-02-21T15:26:04.284Z] GET /api/sandbox/osac/sess_35ff684915754d7c/messages
[2026-02-21T15:26:05.577Z] GET /api/task-creation/sessions
[2026-02-21T15:26:08.291Z] GET /api/sandbox/osac/sess_35ff684915754d7c/messages
[2026-02-21T15:26:09.008Z] GET /api/task-creation/sessions/c9aa91ab-c781-4ebc-af1a-4637a8c7cde2
[2026-02-21T15:26:09.009Z] GET /api/task-creation/sessions/c9aa91ab-c781-4ebc-af1a-4637a8c7cde2/messages
[2026-02-21T15:26:09.009Z] GET /api/task-creation/sessions/c9aa91ab-c781-4ebc-af1a-4637a8c7cde2/intent
[2026-02-21T15:26:09.012Z] GET /api/task-creation/sessions/c9aa91ab-c781-4ebc-af1a-4637a8c7cde2/task-description
[2026-02-21T15:26:09.012Z] GET /api/task-creation/sessions/c9aa91ab-c781-4ebc-af1a-4637a8c7cde2/execution-plan
[2026-02-21T15:26:09.013Z] GET /api/sandbox/environment
[2026-02-21T15:26:09.013Z] GET /api/task-creation/sessions
✅ 数据库连接成功
[2026-02-21T15:26:09.301Z] GET /api/sandbox/osac/sess_35ff684915754d7c/messages
[2026-02-21T15:26:11.584Z] GET /api/task-creation/sessions
[2026-02-21T15:26:12.285Z] GET /api/sandbox/osac/sess_35ff684915754d7c/messages
[2026-02-21T15:26:16.282Z] GET /api/sandbox/osac/sess_35ff684915754d7c/messages
[2026-02-21T15:26:17.572Z] GET /api/task-creation/sessions
[2026-02-21T15:26:20.281Z] GET /api/sandbox/osac/sess_35ff684915754d7c/messages
[2026-02-21T15:26:23.585Z] GET /api/task-creation/sessions
[2026-02-21T15:26:24.285Z] GET /api/sandbox/osac/sess_35ff684915754d7c/messages
[2026-02-21T15:26:28.279Z] GET /api/sandbox/osac/sess_35ff684915754d7c/messages
[2026-02-21T15:26:29.579Z] GET /api/task-creation/sessions
[2026-02-21T15:26:32.277Z] GET /api/sandbox/osac/sess_35ff684915754d7c/messages
[2026-02-21T15:26:35.583Z] GET /api/task-creation/sessions
[2026-02-21T15:26:36.278Z] GET /api/sandbox/osac/sess_35ff684915754d7c/messages
[2026-02-21T15:26:40.280Z] GET /api/sandbox/osac/sess_35ff684915754d7c/messages
[2026-02-21T15:26:41.571Z] GET /api/task-creation/sessions
[2026-02-21T15:26:44.282Z] GET /api/sandbox/osac/sess_35ff684915754d7c/messages
[2026-02-21T15:26:47.581Z] GET /api/task-creation/sessions
[2026-02-21T15:26:48.291Z] GET /api/sandbox/osac/sess_35ff684915754d7c/messages
[2026-02-21T15:26:52.280Z] GET /api/sandbox/osac/sess_35ff684915754d7c/messages
[2026-02-21T15:26:53.575Z] GET /api/task-creation/sessions
[2026-02-21T15:26:56.289Z] GET /api/sandbox/osac/sess_35ff684915754d7c/messages
[2026-02-21T15:26:59.579Z] GET /api/task-creation/sessions
[2026-02-21T15:27:00.278Z] GET /api/sandbox/osac/sess_35ff684915754d7c/messages
[2026-02-21T15:27:04.286Z] GET /api/sandbox/osac/sess_35ff684915754d7c/messages
[2026-02-21T15:27:05.575Z] GET /api/task-creation/sessions
[2026-02-21T15:27:08.277Z] GET /api/sandbox/osac/sess_35ff684915754d7c/messages
[2026-02-21T15:27:09.005Z] GET /api/task-creation/sessions/c9aa91ab-c781-4ebc-af1a-4637a8c7cde2
[2026-02-21T15:27:09.005Z] GET /api/task-creation/sessions/c9aa91ab-c781-4ebc-af1a-4637a8c7cde2/messages
[2026-02-21T15:27:09.006Z] GET /api/task-creation/sessions/c9aa91ab-c781-4ebc-af1a-4637a8c7cde2/intent
[2026-02-21T15:27:09.008Z] GET /api/task-creation/sessions/c9aa91ab-c781-4ebc-af1a-4637a8c7cde2/task-description
[2026-02-21T15:27:09.009Z] GET /api/task-creation/sessions/c9aa91ab-c781-4ebc-af1a-4637a8c7cde2/execution-plan
[2026-02-21T15:27:09.009Z] GET /api/sandbox/environment
[2026-02-21T15:27:09.010Z] GET /api/task-creation/sessions
✅ 数据库连接成功
[2026-02-21T15:27:09.329Z] GET /api/sandbox/osac/sess_35ff684915754d7c/messages
[2026-02-21T15:27:11.584Z] GET /api/task-creation/sessions
[2026-02-21T15:27:12.282Z] GET /api/sandbox/osac/sess_35ff684915754d7c/messages
[2026-02-21T15:27:16.284Z] GET /api/sandbox/osac/sess_35ff684915754d7c/messages
[2026-02-21T15:27:17.574Z] GET /api/task-creation/sessions
[2026-02-21T15:27:20.277Z] GET /api/sandbox/osac/sess_35ff684915754d7c/messages
[2026-02-21T15:27:23.571Z] GET /api/task-creation/sessions
[2026-02-21T15:27:24.286Z] GET /api/sandbox/osac/sess_35ff684915754d7c/messages
[2026-02-21T15:27:28.281Z] GET /api/sandbox/osac/sess_35ff684915754d7c/messages
[2026-02-21T15:27:29.572Z] GET /api/task-creation/sessions
[2026-02-21T15:27:32.278Z] GET /api/sandbox/osac/sess_35ff684915754d7c/messages
[2026-02-21T15:27:35.583Z] GET /api/task-creation/sessions
[2026-02-21T15:27:36.279Z] GET /api/sandbox/osac/sess_35ff684915754d7c/messages
[2026-02-21T15:27:40.288Z] GET /api/sandbox/osac/sess_35ff684915754d7c/messages
[2026-02-21T15:27:41.585Z] GET /api/task-creation/sessions
[2026-02-21T15:27:44.285Z] GET /api/sandbox/osac/sess_35ff684915754d7c/messages
[2026-02-21T15:27:47.577Z] GET /api/task-creation/sessions
[2026-02-21T15:27:48.289Z] GET /api/sandbox/osac/sess_35ff684915754d7c/messages
[2026-02-21T15:27:52.286Z] GET /api/sandbox/osac/sess_35ff684915754d7c/messages
[2026-02-21T15:27:53.578Z] GET /api/task-creation/sessions
[2026-02-21T15:27:56.279Z] GET /api/sandbox/osac/sess_35ff684915754d7c/messages
[2026-02-21T15:27:59.573Z] GET /api/task-creation/sessions
[2026-02-21T15:28:00.288Z] GET /api/sandbox/osac/sess_35ff684915754d7c/messages
[2026-02-21T15:28:04.278Z] GET /api/sandbox/osac/sess_35ff684915754d7c/messages
[2026-02-21T15:28:05.571Z] GET /api/task-creation/sessions
[2026-02-21T15:28:08.279Z] GET /api/sandbox/osac/sess_35ff684915754d7c/messages
[2026-02-21T15:28:09.013Z] GET /api/task-creation/sessions/c9aa91ab-c781-4ebc-af1a-4637a8c7cde2
[2026-02-21T15:28:09.014Z] GET /api/task-creation/sessions/c9aa91ab-c781-4ebc-af1a-4637a8c7cde2/intent
[2026-02-21T15:28:09.017Z] GET /api/task-creation/sessions/c9aa91ab-c781-4ebc-af1a-4637a8c7cde2/task-description
[2026-02-21T15:28:09.018Z] GET /api/task-creation/sessions/c9aa91ab-c781-4ebc-af1a-4637a8c7cde2/execution-plan
[2026-02-21T15:28:09.018Z] GET /api/task-creation/sessions/c9aa91ab-c781-4ebc-af1a-4637a8c7cde2/messages
[2026-02-21T15:28:09.018Z] GET /api/sandbox/environment
[2026-02-21T15:28:09.019Z] GET /api/task-creation/sessions
✅ 数据库连接成功
[2026-02-21T15:28:09.363Z] GET /api/sandbox/osac/sess_35ff684915754d7c/messages
[2026-02-21T15:28:11.572Z] GET /api/task-creation/sessions
[2026-02-21T15:28:12.283Z] GET /api/sandbox/osac/sess_35ff684915754d7c/messages
[2026-02-21T15:28:16.287Z] GET /api/sandbox/osac/sess_35ff684915754d7c/messages
[2026-02-21T15:28:17.574Z] GET /api/task-creation/sessions
[2026-02-21T15:28:20.278Z] GET /api/sandbox/osac/sess_35ff684915754d7c/messages
[2026-02-21T15:28:23.574Z] GET /api/task-creation/sessions
[2026-02-21T15:28:24.284Z] GET /api/sandbox/osac/sess_35ff684915754d7c/messages
[2026-02-21T15:28:28.280Z] GET /api/sandbox/osac/sess_35ff684915754d7c/messages
[2026-02-21T15:28:29.571Z] GET /api/task-creation/sessions
[2026-02-21T15:28:32.285Z] GET /api/sandbox/osac/sess_35ff684915754d7c/messages
[2026-02-21T15:28:35.585Z] GET /api/task-creation/sessions
[2026-02-21T15:28:36.284Z] GET /api/sandbox/osac/sess_35ff684915754d7c/messages
[2026-02-21T15:28:40.286Z] GET /api/sandbox/osac/sess_35ff684915754d7c/messages
[2026-02-21T15:28:41.578Z] GET /api/task-creation/sessions
[2026-02-21T15:28:44.288Z] GET /api/sandbox/osac/sess_35ff684915754d7c/messages
[2026-02-21T15:28:47.573Z] GET /api/task-creation/sessions
[2026-02-21T15:28:48.286Z] GET /api/sandbox/osac/sess_35ff684915754d7c/messages
[2026-02-21T15:28:52.283Z] GET /api/sandbox/osac/sess_35ff684915754d7c/messages
[2026-02-21T15:28:53.573Z] GET /api/task-creation/sessions
[2026-02-21T15:28:56.279Z] GET /api/sandbox/osac/sess_35ff684915754d7c/messages
[2026-02-21T15:28:59.579Z] GET /api/task-creation/sessions
[2026-02-21T15:29:00.278Z] GET /api/sandbox/osac/sess_35ff684915754d7c/messages
[2026-02-21T15:29:04.290Z] GET /api/sandbox/osac/sess_35ff684915754d7c/messages
[2026-02-21T15:29:05.571Z] GET /api/task-creation/sessions
[2026-02-21T15:29:08.288Z] GET /api/sandbox/osac/sess_35ff684915754d7c/messages
[2026-02-21T15:29:09.002Z] GET /api/task-creation/sessions/c9aa91ab-c781-4ebc-af1a-4637a8c7cde2
[2026-02-21T15:29:09.003Z] GET /api/task-creation/sessions/c9aa91ab-c781-4ebc-af1a-4637a8c7cde2/messages
[2026-02-21T15:29:09.003Z] GET /api/task-creation/sessions/c9aa91ab-c781-4ebc-af1a-4637a8c7cde2/intent
[2026-02-21T15:29:09.005Z] GET /api/task-creation/sessions/c9aa91ab-c781-4ebc-af1a-4637a8c7cde2/task-description
[2026-02-21T15:29:09.006Z] GET /api/task-creation/sessions/c9aa91ab-c781-4ebc-af1a-4637a8c7cde2/execution-plan
[2026-02-21T15:29:09.006Z] GET /api/sandbox/environment
[2026-02-21T15:29:09.007Z] GET /api/task-creation/sessions
✅ 数据库连接成功
[2026-02-21T15:29:09.336Z] GET /api/sandbox/osac/sess_35ff684915754d7c/messages
[2026-02-21T15:29:11.577Z] GET /api/task-creation/sessions
[2026-02-21T15:29:12.279Z] GET /api/sandbox/osac/sess_35ff684915754d7c/messages
[2026-02-21T15:29:16.282Z] GET /api/sandbox/osac/sess_35ff684915754d7c/messages
[2026-02-21T15:29:17.571Z] GET /api/task-creation/sessions
[2026-02-21T15:29:20.289Z] GET /api/sandbox/osac/sess_35ff684915754d7c/messages
[2026-02-21T15:29:23.577Z] GET /api/task-creation/sessions
[2026-02-21T15:29:24.279Z] GET /api/sandbox/osac/sess_35ff684915754d7c/messages
[2026-02-21T15:29:28.278Z] GET /api/sandbox/osac/sess_35ff684915754d7c/messages
[2026-02-21T15:29:29.584Z] GET /api/task-creation/sessions
[2026-02-21T15:29:32.291Z] GET /api/sandbox/osac/sess_35ff684915754d7c/messages
[2026-02-21T15:29:35.577Z] GET /api/task-creation/sessions
[2026-02-21T15:29:36.277Z] GET /api/sandbox/osac/sess_35ff684915754d7c/messages
[2026-02-21T15:29:40.278Z] GET /api/sandbox/osac/sess_35ff684915754d7c/messages
[2026-02-21T15:29:41.584Z] GET /api/task-creation/sessions
[2026-02-21T15:29:44.289Z] GET /api/sandbox/osac/sess_35ff684915754d7c/messages
[2026-02-21T15:29:47.586Z] GET /api/task-creation/sessions
[2026-02-21T15:29:48.288Z] GET /api/sandbox/osac/sess_35ff684915754d7c/messages
[2026-02-21T15:29:52.286Z] GET /api/sandbox/osac/sess_35ff684915754d7c/messages
[2026-02-21T15:29:53.571Z] GET /api/task-creation/sessions
[2026-02-21T15:29:56.277Z] GET /api/sandbox/osac/sess_35ff684915754d7c/messages
[2026-02-21T15:29:59.579Z] GET /api/task-creation/sessions
[2026-02-21T15:30:00.279Z] GET /api/sandbox/osac/sess_35ff684915754d7c/messages
[2026-02-21T15:30:04.279Z] GET /api/sandbox/osac/sess_35ff684915754d7c/messages
[2026-02-21T15:30:05.573Z] GET /api/task-creation/sessions
[2026-02-21T15:30:08.288Z] GET /api/sandbox/osac/sess_35ff684915754d7c/messages
[2026-02-21T15:30:09.018Z] GET /api/task-creation/sessions/c9aa91ab-c781-4ebc-af1a-4637a8c7cde2
[2026-02-21T15:30:09.018Z] GET /api/task-creation/sessions/c9aa91ab-c781-4ebc-af1a-4637a8c7cde2/intent
[2026-02-21T15:30:09.021Z] GET /api/task-creation/sessions/c9aa91ab-c781-4ebc-af1a-4637a8c7cde2/messages
[2026-02-21T15:30:09.021Z] GET /api/task-creation/sessions/c9aa91ab-c781-4ebc-af1a-4637a8c7cde2/task-description
[2026-02-21T15:30:09.022Z] GET /api/task-creation/sessions/c9aa91ab-c781-4ebc-af1a-4637a8c7cde2/execution-plan
[2026-02-21T15:30:09.022Z] GET /api/sandbox/environment
[2026-02-21T15:30:09.023Z] GET /api/task-creation/sessions
✅ 数据库连接成功
[2026-02-21T15:30:09.280Z] GET /api/sandbox/osac/sess_35ff684915754d7c/messages
[2026-02-21T15:30:11.576Z] GET /api/task-creation/sessions
[2026-02-21T15:30:12.276Z] GET /api/sandbox/osac/sess_35ff684915754d7c/messages
[2026-02-21T15:30:16.284Z] GET /api/sandbox/osac/sess_35ff684915754d7c/messages
[2026-02-21T15:30:17.579Z] GET /api/task-creation/sessions
[2026-02-21T15:30:20.282Z] GET /api/sandbox/osac/sess_35ff684915754d7c/messages
[2026-02-21T15:30:23.577Z] GET /api/task-creation/sessions
[2026-02-21T15:30:24.291Z] GET /api/sandbox/osac/sess_35ff684915754d7c/messages
[2026-02-21T15:30:28.281Z] GET /api/sandbox/osac/sess_35ff684915754d7c/messages
[2026-02-21T15:30:29.584Z] GET /api/task-creation/sessions
[2026-02-21T15:30:32.278Z] GET /api/sandbox/osac/sess_35ff684915754d7c/messages
[2026-02-21T15:30:35.572Z] GET /api/task-creation/sessions
[2026-02-21T15:30:36.286Z] GET /api/sandbox/osac/sess_35ff684915754d7c/messages
[2026-02-21T15:30:40.276Z] GET /api/sandbox/osac/sess_35ff684915754d7c/messages
[2026-02-21T15:30:41.572Z] GET /api/task-creation/sessions
[2026-02-21T15:30:44.284Z] GET /api/sandbox/osac/sess_35ff684915754d7c/messages
[2026-02-21T15:30:47.581Z] GET /api/task-creation/sessions
[2026-02-21T15:30:48.283Z] GET /api/sandbox/osac/sess_35ff684915754d7c/messages
[2026-02-21T15:30:52.290Z] GET /api/sandbox/osac/sess_35ff684915754d7c/messages
[2026-02-21T15:30:53.584Z] GET /api/task-creation/sessions
[2026-02-21T15:30:56.289Z] GET /api/sandbox/osac/sess_35ff684915754d7c/messages
[2026-02-21T15:30:59.585Z] GET /api/task-creation/sessions
[2026-02-21T15:31:00.281Z] GET /api/sandbox/osac/sess_35ff684915754d7c/messages
[2026-02-21T15:31:04.289Z] GET /api/sandbox/osac/sess_35ff684915754d7c/messages
[2026-02-21T15:31:05.581Z] GET /api/task-creation/sessions
[2026-02-21T15:31:08.278Z] GET /api/sandbox/osac/sess_35ff684915754d7c/messages
[2026-02-21T15:31:09.012Z] GET /api/task-creation/sessions/c9aa91ab-c781-4ebc-af1a-4637a8c7cde2
[2026-02-21T15:31:09.013Z] GET /api/task-creation/sessions/c9aa91ab-c781-4ebc-af1a-4637a8c7cde2/intent
[2026-02-21T15:31:09.016Z] GET /api/task-creation/sessions/c9aa91ab-c781-4ebc-af1a-4637a8c7cde2/messages
[2026-02-21T15:31:09.016Z] GET /api/task-creation/sessions/c9aa91ab-c781-4ebc-af1a-4637a8c7cde2/task-description
[2026-02-21T15:31:09.016Z] GET /api/sandbox/environment
[2026-02-21T15:31:09.017Z] GET /api/task-creation/sessions/c9aa91ab-c781-4ebc-af1a-4637a8c7cde2/execution-plan
[2026-02-21T15:31:09.017Z] GET /api/task-creation/sessions
✅ 数据库连接成功
[2026-02-21T15:31:09.319Z] GET /api/sandbox/osac/sess_35ff684915754d7c/messages
[2026-02-21T15:31:11.577Z] GET /api/task-creation/sessions
[2026-02-21T15:31:12.288Z] GET /api/sandbox/osac/sess_35ff684915754d7c/messages
[2026-02-21T15:31:16.286Z] GET /api/sandbox/osac/sess_35ff684915754d7c/messages
[2026-02-21T15:31:17.571Z] GET /api/task-creation/sessions
[2026-02-21T15:31:20.277Z] GET /api/sandbox/osac/sess_35ff684915754d7c/messages
[2026-02-21T15:31:23.579Z] GET /api/task-creation/sessions
[2026-02-21T15:31:24.288Z] GET /api/sandbox/osac/sess_35ff684915754d7c/messages
[2026-02-21T15:31:28.282Z] GET /api/sandbox/osac/sess_35ff684915754d7c/messages
[2026-02-21T15:31:29.571Z] GET /api/task-creation/sessions
[2026-02-21T15:31:32.285Z] GET /api/sandbox/osac/sess_35ff684915754d7c/messages
[2026-02-21T15:31:35.575Z] GET /api/task-creation/sessions
[2026-02-21T15:31:36.287Z] GET /api/sandbox/osac/sess_35ff684915754d7c/messages
[2026-02-21T15:31:40.284Z] GET /api/sandbox/osac/sess_35ff684915754d7c/messages
[2026-02-21T15:31:41.579Z] GET /api/task-creation/sessions
[2026-02-21T15:31:44.280Z] GET /api/sandbox/osac/sess_35ff684915754d7c/messages
[2026-02-21T15:31:47.582Z] GET /api/task-creation/sessions
[2026-02-21T15:31:48.284Z] GET /api/sandbox/osac/sess_35ff684915754d7c/messages
[2026-02-21T15:31:52.287Z] GET /api/sandbox/osac/sess_35ff684915754d7c/messages
[2026-02-21T15:31:53.577Z] GET /api/task-creation/sessions
[2026-02-21T15:31:56.282Z] GET /api/sandbox/osac/sess_35ff684915754d7c/messages
[2026-02-21T15:31:59.581Z] GET /api/task-creation/sessions
[2026-02-21T15:32:00.282Z] GET /api/sandbox/osac/sess_35ff684915754d7c/messages
[2026-02-21T15:32:04.286Z] GET /api/sandbox/osac/sess_35ff684915754d7c/messages
[2026-02-21T15:32:05.577Z] GET /api/task-creation/sessions
[2026-02-21T15:32:08.282Z] GET /api/sandbox/osac/sess_35ff684915754d7c/messages
[2026-02-21T15:32:09.015Z] GET /api/task-creation/sessions/c9aa91ab-c781-4ebc-af1a-4637a8c7cde2
[2026-02-21T15:32:09.016Z] GET /api/task-creation/sessions/c9aa91ab-c781-4ebc-af1a-4637a8c7cde2/messages
[2026-02-21T15:32:09.016Z] GET /api/task-creation/sessions/c9aa91ab-c781-4ebc-af1a-4637a8c7cde2/intent
[2026-02-21T15:32:09.019Z] GET /api/task-creation/sessions/c9aa91ab-c781-4ebc-af1a-4637a8c7cde2/task-description
[2026-02-21T15:32:09.020Z] GET /api/sandbox/environment
[2026-02-21T15:32:09.020Z] GET /api/task-creation/sessions/c9aa91ab-c781-4ebc-af1a-4637a8c7cde2/execution-plan
[2026-02-21T15:32:09.020Z] GET /api/task-creation/sessions
✅ 数据库连接成功
[2026-02-21T15:32:09.315Z] GET /api/sandbox/osac/sess_35ff684915754d7c/messages
[2026-02-21T15:32:11.580Z] GET /api/task-creation/sessions
[2026-02-21T15:32:12.277Z] GET /api/sandbox/osac/sess_35ff684915754d7c/messages
[2026-02-21T15:32:16.289Z] GET /api/sandbox/osac/sess_35ff684915754d7c/messages
[2026-02-21T15:32:17.575Z] GET /api/task-creation/sessions
[2026-02-21T15:32:20.282Z] GET /api/sandbox/osac/sess_35ff684915754d7c/messages
[2026-02-21T15:32:23.575Z] GET /api/task-creation/sessions
[2026-02-21T15:32:24.289Z] GET /api/sandbox/osac/sess_35ff684915754d7c/messages
[2026-02-21T15:32:28.278Z] GET /api/sandbox/osac/sess_35ff684915754d7c/messages
[2026-02-21T15:32:29.584Z] GET /api/task-creation/sessions
[2026-02-21T15:32:32.286Z] GET /api/sandbox/osac/sess_35ff684915754d7c/messages
[2026-02-21T15:32:35.586Z] GET /api/task-creation/sessions
[2026-02-21T15:32:36.286Z] GET /api/sandbox/osac/sess_35ff684915754d7c/messages
[2026-02-21T15:32:40.280Z] GET /api/sandbox/osac/sess_35ff684915754d7c/messages
[2026-02-21T15:32:41.575Z] GET /api/task-creation/sessions
[2026-02-21T15:32:44.278Z] GET /api/sandbox/osac/sess_35ff684915754d7c/messages
[2026-02-21T15:32:47.573Z] GET /api/task-creation/sessions
[2026-02-21T15:32:48.285Z] GET /api/sandbox/osac/sess_35ff684915754d7c/messages
[2026-02-21T15:32:52.284Z] GET /api/sandbox/osac/sess_35ff684915754d7c/messages
[2026-02-21T15:32:53.577Z] GET /api/task-creation/sessions
[2026-02-21T15:32:56.286Z] GET /api/sandbox/osac/sess_35ff684915754d7c/messages
[2026-02-21T15:32:59.583Z] GET /api/task-creation/sessions
[2026-02-21T15:33:00.283Z] GET /api/sandbox/osac/sess_35ff684915754d7c/messages
[2026-02-21T15:33:04.279Z] GET /api/sandbox/osac/sess_35ff684915754d7c/messages
[2026-02-21T15:33:05.574Z] GET /api/task-creation/sessions
[2026-02-21T15:33:08.278Z] GET /api/sandbox/osac/sess_35ff684915754d7c/messages
[2026-02-21T15:33:09.008Z] GET /api/task-creation/sessions/c9aa91ab-c781-4ebc-af1a-4637a8c7cde2
[2026-02-21T15:33:09.009Z] GET /api/task-creation/sessions/c9aa91ab-c781-4ebc-af1a-4637a8c7cde2/intent
[2026-02-21T15:33:09.011Z] GET /api/task-creation/sessions/c9aa91ab-c781-4ebc-af1a-4637a8c7cde2/messages
[2026-02-21T15:33:09.012Z] GET /api/task-creation/sessions/c9aa91ab-c781-4ebc-af1a-4637a8c7cde2/task-description
[2026-02-21T15:33:09.012Z] GET /api/task-creation/sessions/c9aa91ab-c781-4ebc-af1a-4637a8c7cde2/execution-plan
[2026-02-21T15:33:09.013Z] GET /api/sandbox/environment
[2026-02-21T15:33:09.013Z] GET /api/task-creation/sessions
✅ 数据库连接成功
[2026-02-21T15:33:09.311Z] GET /api/sandbox/osac/sess_35ff684915754d7c/messages
[2026-02-21T15:33:11.577Z] GET /api/task-creation/sessions
[2026-02-21T15:33:12.280Z] GET /api/sandbox/osac/sess_35ff684915754d7c/messages
[2026-02-21T15:33:16.277Z] GET /api/sandbox/osac/sess_35ff684915754d7c/messages
[2026-02-21T15:33:17.576Z] GET /api/task-creation/sessions
[2026-02-21T15:33:21.000Z] GET /api/sandbox/osac/sess_35ff684915754d7c/messages
[2026-02-21T15:33:23.998Z] GET /api/task-creation/sessions
[2026-02-21T15:33:24.998Z] GET /api/sandbox/osac/sess_35ff684915754d7c/messages
[2026-02-21T15:33:29.003Z] GET /api/sandbox/osac/sess_35ff684915754d7c/messages
[2026-02-21T15:33:30.007Z] GET /api/task-creation/sessions
[2026-02-21T15:33:33.001Z] GET /api/sandbox/osac/sess_35ff684915754d7c/messages
[2026-02-21T15:33:36.009Z] GET /api/task-creation/sessions
[2026-02-21T15:33:37.006Z] GET /api/sandbox/osac/sess_35ff684915754d7c/messages
[2026-02-21T15:33:40.999Z] GET /api/sandbox/osac/sess_35ff684915754d7c/messages
[2026-02-21T15:33:41.999Z] GET /api/task-creation/sessions
[2026-02-21T15:33:45.007Z] GET /api/sandbox/osac/sess_35ff684915754d7c/messages
[2026-02-21T15:33:48.007Z] GET /api/task-creation/sessions
[2026-02-21T15:33:49.009Z] GET /api/sandbox/osac/sess_35ff684915754d7c/messages
[2026-02-21T15:33:53.005Z] GET /api/sandbox/osac/sess_35ff684915754d7c/messages
[2026-02-21T15:33:54.002Z] GET /api/task-creation/sessions
[2026-02-21T15:33:57.008Z] GET /api/sandbox/osac/sess_35ff684915754d7c/messages
[2026-02-21T15:34:00.007Z] GET /api/task-creation/sessions
[2026-02-21T15:34:01.010Z] GET /api/sandbox/osac/sess_35ff684915754d7c/messages
[2026-02-21T15:34:04.999Z] GET /api/sandbox/osac/sess_35ff684915754d7c/messages
[2026-02-21T15:34:05.997Z] GET /api/task-creation/sessions
[2026-02-21T15:34:09.006Z] GET /api/sandbox/osac/sess_35ff684915754d7c/messages
[2026-02-21T15:34:09.009Z] GET /api/task-creation/sessions/c9aa91ab-c781-4ebc-af1a-4637a8c7cde2
[2026-02-21T15:34:09.010Z] GET /api/task-creation/sessions/c9aa91ab-c781-4ebc-af1a-4637a8c7cde2/messages
[2026-02-21T15:34:09.010Z] GET /api/task-creation/sessions/c9aa91ab-c781-4ebc-af1a-4637a8c7cde2/intent
[2026-02-21T15:34:09.012Z] GET /api/task-creation/sessions/c9aa91ab-c781-4ebc-af1a-4637a8c7cde2/task-description
[2026-02-21T15:34:09.013Z] GET /api/sandbox/environment
[2026-02-21T15:34:09.014Z] GET /api/task-creation/sessions/c9aa91ab-c781-4ebc-af1a-4637a8c7cde2/execution-plan
[2026-02-21T15:34:09.014Z] GET /api/task-creation/sessions
✅ 数据库连接成功
[2026-02-21T15:34:09.387Z] GET /api/sandbox/osac/sess_35ff684915754d7c/messages
[2026-02-21T15:34:12.003Z] GET /api/task-creation/sessions
[2026-02-21T15:34:13.004Z] GET /api/sandbox/osac/sess_35ff684915754d7c/messages
[2026-02-21T15:34:17.007Z] GET /api/sandbox/osac/sess_35ff684915754d7c/messages
[2026-02-21T15:34:18.005Z] GET /api/task-creation/sessions
[2026-02-21T15:35:09.003Z] GET /api/sandbox/osac/sess_35ff684915754d7c/messages
[2026-02-21T15:35:09.004Z] GET /api/task-creation/sessions
[2026-02-21T15:35:09.009Z] GET /api/task-creation/sessions/c9aa91ab-c781-4ebc-af1a-4637a8c7cde2
[2026-02-21T15:35:09.010Z] GET /api/task-creation/sessions/c9aa91ab-c781-4ebc-af1a-4637a8c7cde2/messages
[2026-02-21T15:35:09.010Z] GET /api/task-creation/sessions/c9aa91ab-c781-4ebc-af1a-4637a8c7cde2/intent
[2026-02-21T15:35:09.011Z] GET /api/task-creation/sessions/c9aa91ab-c781-4ebc-af1a-4637a8c7cde2/task-description
[2026-02-21T15:35:09.013Z] GET /api/task-creation/sessions/c9aa91ab-c781-4ebc-af1a-4637a8c7cde2/execution-plan
[2026-02-21T15:35:09.014Z] GET /api/sandbox/environment
[2026-02-21T15:35:09.015Z] GET /api/task-creation/sessions
✅ 数据库连接成功
[2026-02-21T15:35:09.372Z] GET /api/sandbox/osac/sess_35ff684915754d7c/messages
[2026-02-21T15:36:09.010Z] GET /api/task-creation/sessions
[2026-02-21T15:36:09.011Z] GET /api/sandbox/osac/sess_35ff684915754d7c/messages
[2026-02-21T15:36:09.014Z] GET /api/task-creation/sessions
[2026-02-21T15:36:09.015Z] GET /api/task-creation/sessions/c9aa91ab-c781-4ebc-af1a-4637a8c7cde2
[2026-02-21T15:36:09.015Z] GET /api/task-creation/sessions/c9aa91ab-c781-4ebc-af1a-4637a8c7cde2/messages
[2026-02-21T15:36:09.015Z] GET /api/task-creation/sessions/c9aa91ab-c781-4ebc-af1a-4637a8c7cde2/intent
[2026-02-21T15:36:09.016Z] GET /api/task-creation/sessions/c9aa91ab-c781-4ebc-af1a-4637a8c7cde2/task-description
[2026-02-21T15:36:09.017Z] GET /api/task-creation/sessions/c9aa91ab-c781-4ebc-af1a-4637a8c7cde2/execution-plan
[2026-02-21T15:36:09.017Z] GET /api/sandbox/environment
✅ 数据库连接成功
[2026-02-21T15:36:09.282Z] GET /api/sandbox/osac/sess_35ff684915754d7c/messages
[2026-02-21T15:37:09.000Z] GET /api/task-creation/sessions
[2026-02-21T15:37:09.001Z] GET /api/sandbox/osac/sess_35ff684915754d7c/messages
[2026-02-21T15:37:09.003Z] GET /api/task-creation/sessions/c9aa91ab-c781-4ebc-af1a-4637a8c7cde2
[2026-02-21T15:37:09.003Z] GET /api/task-creation/sessions/c9aa91ab-c781-4ebc-af1a-4637a8c7cde2/intent
[2026-02-21T15:37:09.004Z] GET /api/task-creation/sessions/c9aa91ab-c781-4ebc-af1a-4637a8c7cde2/messages
[2026-02-21T15:37:09.005Z] GET /api/task-creation/sessions/c9aa91ab-c781-4ebc-af1a-4637a8c7cde2/task-description
[2026-02-21T15:37:09.006Z] GET /api/sandbox/environment
[2026-02-21T15:37:09.006Z] GET /api/task-creation/sessions/c9aa91ab-c781-4ebc-af1a-4637a8c7cde2/execution-plan
[2026-02-21T15:37:09.007Z] GET /api/task-creation/sessions
✅ 数据库连接成功
[2026-02-21T15:37:09.278Z] GET /api/sandbox/osac/sess_35ff684915754d7c/messages
[2026-02-21T15:38:09.013Z] GET /api/task-creation/sessions
[2026-02-21T15:38:09.014Z] GET /api/sandbox/osac/sess_35ff684915754d7c/messages
[2026-02-21T15:38:09.017Z] GET /api/sandbox/environment
[2026-02-21T15:38:09.018Z] GET /api/task-creation/sessions/c9aa91ab-c781-4ebc-af1a-4637a8c7cde2
[2026-02-21T15:38:09.018Z] GET /api/task-creation/sessions/c9aa91ab-c781-4ebc-af1a-4637a8c7cde2/messages
[2026-02-21T15:38:09.018Z] GET /api/task-creation/sessions/c9aa91ab-c781-4ebc-af1a-4637a8c7cde2/intent
[2026-02-21T15:38:09.019Z] GET /api/task-creation/sessions/c9aa91ab-c781-4ebc-af1a-4637a8c7cde2/task-description
[2026-02-21T15:38:09.019Z] GET /api/task-creation/sessions/c9aa91ab-c781-4ebc-af1a-4637a8c7cde2/execution-plan
[2026-02-21T15:38:09.020Z] GET /api/task-creation/sessions
✅ 数据库连接成功
[2026-02-21T15:38:09.342Z] GET /api/sandbox/osac/sess_35ff684915754d7c/messages
[2026-02-21T15:39:09.010Z] GET /api/task-creation/sessions
[2026-02-21T15:39:09.011Z] GET /api/sandbox/osac/sess_35ff684915754d7c/messages
[2026-02-21T15:39:09.013Z] GET /api/task-creation/sessions/c9aa91ab-c781-4ebc-af1a-4637a8c7cde2
[2026-02-21T15:39:09.013Z] GET /api/task-creation/sessions/c9aa91ab-c781-4ebc-af1a-4637a8c7cde2/messages
[2026-02-21T15:39:09.013Z] GET /api/task-creation/sessions/c9aa91ab-c781-4ebc-af1a-4637a8c7cde2/task-description
[2026-02-21T15:39:09.014Z] GET /api/task-creation/sessions/c9aa91ab-c781-4ebc-af1a-4637a8c7cde2/intent
[2026-02-21T15:39:09.015Z] GET /api/task-creation/sessions
[2026-02-21T15:39:09.016Z] GET /api/task-creation/sessions/c9aa91ab-c781-4ebc-af1a-4637a8c7cde2/execution-plan
[2026-02-21T15:39:09.016Z] GET /api/sandbox/environment
✅ 数据库连接成功
[2026-02-21T15:39:09.341Z] GET /api/sandbox/osac/sess_35ff684915754d7c/messages
[2026-02-21T15:40:09.003Z] GET /api/task-creation/sessions
[2026-02-21T15:40:09.004Z] GET /api/sandbox/osac/sess_35ff684915754d7c/messages
[2026-02-21T15:40:09.006Z] GET /api/task-creation/sessions/c9aa91ab-c781-4ebc-af1a-4637a8c7cde2
[2026-02-21T15:40:09.006Z] GET /api/task-creation/sessions/c9aa91ab-c781-4ebc-af1a-4637a8c7cde2/intent
[2026-02-21T15:40:09.007Z] GET /api/task-creation/sessions/c9aa91ab-c781-4ebc-af1a-4637a8c7cde2/messages
[2026-02-21T15:40:09.007Z] GET /api/task-creation/sessions/c9aa91ab-c781-4ebc-af1a-4637a8c7cde2/task-description
[2026-02-21T15:40:09.008Z] GET /api/task-creation/sessions/c9aa91ab-c781-4ebc-af1a-4637a8c7cde2/execution-plan
[2026-02-21T15:40:09.008Z] GET /api/sandbox/environment
[2026-02-21T15:40:09.009Z] GET /api/task-creation/sessions
✅ 数据库连接成功
[2026-02-21T15:40:09.329Z] GET /api/sandbox/osac/sess_35ff684915754d7c/messages
[2026-02-21T15:41:09.011Z] GET /api/task-creation/sessions
[2026-02-21T15:41:09.012Z] GET /api/sandbox/osac/sess_35ff684915754d7c/messages
[2026-02-21T15:41:09.016Z] GET /api/task-creation/sessions/c9aa91ab-c781-4ebc-af1a-4637a8c7cde2/execution-plan
[2026-02-21T15:41:09.017Z] GET /api/task-creation/sessions/c9aa91ab-c781-4ebc-af1a-4637a8c7cde2
[2026-02-21T15:41:09.017Z] GET /api/task-creation/sessions/c9aa91ab-c781-4ebc-af1a-4637a8c7cde2/intent
[2026-02-21T15:41:09.018Z] GET /api/task-creation/sessions/c9aa91ab-c781-4ebc-af1a-4637a8c7cde2/messages
[2026-02-21T15:41:09.019Z] GET /api/task-creation/sessions/c9aa91ab-c781-4ebc-af1a-4637a8c7cde2/task-description
[2026-02-21T15:41:09.020Z] GET /api/sandbox/environment
[2026-02-21T15:41:09.021Z] GET /api/task-creation/sessions
✅ 数据库连接成功
[2026-02-21T15:41:09.352Z] GET /api/sandbox/osac/sess_35ff684915754d7c/messages
[2026-02-21T15:42:09.010Z] GET /api/task-creation/sessions
[2026-02-21T15:42:09.011Z] GET /api/sandbox/osac/sess_35ff684915754d7c/messages
[2026-02-21T15:42:09.013Z] GET /api/sandbox/environment
[2026-02-21T15:42:09.014Z] GET /api/task-creation/sessions/c9aa91ab-c781-4ebc-af1a-4637a8c7cde2
[2026-02-21T15:42:09.014Z] GET /api/task-creation/sessions/c9aa91ab-c781-4ebc-af1a-4637a8c7cde2/messages
[2026-02-21T15:42:09.014Z] GET /api/task-creation/sessions/c9aa91ab-c781-4ebc-af1a-4637a8c7cde2/intent
[2026-02-21T15:42:09.015Z] GET /api/task-creation/sessions/c9aa91ab-c781-4ebc-af1a-4637a8c7cde2/execution-plan
[2026-02-21T15:42:09.016Z] GET /api/task-creation/sessions/c9aa91ab-c781-4ebc-af1a-4637a8c7cde2/task-description
[2026-02-21T15:42:09.017Z] GET /api/task-creation/sessions
✅ 数据库连接成功
[2026-02-21T15:42:09.365Z] GET /api/sandbox/osac/sess_35ff684915754d7c/messages
[2026-02-21T15:43:09.008Z] GET /api/task-creation/sessions
[2026-02-21T15:43:09.009Z] GET /api/sandbox/osac/sess_35ff684915754d7c/messages
[2026-02-21T15:43:09.011Z] GET /api/task-creation/sessions/c9aa91ab-c781-4ebc-af1a-4637a8c7cde2
[2026-02-21T15:43:09.011Z] GET /api/task-creation/sessions/c9aa91ab-c781-4ebc-af1a-4637a8c7cde2/intent
[2026-02-21T15:43:09.013Z] GET /api/task-creation/sessions/c9aa91ab-c781-4ebc-af1a-4637a8c7cde2/messages
[2026-02-21T15:43:09.013Z] GET /api/task-creation/sessions/c9aa91ab-c781-4ebc-af1a-4637a8c7cde2/task-description
[2026-02-21T15:43:09.014Z] GET /api/task-creation/sessions/c9aa91ab-c781-4ebc-af1a-4637a8c7cde2/execution-plan
[2026-02-21T15:43:09.014Z] GET /api/sandbox/environment
[2026-02-21T15:43:09.015Z] GET /api/task-creation/sessions
✅ 数据库连接成功
[2026-02-21T15:43:09.405Z] GET /api/sandbox/osac/sess_35ff684915754d7c/messages
[2026-02-21T15:44:09.012Z] GET /api/task-creation/sessions
[2026-02-21T15:44:09.012Z] GET /api/sandbox/osac/sess_35ff684915754d7c/messages
[2026-02-21T15:44:09.014Z] GET /api/task-creation/sessions/c9aa91ab-c781-4ebc-af1a-4637a8c7cde2
[2026-02-21T15:44:09.014Z] GET /api/task-creation/sessions/c9aa91ab-c781-4ebc-af1a-4637a8c7cde2/intent
[2026-02-21T15:44:09.015Z] GET /api/task-creation/sessions/c9aa91ab-c781-4ebc-af1a-4637a8c7cde2/task-description
[2026-02-21T15:44:09.017Z] GET /api/task-creation/sessions/c9aa91ab-c781-4ebc-af1a-4637a8c7cde2/messages
[2026-02-21T15:44:09.017Z] GET /api/task-creation/sessions/c9aa91ab-c781-4ebc-af1a-4637a8c7cde2/execution-plan
[2026-02-21T15:44:09.017Z] GET /api/sandbox/environment
[2026-02-21T15:44:09.018Z] GET /api/task-creation/sessions
✅ 数据库连接成功
[2026-02-21T15:44:09.402Z] GET /api/sandbox/osac/sess_35ff684915754d7c/messages
[WebSocket] 客户端连接: client_1771688653023_tgt3gpwtz
[WebSocket] 发送消息 to client_1771688653023_tgt3gpwtz: agent_message
[2026-02-21T15:44:13.025Z] GET /api/sandbox/osac/sess_35ff684915754d7c/messages
[2026-02-21T15:44:13.080Z] GET /api/task-creation/sessions/c9aa91ab-c781-4ebc-af1a-4637a8c7cde2/messages
[2026-02-21T15:44:18.010Z] GET /api/sandbox/osac/sess_35ff684915754d7c/messages
[2026-02-21T15:44:22.002Z] GET /api/sandbox/osac/sess_35ff684915754d7c/messages
[2026-02-21T15:44:26.005Z] GET /api/sandbox/osac/sess_35ff684915754d7c/messages
[2026-02-21T15:44:30.007Z] GET /api/sandbox/osac/sess_35ff684915754d7c/messages
[2026-02-21T15:44:34.012Z] GET /api/sandbox/osac/sess_35ff684915754d7c/messages
[WebSocket] 客户端断开: client_1771688653023_tgt3gpwtz
[2026-02-21T15:45:59.026Z] GET /api/task-creation/sessions
[WebSocket] 客户端连接: client_1771688759027_bvbex4tc5
[WebSocket] 发送消息 to client_1771688759027_bvbex4tc5: agent_message
[2026-02-21T15:45:59.058Z] GET /api/task-creation/sessions/c9aa91ab-c781-4ebc-af1a-4637a8c7cde2/messages
[2026-02-21T15:45:59.120Z] GET /api/sandbox/osac/sess_35ff684915754d7c/messages
[2026-02-21T15:46:04.004Z] GET /api/sandbox/osac/sess_35ff684915754d7c/messages
[2026-02-21T15:46:06.001Z] GET /api/task-creation/sessions
[2026-02-21T15:46:08.008Z] GET /api/sandbox/osac/sess_35ff684915754d7c/messages
[2026-02-21T15:46:12.001Z] GET /api/sandbox/osac/sess_35ff684915754d7c/messages
[2026-02-21T15:46:12.002Z] GET /api/task-creation/sessions
[WebSocket] 客户端断开: client_1771688759027_bvbex4tc5
[2026-02-21T15:46:13.014Z] GET /api/sandbox/osac/sess_35ff684915754d7c/messages
[2026-02-21T15:46:13.014Z] GET /api/task-creation/sessions/c9aa91ab-c781-4ebc-af1a-4637a8c7cde2/messages
[WebSocket] 客户端连接: client_1771688773015_rgn96qhtd
[WebSocket] 发送消息 to client_1771688773015_rgn96qhtd: agent_message
[2026-02-21T15:46:13.034Z] GET /api/task-creation/sessions/c9aa91ab-c781-4ebc-af1a-4637a8c7cde2/messages
[2026-02-21T15:46:17.999Z] GET /api/sandbox/osac/sess_35ff684915754d7c/messages
[2026-02-21T15:46:18.000Z] GET /api/task-creation/sessions
[2026-02-21T15:46:22.009Z] GET /api/sandbox/osac/sess_35ff684915754d7c/messages
[2026-02-21T15:46:24.002Z] GET /api/task-creation/sessions
[2026-02-21T15:46:26.001Z] GET /api/sandbox/osac/sess_35ff684915754d7c/messages
[2026-02-21T15:46:30.013Z] GET /api/task-creation/sessions
[2026-02-21T15:46:30.014Z] GET /api/sandbox/osac/sess_35ff684915754d7c/messages
[2026-02-21T15:46:34.000Z] GET /api/sandbox/osac/sess_35ff684915754d7c/messages
[WebSocket] 客户端断开: client_1771688773015_rgn96qhtd
[WebSocket] 客户端连接: client_1771688816014_dstrf0lcm
[WebSocket] 发送消息 to client_1771688816014_dstrf0lcm: agent_message
[2026-02-21T15:46:56.014Z] GET /api/sandbox/osac/sess_35ff684915754d7c/messages
[2026-02-21T15:46:56.015Z] GET /api/task-creation/sessions/c9aa91ab-c781-4ebc-af1a-4637a8c7cde2/messages
[2026-02-21T15:46:56.031Z] GET /api/task-creation/sessions/c9aa91ab-c781-4ebc-af1a-4637a8c7cde2/messages
[2026-02-21T15:47:01.007Z] GET /api/sandbox/osac/sess_35ff684915754d7c/messages
[2026-02-21T15:47:05.001Z] GET /api/sandbox/osac/sess_35ff684915754d7c/messages
[2026-02-21T15:47:08.999Z] GET /api/sandbox/osac/sess_35ff684915754d7c/messages
[2026-02-21T15:47:09.000Z] GET /api/task-creation/sessions
[2026-02-21T15:47:13.008Z] GET /api/sandbox/osac/sess_35ff684915754d7c/messages
[2026-02-21T15:47:17.004Z] GET /api/sandbox/osac/sess_35ff684915754d7c/messages
[WebSocket] 客户端断开: client_1771688816014_dstrf0lcm
[WebSocket] 客户端连接: client_1771688839017_q1vbbvifp
[WebSocket] 发送消息 to client_1771688839017_q1vbbvifp: agent_message
[2026-02-21T15:47:19.019Z] GET /api/sandbox/osac/sess_35ff684915754d7c/messages
[2026-02-21T15:47:19.019Z] GET /api/task-creation/sessions/c9aa91ab-c781-4ebc-af1a-4637a8c7cde2/messages
[2026-02-21T15:47:19.034Z] GET /api/task-creation/sessions/c9aa91ab-c781-4ebc-af1a-4637a8c7cde2/messages
[2026-02-21T15:47:24.012Z] GET /api/sandbox/osac/sess_35ff684915754d7c/messages
[2026-02-21T15:47:28.009Z] GET /api/sandbox/osac/sess_35ff684915754d7c/messages
[2026-02-21T15:47:32.013Z] GET /api/sandbox/osac/sess_35ff684915754d7c/messages
[WebSocket] 客户端断开: client_1771688839017_q1vbbvifp
[WebSocket] 客户端连接: client_1771688854010_agdkoa5dw
[WebSocket] 发送消息 to client_1771688854010_agdkoa5dw: agent_message
[2026-02-21T15:47:34.012Z] GET /api/sandbox/osac/sess_35ff684915754d7c/messages
[2026-02-21T15:47:34.013Z] GET /api/task-creation/sessions/c9aa91ab-c781-4ebc-af1a-4637a8c7cde2/messages
[2026-02-21T15:47:34.032Z] GET /api/task-creation/sessions/c9aa91ab-c781-4ebc-af1a-4637a8c7cde2/messages
[2026-02-21T15:47:39.007Z] GET /api/sandbox/osac/sess_35ff684915754d7c/messages
[2026-02-21T15:47:43.002Z] GET /api/sandbox/osac/sess_35ff684915754d7c/messages
[2026-02-21T15:47:47.009Z] GET /api/sandbox/osac/sess_35ff684915754d7c/messages
[2026-02-21T15:47:51.002Z] GET /api/sandbox/osac/sess_35ff684915754d7c/messages
[2026-02-21T15:47:55.012Z] GET /api/sandbox/osac/sess_35ff684915754d7c/messages
23:47:57 [tsx] change in ./src\services\opencode-remote-service.ts Restarting...
c[OSAC_CONNECTION_MANAGER] fixed_session_mode: disable background health check
23:48:21 [tsx] change in ./src\services\opencode-remote-service.ts Rerunning...
c[OSAC_CONNECTION_MANAGER] fixed_session_mode: disable background health check
09:40:08 [tsx] change in ./src\agents\task-creation\types\intent.ts Rerunning...
c[OSAC_CONNECTION_MANAGER] fixed_session_mode: disable background health check
09:40:19 [tsx] change in ./src\agents\task-creation\file-memory-store.ts Rerunning...
c[OSAC_CONNECTION_MANAGER] fixed_session_mode: disable background health check
09:40:53 [tsx] change in ./src\agents\task-creation\task-creation-service.ts Rerunning...
c[OSAC_CONNECTION_MANAGER] fixed_session_mode: disable background health check
09:41:11 [tsx] change in ./src\agents\task-creation\task-creation-service.ts Rerunning...
c[OSAC_CONNECTION_MANAGER] fixed_session_mode: disable background health check
09:41:36 [tsx] change in ./src\agents\task-creation\task-creation-service.ts Rerunning...
c[OSAC_CONNECTION_MANAGER] fixed_session_mode: disable background health check

🚀 oneceo.ai API Server
━━━━━━━━━━━━━━━━━━━━━━━━━━━━━━━━━━━━━━━━━━━━━
📡 API server running on http://localhost:4000
🔌 WebSocket server running on ws://localhost:4000
🔌 Task Creation WebSocket: ws://localhost:4000/ws/task-creation
🏥 Health check: http://localhost:4000/health
━━━━━━━━━━━━━━━━━━━━━━━━━━━━━━━━━━━━━━━━━━━━━
[OSAC_PERSISTENT_RECOVER_SKIP] fixed_session_mode

✅ 数据库连接成功
[2026-02-22T01:41:42.384Z] GET /api/task-creation/sessions
09:41:45 [tsx] change in ./src\agents\task-creation\task-creation-service.ts Restarting...
c[OSAC_CONNECTION_MANAGER] fixed_session_mode: disable background health check
09:41:56 [tsx] change in ./src\agents\task-creation\task-creation-service.ts Rerunning...
c[OSAC_CONNECTION_MANAGER] fixed_session_mode: disable background health check

🚀 oneceo.ai API Server
━━━━━━━━━━━━━━━━━━━━━━━━━━━━━━━━━━━━━━━━━━━━━
📡 API server running on http://localhost:4000
🔌 WebSocket server running on ws://localhost:4000
🔌 Task Creation WebSocket: ws://localhost:4000/ws/task-creation
🏥 Health check: http://localhost:4000/health
━━━━━━━━━━━━━━━━━━━━━━━━━━━━━━━━━━━━━━━━━━━━━
[OSAC_PERSISTENT_RECOVER_SKIP] fixed_session_mode

✅ 数据库连接成功
[2026-02-22T01:42:00.384Z] GET /api/task-creation/sessions
[2026-02-22T01:42:06.382Z] GET /api/task-creation/sessions
[2026-02-22T01:42:07.674Z] GET /api/task-creation/sessions/83a7d841-8636-4067-9fc4-04011b32e501/task-description
[2026-02-22T01:42:07.677Z] GET /api/task-creation/sessions/83a7d841-8636-4067-9fc4-04011b32e501
[2026-02-22T01:42:07.678Z] GET /api/task-creation/sessions/83a7d841-8636-4067-9fc4-04011b32e501/intent
[2026-02-22T01:42:07.679Z] GET /api/task-creation/sessions/83a7d841-8636-4067-9fc4-04011b32e501/messages
[2026-02-22T01:42:07.680Z] GET /api/task-creation/sessions/83a7d841-8636-4067-9fc4-04011b32e501/execution-plan
[2026-02-22T01:42:07.680Z] GET /api/sandbox/environment
[2026-02-22T01:42:07.681Z] GET /api/task-creation/sessions
[2026-02-22T01:42:12.382Z] GET /api/task-creation/sessions
[2026-02-22T01:42:18.380Z] GET /api/task-creation/sessions
[2026-02-22T01:42:24.382Z] GET /api/task-creation/sessions
[2026-02-22T01:42:30.382Z] GET /api/task-creation/sessions
[2026-02-22T01:42:36.381Z] GET /api/task-creation/sessions
[2026-02-22T01:42:42.381Z] GET /api/task-creation/sessions
[2026-02-22T01:42:48.382Z] GET /api/task-creation/sessions
[2026-02-22T01:42:54.382Z] GET /api/task-creation/sessions
[2026-02-22T01:43:00.382Z] GET /api/task-creation/sessions
[2026-02-22T01:43:06.382Z] GET /api/task-creation/sessions
[2026-02-22T01:43:07.675Z] GET /api/task-creation/sessions/83a7d841-8636-4067-9fc4-04011b32e501
[2026-02-22T01:43:07.676Z] GET /api/task-creation/sessions/83a7d841-8636-4067-9fc4-04011b32e501/messages
[2026-02-22T01:43:07.676Z] GET /api/task-creation/sessions/83a7d841-8636-4067-9fc4-04011b32e501/intent
[2026-02-22T01:43:07.679Z] GET /api/task-creation/sessions/83a7d841-8636-4067-9fc4-04011b32e501/task-description
[2026-02-22T01:43:07.680Z] GET /api/task-creation/sessions/83a7d841-8636-4067-9fc4-04011b32e501/execution-plan
[2026-02-22T01:43:07.680Z] GET /api/sandbox/environment
[2026-02-22T01:43:07.681Z] GET /api/task-creation/sessions
✅ 数据库连接成功
[2026-02-22T01:43:12.383Z] GET /api/task-creation/sessions
[2026-02-22T01:43:18.382Z] GET /api/task-creation/sessions
[2026-02-22T01:43:24.382Z] GET /api/task-creation/sessions
[2026-02-22T01:43:30.382Z] GET /api/task-creation/sessions
[2026-02-22T01:43:36.382Z] GET /api/task-creation/sessions
[2026-02-22T01:43:42.378Z] GET /api/task-creation/sessions
[2026-02-22T01:43:48.382Z] GET /api/task-creation/sessions
[2026-02-22T01:43:54.383Z] GET /api/task-creation/sessions
09:43:55 [tsx] change in ./src\services\opencode-remote-service.ts Restarting...
c[OSAC_CONNECTION_MANAGER] fixed_session_mode: disable background health check
09:44:06 [tsx] change in ./src\services\opencode-remote-service.ts Rerunning...
c[OSAC_CONNECTION_MANAGER] fixed_session_mode: disable background health check
09:44:30 [tsx] change in ./src\services\opencode-remote-service.ts Rerunning...
c[OSAC_CONNECTION_MANAGER] fixed_session_mode: disable background health check
09:44:41 [tsx] change in ./src\services\opencode-remote-service.ts Rerunning...
c[OSAC_CONNECTION_MANAGER] fixed_session_mode: disable background health check
09:45:02 [tsx] change in ./src\agents\task-creation\task-creation-service.ts Rerunning...
c[OSAC_CONNECTION_MANAGER] fixed_session_mode: disable background health check

🚀 oneceo.ai API Server
━━━━━━━━━━━━━━━━━━━━━━━━━━━━━━━━━━━━━━━━━━━━━
📡 API server running on http://localhost:4000
🔌 WebSocket server running on ws://localhost:4000
🔌 Task Creation WebSocket: ws://localhost:4000/ws/task-creation
🏥 Health check: http://localhost:4000/health
━━━━━━━━━━━━━━━━━━━━━━━━━━━━━━━━━━━━━━━━━━━━━
[OSAC_PERSISTENT_RECOVER_SKIP] fixed_session_mode

✅ 数据库连接成功
[2026-02-22T01:45:06.387Z] GET /api/task-creation/sessions
[2026-02-22T01:45:07.681Z] GET /api/task-creation/sessions/83a7d841-8636-4067-9fc4-04011b32e501
[2026-02-22T01:45:07.682Z] GET /api/task-creation/sessions/83a7d841-8636-4067-9fc4-04011b32e501/intent
[2026-02-22T01:45:07.685Z] GET /api/task-creation/sessions/83a7d841-8636-4067-9fc4-04011b32e501/messages
[2026-02-22T01:45:07.685Z] GET /api/task-creation/sessions/83a7d841-8636-4067-9fc4-04011b32e501/task-description
[2026-02-22T01:45:07.686Z] GET /api/task-creation/sessions/83a7d841-8636-4067-9fc4-04011b32e501/execution-plan
[2026-02-22T01:45:07.687Z] GET /api/sandbox/environment
[2026-02-22T01:45:07.688Z] GET /api/task-creation/sessions
[2026-02-22T01:45:12.382Z] GET /api/task-creation/sessions
[2026-02-22T01:45:18.384Z] GET /api/task-creation/sessions
[2026-02-22T01:45:24.379Z] GET /api/task-creation/sessions
09:45:30 [tsx] change in ./src\services\opencode-remote-service.ts Restarting...
c[OSAC_CONNECTION_MANAGER] fixed_session_mode: disable background health check
09:45:42 [tsx] change in ./src\services\opencode-remote-service.ts Rerunning...
c[OSAC_CONNECTION_MANAGER] fixed_session_mode: disable background health check
09:47:44 [tsx] change in ./src\agents\task-creation\task-creation-service.ts Rerunning...
c[OSAC_CONNECTION_MANAGER] fixed_session_mode: disable background health check
09:48:45 [tsx] change in ./src\agents\task-creation\websocket-service.ts Rerunning...
c[OSAC_CONNECTION_MANAGER] fixed_session_mode: disable background health check
09:49:38 [tsx] change in ./src\services\opencode-remote-service.ts Rerunning...
c[OSAC_CONNECTION_MANAGER] fixed_session_mode: disable background health check
10:12:47 [tsx] change in ./src\services\opencode-remote-service.ts Rerunning...
c[OSAC_CONNECTION_MANAGER] fixed_session_mode: disable background health check
